1,terminating,"1,0"
2,terminating,"2,1,0"
3,terminating,"3,1,0"
4,terminating,"4,3,1,0"
5,terminating,"5,1,0"
6,perfect,6
7,terminating,"7,1,0"
8,terminating,"8,7,1,0"
9,terminating,"9,4,3,1,0"
10,terminating,"10,8,7,1,0"
11,terminating,"11,1,0"
12,terminating,"12,16,15,9,4,3,1,0"
13,terminating,"13,1,0"
14,terminating,"14,10,8,7,1,0"
15,terminating,"15,9,4,3,1,0"
16,terminating,"16,15,9,4,3,1,0"
17,terminating,"17,1,0"
18,terminating,"18,21,11,1,0"
33,terminating,"33,15,9,4,3,1,0"
34,terminating,"34,20,22,14,10,8,7,1,0"
35,terminating,"35,13,1,0"
36,terminating,"36,55,17,1,0"
37,terminating,"37,1,0"
19,terminating,"19,1,0"
20,terminating,"20,22,14,10,8,7,1,0"
65,terminating,"65,19,1,0"
66,terminating,"66,78,90,144,259,45,33,15,9,4,3,1,0"
67,terminating,"67,1,0"
38,terminating,"38,22,14,10,8,7,1,0"
68,terminating,"68,58,32,31,1,0"
69,terminating,"69,27,13,1,0"
39,terminating,"39,17,1,0"
70,terminating,"70,74,40,50,43,1,0"
40,terminating,"40,50,43,1,0"
71,terminating,"71,1,0"
41,terminating,"41,1,0"
72,terminating,"72,123,45,33,15,9,4,3,1,0"
42,terminating,"42,54,66,78,90,144,259,45,33,15,9,4,3,1,0"
43,terminating,"43,1,0"
44,terminating,"44,40,50,43,1,0"
45,terminating,"45,33,15,9,4,3,1,0"
46,terminating,"46,26,16,15,9,4,3,1,0"
47,terminating,"47,1,0"
48,terminating,"48,76,64,63,41,1,0"
21,terminating,"21,11,1,0"
73,terminating,"73,1,0"
49,terminating,"49,8,7,1,0"
97,terminating,"97,1,0"
74,terminating,"74,40,50,43,1,0"
98,terminating,"98,73,1,0"
22,terminating,"22,14,10,8,7,1,0"
50,terminating,"50,43,1,0"
75,terminating,"75,49,8,7,1,0"
99,terminating,"99,57,23,1,0"
76,terminating,"76,64,63,41,1,0"
100,terminating,"100,117,65,19,1,0"
101,terminating,"101,1,0"
77,terminating,"77,19,1,0"
78,terminating,"78,90,144,259,45,33,15,9,4,3,1,0"
23,terminating,"23,1,0"
102,terminating,"102,114,126,186,198,270,450,759,393,135,105,87,33,15,9,4,3,1,0"
51,terminating,"51,21,11,1,0"
79,terminating,"79,1,0"
103,terminating,"103,1,0"
80,terminating,"80,106,56,64,63,41,1,0"
104,terminating,"104,106,56,64,63,41,1,0"
105,terminating,"105,87,33,15,9,4,3,1,0"
106,terminating,"106,56,64,63,41,1,0"
107,terminating,"107,1,0"
108,terminating,"108,172,136,134,70,74,40,50,43,1,0"
109,terminating,"109,1,0"
110,terminating,"110,106,56,64,63,41,1,0"
111,terminating,"111,41,1,0"
112,terminating,"112,136,134,70,74,40,50,43,1,0"
24,terminating,"24,36,55,17,1,0"
113,terminating,"113,1,0"
52,terminating,"52,46,26,16,15,9,4,3,1,0"
25,aspiring,"25,6"
26,terminating,"26,16,15,9,4,3,1,0"
81,terminating,"81,40,50,43,1,0"
27,terminating,"27,13,1,0"
53,terminating,"53,1,0"
114,terminating,"114,126,186,198,270,450,759,393,135,105,87,33,15,9,4,3,1,0"
82,terminating,"82,44,40,50,43,1,0"
28,perfect,28
29,terminating,"29,1,0"
54,terminating,"54,66,78,90,144,259,45,33,15,9,4,3,1,0"
115,terminating,"115,29,1,0"
129,terminating,"129,47,1,0"
130,terminating,"130,122,64,63,41,1,0"
131,terminating,"131,1,0"
83,terminating,"83,1,0"
132,terminating,"132,204,300,568,512,511,81,40,50,43,1,0"
30,terminating,"30,42,54,66,78,90,144,259,45,33,15,9,4,3,1,0"
133,terminating,"133,27,13,1,0"
134,terminating,"134,70,74,40,50,43,1,0"
135,terminating,"135,105,87,33,15,9,4,3,1,0"
136,terminating,"136,134,70,74,40,50,43,1,0"
137,terminating,"137,1,0"
55,terminating,"55,17,1,0"
116,terminating,"116,94,50,43,1,0"
84,terminating,"84,140,196,203,37,1,0"
31,terminating,"31,1,0"
56,terminating,"56,64,63,41,1,0"
117,terminating,"117,65,19,1,0"
85,terminating,"85,23,1,0"
32,terminating,"32,31,1,0"
193,terminating,"193,1,0"
161,terminating,"161,31,1,0"
194,terminating,"194,100,117,65,19,1,0"
57,terminating,"57,23,1,0"
195,terminating,"195,141,51,21,11,1,0"
162,terminating,"162,201,71,1,0"
118,terminating,"118,62,34,20,22,14,10,8,7,1,0"
86,terminating,"86,46,26,16,15,9,4,3,1,0"
196,terminating,"196,203,37,1,0"
163,terminating,"163,1,0"
197,terminating,"197,1,0"
164,terminating,"164,130,122,64,63,41,1,0"
165,terminating,"165,123,45,33,15,9,4,3,1,0"
198,terminating,"198,270,450,759,393,135,105,87,33,15,9,4,3,1,0"
166,terminating,"166,86,46,26,16,15,9,4,3,1,0"
199,terminating,"199,1,0"
167,terminating,"167,1,0"
200,terminating,"200,265,59,1,0"
201,terminating,"201,71,1,0"
202,terminating,"202,104,106,56,64,63,41,1,0"
203,terminating,"203,37,1,0"
204,terminating,"204,300,568,512,511,81,40,50,43,1,0"
205,terminating,"205,47,1,0"
206,terminating,"206,106,56,64,63,41,1,0"
58,terminating,"58,32,31,1,0"
207,terminating,"207,105,87,33,15,9,4,3,1,0"
208,terminating,"208,226,116,94,50,43,1,0"
119,aspiring,"119,25,6"
87,terminating,"87,33,15,9,4,3,1,0"
59,terminating,"59,1,0"
209,terminating,"209,31,1,0"
225,terminating,"225,178,92,76,64,63,41,1,0"
226,terminating,"226,116,94,50,43,1,0"
120,terminating,"120,240,504,1056,1968,3240,7650,14112,32571,27333,12161,1,0"
227,terminating,"227,1,0"
228,terminating,"228,332,256,255,177,63,41,1,0"
229,terminating,"229,1,0"
230,terminating,"230,202,104,106,56,64,63,41,1,0"
231,terminating,"231,153,81,40,50,43,1,0"
88,terminating,"88,92,76,64,63,41,1,0"
232,terminating,"232,218,112,136,134,70,74,40,50,43,1,0"
233,terminating,"233,1,0"
60,terminating,"60,108,172,136,134,70,74,40,50,43,1,0"
121,terminating,"121,12,16,15,9,4,3,1,0"
89,terminating,"89,1,0"
122,terminating,"122,64,63,41,1,0"
210,terminating,"210,366,378,582,594,846,1026,1374,1386,2358,2790,4698,6192,11540,12736,12664,11096,11104,10820,11944,10466,5236,6860,9940,14252,14308,15218,10894,6746,3376,3196,2852,2524,1900,2440,3140,3496,3704,3256,3584,4600,6560,9316,8072,7078,3542,3370,2714,1606,1058,601,1,0"
61,terminating,"61,1,0"
90,terminating,"90,144,259,45,33,15,9,4,3,1,0"
289,terminating,"289,18,21,11,1,0"
290,terminating,"290,250,218,112,136,134,70,74,40,50,43,1,0"
291,terminating,"291,101,1,0"
292,terminating,"292,226,116,94,50,43,1,0"
293,terminating,"293,1,0"
294,terminating,"294,390,618,630,1242,1638,2730,5334,6954,7926,7938,12753,7267,785,163,1,0"
295,terminating,"295,65,19,1,0"
123,terminating,"123,45,33,15,9,4,3,1,0"
296,terminating,"296,274,140,196,203,37,1,0"
211,terminating,"211,1,0"
257,terminating,"257,1,0"
297,terminating,"297,183,65,19,1,0"
91,terminating,"91,21,11,1,0"
62,terminating,"62,34,20,22,14,10,8,7,1,0"
124,terminating,"124,100,117,65,19,1,0"
258,terminating,"258,270,450,759,393,135,105,87,33,15,9,4,3,1,0"
298,terminating,"298,152,148,118,62,34,20,22,14,10,8,7,1,0"
299,terminating,"299,37,1,0"
259,terminating,"259,45,33,15,9,4,3,1,0"
212,terminating,"212,166,86,46,26,16,15,9,4,3,1,0"
300,terminating,"300,568,512,511,81,40,50,43,1,0"
92,terminating,"92,76,64,63,41,1,0"
301,terminating,"301,51,21,11,1,0"
302,terminating,"302,154,134,70,74,40,50,43,1,0"
63,terminating,"63,41,1,0"
260,terminating,"260,328,302,154,134,70,74,40,50,43,1,0"
303,terminating,"303,105,87,33,15,9,4,3,1,0"
261,terminating,"261,129,47,1,0"
125,terminating,"125,31,1,0"
262,terminating,"262,134,70,74,40,50,43,1,0"
263,terminating,"263,1,0"
213,terminating,"213,75,49,8,7,1,0"
93,terminating,"93,35,13,1,0"
264,terminating,"264,456,744,1176,2244,3804,5100,10524,14060,17860,22460,24748,20612,15466,11894,6946,3998,2002,2030,2290,1850,1684,1270,1034,694,350,394,200,265,59,1,0"
64,terminating,"64,63,41,1,0"
265,terminating,"265,59,1,0"
304,terminating,"304,316,244,190,170,154,134,70,74,40,50,43,1,0"
266,terminating,"266,214,110,106,56,64,63,41,1,0"
126,terminating,"126,186,198,270,450,759,393,135,105,87,33,15,9,4,3,1,0"
267,terminating,"267,93,35,13,1,0"
268,terminating,"268,208,226,116,94,50,43,1,0"
269,terminating,"269,1,0"
214,terminating,"214,110,106,56,64,63,41,1,0"
270,terminating,"270,450,759,393,135,105,87,33,15,9,4,3,1,0"
271,terminating,"271,1,0"
94,terminating,"94,50,43,1,0"
127,terminating,"127,1,0"
305,terminating,"305,67,1,0"
215,terminating,"215,49,8,7,1,0"
272,terminating,"272,286,218,112,136,134,70,74,40,50,43,1,0"
128,terminating,"128,127,1,0"
95,aspiring,"95,25,6"
216,terminating,"216,384,636,876,1196,1156,993,335,73,1,0"
96,terminating,"96,156,236,184,176,196,203,37,1,0"
321,terminating,"321,111,41,1,0"
322,terminating,"322,254,130,122,64,63,41,1,0"
323,terminating,"323,37,1,0"
353,terminating,"353,1,0"
324,terminating,"324,523,1,0"
325,terminating,"325,109,1,0"
326,terminating,"326,166,86,46,26,16,15,9,4,3,1,0"
354,terminating,"354,366,378,582,594,846,1026,1374,1386,2358,2790,4698,6192,11540,12736,12664,11096,11104,10820,11944,10466,5236,6860,9940,14252,14308,15218,10894,6746,3376,3196,2852,2524,1900,2440,3140,3496,3704,3256,3584,4600,6560,9316,8072,7078,3542,3370,2714,1606,1058,601,1,0"
355,terminating,"355,77,19,1,0"
356,terminating,"356,274,140,196,203,37,1,0"
357,terminating,"357,219,77,19,1,0"
358,terminating,"358,182,154,134,70,74,40,50,43,1,0"
327,terminating,"327,113,1,0"
359,terminating,"359,1,0"
328,terminating,"328,302,154,134,70,74,40,50,43,1,0"
329,terminating,"329,55,17,1,0"
360,terminating,"360,810,1368,2532,3404,2980,3320,4240,5804,4360,5540,6136,6464,6490,6470,5194,4040,5140,5696,5734,3194,1600,2337,1023,513,287,49,8,7,1,0"
330,terminating,"330,534,546,798,1122,1470,2634,2646,4194,4932,7626,8502,9978,9990,17370,28026,35136,67226,33616,37808,40312,35288,37072,45264,79728,146448,281166,281178,363942,424638,526338,722961,321329,1,0"
331,terminating,"331,1,0"
273,terminating,"273,175,73,1,0"
332,terminating,"332,256,255,177,63,41,1,0"
333,terminating,"333,161,31,1,0"
334,terminating,"334,170,154,134,70,74,40,50,43,1,0"
335,terminating,"335,73,1,0"
336,terminating,"336,656,646,434,334,170,154,134,70,74,40,50,43,1,0"
337,terminating,"337,1,0"
338,terminating,"338,211,1,0"
339,terminating,"339,117,65,19,1,0"
340,terminating,"340,416,466,236,184,176,196,203,37,1,0"
361,terminating,"361,20,22,14,10,8,7,1,0"
274,terminating,"274,140,196,203,37,1,0"
217,terminating,"217,39,17,1,0"
275,terminating,"275,97,1,0"
218,terminating,"218,112,136,134,70,74,40,50,43,1,0"
219,terminating,"219,77,19,1,0"
220,amicable,"220,284"
221,terminating,"221,31,1,0"
341,terminating,"341,43,1,0"
362,terminating,"362,184,176,196,203,37,1,0"
342,terminating,"342,438,450,759,393,135,105,87,33,15,9,4,3,1,0"
363,terminating,"363,169,14,10,8,7,1,0"
343,terminating,"343,57,23,1,0"
364,terminating,"364,420,924,1764,3423,1825,469,75,49,8,7,1,0"
344,terminating,"344,316,244,190,170,154,134,70,74,40,50,43,1,0"
385,terminating,"385,191,1,0"
386,terminating,"386,196,203,37,1,0"
365,terminating,"365,79,1,0"
387,terminating,"387,185,43,1,0"
345,terminating,"345,231,153,81,40,50,43,1,0"
388,terminating,"388,298,152,148,118,62,34,20,22,14,10,8,7,1,0"
346,terminating,"346,176,196,203,37,1,0"
389,terminating,"389,1,0"
366,terminating,"366,378,582,594,846,1026,1374,1386,2358,2790,4698,6192,11540,12736,12664,11096,11104,10820,11944,10466,5236,6860,9940,14252,14308,15218,10894,6746,3376,3196,2852,2524,1900,2440,3140,3496,3704,3256,3584,4600,6560,9316,8072,7078,3542,3370,2714,1606,1058,601,1,0"
367,terminating,"367,1,0"
347,terminating,"347,1,0"
390,terminating,"390,618,630,1242,1638,2730,5334,6954,7926,7938,12753,7267,785,163,1,0"
368,terminating,"368,376,344,316,244,190,170,154,134,70,74,40,50,43,1,0"
348,terminating,"348,492,684,1136,1096,974,490,536,484,447,153,81,40,50,43,1,0"
391,terminating,"391,41,1,0"
417,aspiring,"417,143,25,6"
369,terminating,"369,177,63,41,1,0"
349,terminating,"349,1,0"
392,terminating,"392,463,1,0"
418,terminating,"418,302,154,134,70,74,40,50,43,1,0"
350,terminating,"350,394,200,265,59,1,0"
393,terminating,"393,135,105,87,33,15,9,4,3,1,0"
394,terminating,"394,200,265,59,1,0"
395,terminating,"395,85,23,1,0"
449,terminating,"449,1,0"
450,terminating,"450,759,393,135,105,87,33,15,9,4,3,1,0"
419,terminating,"419,1,0"
420,terminating,"420,924,1764,3423,1825,469,75,49,8,7,1,0"
421,terminating,"421,1,0"
370,terminating,"370,314,160,218,112,136,134,70,74,40,50,43,1,0"
451,terminating,"451,53,1,0"
452,terminating,"452,346,176,196,203,37,1,0"
422,terminating,"422,214,110,106,56,64,63,41,1,0"
453,terminating,"453,155,37,1,0"
371,terminating,"371,61,1,0"
372,terminating,"372,524,400,561,303,105,87,33,15,9,4,3,1,0"
373,terminating,"373,1,0"
454,terminating,"454,230,202,104,106,56,64,63,41,1,0"
374,terminating,"374,274,140,196,203,37,1,0"
455,terminating,"455,217,39,17,1,0"
456,terminating,"456,744,1176,2244,3804,5100,10524,14060,17860,22460,24748,20612,15466,11894,6946,3998,2002,2030,2290,1850,1684,1270,1034,694,350,394,200,265,59,1,0"
351,terminating,"351,209,31,1,0"
457,terminating,"457,1,0"
458,terminating,"458,232,218,112,136,134,70,74,40,50,43,1,0"
459,terminating,"459,261,129,47,1,0"
460,terminating,"460,548,418,302,154,134,70,74,40,50,43,1,0"
461,terminating,"461,1,0"
462,terminating,"462,690,1038,1050,1926,2286,2706,3342,3354,4038,4050,7203,4001,1,0"
463,terminating,"463,1,0"
423,terminating,"423,201,71,1,0"
424,terminating,"424,386,196,203,37,1,0"
425,terminating,"425,133,27,13,1,0"
426,terminating,"426,438,450,759,393,135,105,87,33,15,9,4,3,1,0"
427,terminating,"427,69,27,13,1,0"
428,terminating,"428,328,302,154,134,70,74,40,50,43,1,0"
429,terminating,"429,243,121,12,16,15,9,4,3,1,0"
430,terminating,"430,362,184,176,196,203,37,1,0"
431,terminating,"431,1,0"
432,terminating,"432,808,722,421,1,0"
513,terminating,"513,287,49,8,7,1,0"
433,terminating,"433,1,0"
514,terminating,"514,260,328,302,154,134,70,74,40,50,43,1,0"
515,terminating,"515,109,1,0"
434,terminating,"434,334,170,154,134,70,74,40,50,43,1,0"
516,terminating,"516,716,544,590,490,536,484,447,153,81,40,50,43,1,0"
517,terminating,"517,59,1,0"
375,terminating,"375,249,87,33,15,9,4,3,1,0"
518,terminating,"518,394,200,265,59,1,0"
435,terminating,"435,285,195,141,51,21,11,1,0"
519,terminating,"519,177,63,41,1,0"
436,terminating,"436,334,170,154,134,70,74,40,50,43,1,0"
520,terminating,"520,740,856,764,580,680,940,1076,814,554,280,440,640,890,730,602,454,230,202,104,106,56,64,63,41,1,0"
521,terminating,"521,1,0"
376,terminating,"376,344,316,244,190,170,154,134,70,74,40,50,43,1,0"
437,terminating,"437,43,1,0"
352,terminating,"352,404,310,266,214,110,106,56,64,63,41,1,0"
522,terminating,"522,648,1167,393,135,105,87,33,15,9,4,3,1,0"
377,terminating,"377,43,1,0"
523,terminating,"523,1,0"
438,terminating,"438,450,759,393,135,105,87,33,15,9,4,3,1,0"
524,terminating,"524,400,561,303,105,87,33,15,9,4,3,1,0"
525,terminating,"525,467,1,0"
526,terminating,"526,266,214,110,106,56,64,63,41,1,0"
527,terminating,"527,49,8,7,1,0"
439,terminating,"439,1,0"
440,terminating,"440,640,890,730,602,454,230,202,104,106,56,64,63,41,1,0"
441,terminating,"441,300,568,512,511,81,40,50,43,1,0"
378,terminating,"378,582,594,846,1026,1374,1386,2358,2790,4698,6192,11540,12736,12664,11096,11104,10820,11944,10466,5236,6860,9940,14252,14308,15218,10894,6746,3376,3196,2852,2524,1900,2440,3140,3496,3704,3256,3584,4600,6560,9316,8072,7078,3542,3370,2714,1606,1058,601,1,0"
379,terminating,"379,1,0"
481,terminating,"481,51,21,11,1,0"
442,terminating,"442,314,160,218,112,136,134,70,74,40,50,43,1,0"
464,terminating,"464,466,236,184,176,196,203,37,1,0"
380,terminating,"380,460,548,418,302,154,134,70,74,40,50,43,1,0"
482,terminating,"482,244,190,170,154,134,70,74,40,50,43,1,0"
443,terminating,"443,1,0"
465,terminating,"465,303,105,87,33,15,9,4,3,1,0"
381,terminating,"381,131,1,0"
444,terminating,"444,620,724,550,566,286,218,112,136,134,70,74,40,50,43,1,0"
466,terminating,"466,236,184,176,196,203,37,1,0"
483,terminating,"483,285,195,141,51,21,11,1,0"
445,aspiring,"445,95,25,6"
382,terminating,"382,194,100,117,65,19,1,0"
467,terminating,"467,1,0"
484,terminating,"484,447,153,81,40,50,43,1,0"
446,terminating,"446,226,116,94,50,43,1,0"
485,terminating,"485,103,1,0"
383,terminating,"383,1,0"
468,terminating,"468,806,538,272,286,218,112,136,134,70,74,40,50,43,1,0"
447,terminating,"447,153,81,40,50,43,1,0"
486,terminating,"486,606,618,630,1242,1638,2730,5334,6954,7926,7938,12753,7267,785,163,1,0"
487,terminating,"487,1,0"
469,terminating,"469,75,49,8,7,1,0"
384,terminating,"384,636,876,1196,1156,993,335,73,1,0"
488,terminating,"488,442,314,160,218,112,136,134,70,74,40,50,43,1,0"
448,terminating,"448,568,512,511,81,40,50,43,1,0"
489,terminating,"489,167,1,0"
490,terminating,"490,536,484,447,153,81,40,50,43,1,0"
491,terminating,"491,1,0"
492,terminating,"492,684,1136,1096,974,490,536,484,447,153,81,40,50,43,1,0"
493,terminating,"493,47,1,0"
494,terminating,"494,346,176,196,203,37,1,0"
495,terminating,"495,441,300,568,512,511,81,40,50,43,1,0"
496,perfect,496
497,terminating,"497,79,1,0"
577,terminating,"577,1,0"
578,terminating,"578,343,57,23,1,0"
545,terminating,"545,115,29,1,0"
579,terminating,"579,197,1,0"
580,terminating,"580,680,940,1076,814,554,280,440,640,890,730,602,454,230,202,104,106,56,64,63,41,1,0"
581,terminating,"581,91,21,11,1,0"
498,terminating,"498,510,786,798,1122,1470,2634,2646,4194,4932,7626,8502,9978,9990,17370,28026,35136,67226,33616,37808,40312,35288,37072,45264,79728,146448,281166,281178,363942,424638,526338,722961,321329,1,0"
470,terminating,"470,394,200,265,59,1,0"
499,terminating,"499,1,0"
471,terminating,"471,161,31,1,0"
546,terminating,"546,798,1122,1470,2634,2646,4194,4932,7626,8502,9978,9990,17370,28026,35136,67226,33616,37808,40312,35288,37072,45264,79728,146448,281166,281178,363942,424638,526338,722961,321329,1,0"
500,terminating,"500,592,586,296,274,140,196,203,37,1,0"
582,terminating,"582,594,846,1026,1374,1386,2358,2790,4698,6192,11540,12736,12664,11096,11104,10820,11944,10466,5236,6860,9940,14252,14308,15218,10894,6746,3376,3196,2852,2524,1900,2440,3140,3496,3704,3256,3584,4600,6560,9316,8072,7078,3542,3370,2714,1606,1058,601,1,0"
583,terminating,"583,65,19,1,0"
547,terminating,"547,1,0"
472,terminating,"472,428,328,302,154,134,70,74,40,50,43,1,0"
501,terminating,"501,171,89,1,0"
548,terminating,"548,418,302,154,134,70,74,40,50,43,1,0"
584,terminating,"584,526,266,214,110,106,56,64,63,41,1,0"
473,terminating,"473,55,17,1,0"
502,terminating,"502,254,130,122,64,63,41,1,0"
549,terminating,"549,257,1,0"
585,terminating,"585,507,225,178,92,76,64,63,41,1,0"
474,terminating,"474,486,606,618,630,1242,1638,2730,5334,6954,7926,7938,12753,7267,785,163,1,0"
503,terminating,"503,1,0"
550,terminating,"550,566,286,218,112,136,134,70,74,40,50,43,1,0"
586,terminating,"586,296,274,140,196,203,37,1,0"
475,terminating,"475,145,35,13,1,0"
609,terminating,"609,351,209,31,1,0"
610,terminating,"610,506,358,182,154,134,70,74,40,50,43,1,0"
551,terminating,"551,49,8,7,1,0"
611,terminating,"611,61,1,0"
587,terminating,"587,1,0"
504,terminating,"504,1056,1968,3240,7650,14112,32571,27333,12161,1,0"
476,terminating,"476,532,588,1008,2216,1954,980,1414,1034,694,350,394,200,265,59,1,0"
588,terminating,"588,1008,2216,1954,980,1414,1034,694,350,394,200,265,59,1,0"
505,terminating,"505,107,1,0"
477,terminating,"477,225,178,92,76,64,63,41,1,0"
612,terminating,"612,1026,1374,1386,2358,2790,4698,6192,11540,12736,12664,11096,11104,10820,11944,10466,5236,6860,9940,14252,14308,15218,10894,6746,3376,3196,2852,2524,1900,2440,3140,3496,3704,3256,3584,4600,6560,9316,8072,7078,3542,3370,2714,1606,1058,601,1,0"
613,terminating,"613,1,0"
614,terminating,"614,310,266,214,110,106,56,64,63,41,1,0"
506,terminating,"506,358,182,154,134,70,74,40,50,43,1,0"
589,terminating,"589,51,21,11,1,0"
615,terminating,"615,393,135,105,87,33,15,9,4,3,1,0"
616,terminating,"616,824,736,776,694,350,394,200,265,59,1,0"
617,terminating,"617,1,0"
618,terminating,"618,630,1242,1638,2730,5334,6954,7926,7938,12753,7267,785,163,1,0"
478,terminating,"478,242,157,1,0"
507,terminating,"507,225,178,92,76,64,63,41,1,0"
590,terminating,"590,490,536,484,447,153,81,40,50,43,1,0"
619,terminating,"619,1,0"
479,terminating,"479,1,0"
591,terminating,"591,201,71,1,0"
508,terminating,"508,388,298,152,148,118,62,34,20,22,14,10,8,7,1,0"
620,terminating,"620,724,550,566,286,218,112,136,134,70,74,40,50,43,1,0"
592,terminating,"592,586,296,274,140,196,203,37,1,0"
509,terminating,"509,1,0"
621,terminating,"621,339,117,65,19,1,0"
480,terminating,"480,1032,1608,2472,3768,5712,12144,23568,37440,101244,180996,241356,321836,251044,188290,168830,135082,88478,59698,34622,24754,12380,13660,15068,11308,10364,7780,8600,11860,13088,12742,7274,3640,6440,10840,13640,20920,26240,38020,41864,36646,19298,9652,8268,12900,25292,18976,18446,10498,5882,3514,2534,1834,1334,826,614,310,266,214,110,106,56,64,63,41,1,0"
622,terminating,"622,314,160,218,112,136,134,70,74,40,50,43,1,0"
593,terminating,"593,1,0"
641,terminating,"641,1,0"
642,terminating,"642,654,666,816,1416,2184,4536,9984,18632,18628,13978,7802,4294,2546,1534,986,634,320,442,314,160,218,112,136,134,70,74,40,50,43,1,0"
643,terminating,"643,1,0"
623,terminating,"623,97,1,0"
644,terminating,"644,700,1036,1092,2044,2100,4844,4900,7469,1939,285,195,141,51,21,11,1,0"
645,terminating,"645,411,141,51,21,11,1,0"
646,terminating,"646,434,334,170,154,134,70,74,40,50,43,1,0"
647,terminating,"647,1,0"
594,terminating,"594,846,1026,1374,1386,2358,2790,4698,6192,11540,12736,12664,11096,11104,10820,11944,10466,5236,6860,9940,14252,14308,15218,10894,6746,3376,3196,2852,2524,1900,2440,3140,3496,3704,3256,3584,4600,6560,9316,8072,7078,3542,3370,2714,1606,1058,601,1,0"
648,terminating,"648,1167,393,135,105,87,33,15,9,4,3,1,0"
649,terminating,"649,71,1,0"
650,aspiring,"650,652,496"
651,terminating,"651,373,1,0"
510,terminating,"510,786,798,1122,1470,2634,2646,4194,4932,7626,8502,9978,9990,17370,28026,35136,67226,33616,37808,40312,35288,37072,45264,79728,146448,281166,281178,363942,424638,526338,722961,321329,1,0"
652,aspiring,"652,496"
653,terminating,"653,1,0"
654,terminating,"654,666,816,1416,2184,4536,9984,18632,18628,13978,7802,4294,2546,1534,986,634,320,442,314,160,218,112,136,134,70,74,40,50,43,1,0"
655,terminating,"655,137,1,0"
656,terminating,"656,646,434,334,170,154,134,70,74,40,50,43,1,0"
624,terminating,"624,1112,988,972,1576,1394,874,566,286,218,112,136,134,70,74,40,50,43,1,0"
625,terminating,"625,156,236,184,176,196,203,37,1,0"
626,terminating,"626,316,244,190,170,154,134,70,74,40,50,43,1,0"
627,terminating,"627,333,161,31,1,0"
628,terminating,"628,478,242,157,1,0"
629,terminating,"629,55,17,1,0"
630,terminating,"630,1242,1638,2730,5334,6954,7926,7938,12753,7267,785,163,1,0"
595,terminating,"595,269,1,0"
631,terminating,"631,1,0"
705,terminating,"705,447,153,81,40,50,43,1,0"
706,terminating,"706,356,274,140,196,203,37,1,0"
707,terminating,"707,109,1,0"
708,terminating,"708,972,1576,1394,874,566,286,218,112,136,134,70,74,40,50,43,1,0"
673,terminating,"673,1,0"
674,terminating,"674,340,416,466,236,184,176,196,203,37,1,0"
709,terminating,"709,1,0"
675,aspiring,"675,565,119,25,6"
511,terminating,"511,81,40,50,43,1,0"
710,terminating,"710,586,296,274,140,196,203,37,1,0"
676,terminating,"676,605,193,1,0"
677,terminating,"677,1,0"
512,terminating,"512,511,81,40,50,43,1,0"
711,terminating,"711,329,55,17,1,0"
678,terminating,"678,690,1038,1050,1926,2286,2706,3342,3354,4038,4050,7203,4001,1,0"
657,terminating,"657,305,67,1,0"
679,terminating,"679,105,87,33,15,9,4,3,1,0"
680,terminating,"680,940,1076,814,554,280,440,640,890,730,602,454,230,202,104,106,56,64,63,41,1,0"
681,terminating,"681,231,153,81,40,50,43,1,0"
712,terminating,"712,638,442,314,160,218,112,136,134,70,74,40,50,43,1,0"
658,terminating,"658,494,346,176,196,203,37,1,0"
682,terminating,"682,470,394,200,265,59,1,0"
683,terminating,"683,1,0"
659,terminating,"659,1,0"
713,terminating,"713,55,17,1,0"
684,terminating,"684,1136,1096,974,490,536,484,447,153,81,40,50,43,1,0"
685,aspiring,"685,143,25,6"
686,terminating,"686,514,260,328,302,154,134,70,74,40,50,43,1,0"
714,terminating,"714,1014,1182,1194,1206,1446,1458,1821,611,61,1,0"
687,terminating,"687,233,1,0"
688,terminating,"688,676,605,193,1,0"
715,terminating,"715,293,1,0"
689,terminating,"689,67,1,0"
716,terminating,"716,544,590,490,536,484,447,153,81,40,50,43,1,0"
717,terminating,"717,243,121,12,16,15,9,4,3,1,0"
690,terminating,"690,1038,1050,1926,2286,2706,3342,3354,4038,4050,7203,4001,1,0"
691,terminating,"691,1,0"
718,terminating,"718,362,184,176,196,203,37,1,0"
719,terminating,"719,1,0"
692,terminating,"692,526,266,214,110,106,56,64,63,41,1,0"
693,terminating,"693,555,357,219,77,19,1,0"
694,terminating,"694,350,394,200,265,59,1,0"
596,terminating,"596,454,230,202,104,106,56,64,63,41,1,0"
695,terminating,"695,145,35,13,1,0"
632,terminating,"632,568,512,511,81,40,50,43,1,0"
597,terminating,"597,203,37,1,0"
633,terminating,"633,215,49,8,7,1,0"
598,terminating,"598,410,346,176,196,203,37,1,0"
634,terminating,"634,320,442,314,160,218,112,136,134,70,74,40,50,43,1,0"
599,terminating,"599,1,0"
737,terminating,"737,79,1,0"
635,terminating,"635,133,27,13,1,0"
738,terminating,"738,900,1921,131,1,0"
739,terminating,"739,1,0"
636,terminating,"636,876,1196,1156,993,335,73,1,0"
740,terminating,"740,856,764,580,680,940,1076,814,554,280,440,640,890,730,602,454,230,202,104,106,56,64,63,41,1,0"
637,terminating,"637,161,31,1,0"
741,terminating,"741,379,1,0"
638,terminating,"638,442,314,160,218,112,136,134,70,74,40,50,43,1,0"
639,terminating,"639,297,183,65,19,1,0"
742,terminating,"742,554,280,440,640,890,730,602,454,230,202,104,106,56,64,63,41,1,0"
743,terminating,"743,1,0"
640,terminating,"640,890,730,602,454,230,202,104,106,56,64,63,41,1,0"
744,terminating,"744,1176,2244,3804,5100,10524,14060,17860,22460,24748,20612,15466,11894,6946,3998,2002,2030,2290,1850,1684,1270,1034,694,350,394,200,265,59,1,0"
745,terminating,"745,155,37,1,0"
769,terminating,"769,1,0"
746,terminating,"746,376,344,316,244,190,170,154,134,70,74,40,50,43,1,0"
747,terminating,"747,345,231,153,81,40,50,43,1,0"
748,terminating,"748,764,580,680,940,1076,814,554,280,440,640,890,730,602,454,230,202,104,106,56,64,63,41,1,0"
770,terminating,"770,958,482,244,190,170,154,134,70,74,40,50,43,1,0"
749,terminating,"749,115,29,1,0"
600,terminating,"600,1260,3108,5404,5460,13356,25956,49756,49812,83244,138964,144326,127978,67322,36250,34040,48040,60140,71572,58208,64264,60836,47692,35776,42456,69144,110376,244824,373356,594884,446170,356954,219706,118874,88720,117740,174916,174972,291844,302666,256438,217322,185014,92510,95626,49274,25894,17198,8602,6950,6070,4874,2440,3140,3496,3704,3256,3584,4600,6560,9316,8072,7078,3542,3370,2714,1606,1058,601,1,0"
601,terminating,"601,1,0"
771,terminating,"771,261,129,47,1,0"
602,terminating,"602,454,230,202,104,106,56,64,63,41,1,0"
603,terminating,"603,281,1,0"
604,terminating,"604,460,548,418,302,154,134,70,74,40,50,43,1,0"
801,terminating,"801,369,177,63,41,1,0"
772,terminating,"772,586,296,274,140,196,203,37,1,0"
605,terminating,"605,193,1,0"
802,terminating,"802,404,310,266,214,110,106,56,64,63,41,1,0"
773,terminating,"773,1,0"
750,terminating,"750,1122,1470,2634,2646,4194,4932,7626,8502,9978,9990,17370,28026,35136,67226,33616,37808,40312,35288,37072,45264,79728,146448,281166,281178,363942,424638,526338,722961,321329,1,0"
751,terminating,"751,1,0"
752,terminating,"752,736,776,694,350,394,200,265,59,1,0"
606,terminating,"606,618,630,1242,1638,2730,5334,6954,7926,7938,12753,7267,785,163,1,0"
607,terminating,"607,1,0"
803,terminating,"803,85,23,1,0"
774,terminating,"774,942,954,1152,2163,1165,239,1,0"
753,terminating,"753,255,177,63,41,1,0"
608,aspiring,"608,652,496"
804,terminating,"804,1100,1504,1520,2200,3380,4306,2156,2632,3128,3352,2948,2764,2080,3212,3004,2260,2528,2512,2386,1196,1156,993,335,73,1,0"
775,terminating,"775,217,39,17,1,0"
754,terminating,"754,506,358,182,154,134,70,74,40,50,43,1,0"
805,terminating,"805,347,1,0"
776,terminating,"776,694,350,394,200,265,59,1,0"
755,terminating,"755,157,1,0"
806,terminating,"806,538,272,286,218,112,136,134,70,74,40,50,43,1,0"
833,terminating,"833,193,1,0"
777,terminating,"777,439,1,0"
834,terminating,"834,846,1026,1374,1386,2358,2790,4698,6192,11540,12736,12664,11096,11104,10820,11944,10466,5236,6860,9940,14252,14308,15218,10894,6746,3376,3196,2852,2524,1900,2440,3140,3496,3704,3256,3584,4600,6560,9316,8072,7078,3542,3370,2714,1606,1058,601,1,0"
835,terminating,"835,173,1,0"
836,terminating,"836,844,640,890,730,602,454,230,202,104,106,56,64,63,41,1,0"
756,terminating,"756,1484,1540,2492,2548,3038,2434,1220,1384,1226,616,824,736,776,694,350,394,200,265,59,1,0"
807,terminating,"807,273,175,73,1,0"
837,terminating,"837,443,1,0"
778,terminating,"778,392,463,1,0"
838,terminating,"838,422,214,110,106,56,64,63,41,1,0"
757,terminating,"757,1,0"
839,terminating,"839,1,0"
808,terminating,"808,722,421,1,0"
779,terminating,"779,61,1,0"
758,terminating,"758,382,194,100,117,65,19,1,0"
809,terminating,"809,1,0"
759,terminating,"759,393,135,105,87,33,15,9,4,3,1,0"
865,terminating,"865,179,1,0"
866,terminating,"866,436,334,170,154,134,70,74,40,50,43,1,0"
897,terminating,"897,447,153,81,40,50,43,1,0"
810,terminating,"810,1368,2532,3404,2980,3320,4240,5804,4360,5540,6136,6464,6490,6470,5194,4040,5140,5696,5734,3194,1600,2337,1023,513,287,49,8,7,1,0"
760,terminating,"760,1040,1564,1460,1648,1576,1394,874,566,286,218,112,136,134,70,74,40,50,43,1,0"
811,terminating,"811,1,0"
867,terminating,"867,361,20,22,14,10,8,7,1,0"
898,terminating,"898,452,346,176,196,203,37,1,0"
899,terminating,"899,61,1,0"
900,terminating,"900,1921,131,1,0"
901,terminating,"901,71,1,0"
761,terminating,"761,1,0"
868,terminating,"868,924,1764,3423,1825,469,75,49,8,7,1,0"
902,terminating,"902,610,506,358,182,154,134,70,74,40,50,43,1,0"
903,terminating,"903,505,107,1,0"
869,terminating,"869,91,21,11,1,0"
904,terminating,"904,806,538,272,286,218,112,136,134,70,74,40,50,43,1,0"
812,terminating,"812,868,924,1764,3423,1825,469,75,49,8,7,1,0"
905,terminating,"905,187,29,1,0"
762,terminating,"762,774,942,954,1152,2163,1165,239,1,0"
813,terminating,"813,275,97,1,0"
763,terminating,"763,117,65,19,1,0"
906,terminating,"906,918,1242,1638,2730,5334,6954,7926,7938,12753,7267,785,163,1,0"
814,terminating,"814,554,280,440,640,890,730,602,454,230,202,104,106,56,64,63,41,1,0"
764,terminating,"764,580,680,940,1076,814,554,280,440,640,890,730,602,454,230,202,104,106,56,64,63,41,1,0"
907,terminating,"907,1,0"
815,terminating,"815,169,14,10,8,7,1,0"
765,terminating,"765,639,297,183,65,19,1,0"
908,terminating,"908,688,676,605,193,1,0"
766,terminating,"766,386,196,203,37,1,0"
816,terminating,"816,1416,2184,4536,9984,18632,18628,13978,7802,4294,2546,1534,986,634,320,442,314,160,218,112,136,134,70,74,40,50,43,1,0"
817,terminating,"817,63,41,1,0"
909,aspiring,"909,417,143,25,6"
767,terminating,"767,73,1,0"
818,terminating,"818,412,316,244,190,170,154,134,70,74,40,50,43,1,0"
768,terminating,"768,1276,1244,940,1076,814,554,280,440,640,890,730,602,454,230,202,104,106,56,64,63,41,1,0"
910,terminating,"910,1106,814,554,280,440,640,890,730,602,454,230,202,104,106,56,64,63,41,1,0"
819,terminating,"819,637,161,31,1,0"
911,terminating,"911,1,0"
820,terminating,"820,944,916,694,350,394,200,265,59,1,0"
912,terminating,"912,1568,2023,433,1,0"
821,terminating,"821,1,0"
913,aspiring,"913,95,25,6"
822,terminating,"822,834,846,1026,1374,1386,2358,2790,4698,6192,11540,12736,12664,11096,11104,10820,11944,10466,5236,6860,9940,14252,14308,15218,10894,6746,3376,3196,2852,2524,1900,2440,3140,3496,3704,3256,3584,4600,6560,9316,8072,7078,3542,3370,2714,1606,1058,601,1,0"
914,terminating,"914,460,548,418,302,154,134,70,74,40,50,43,1,0"
823,terminating,"823,1,0"
915,terminating,"915,573,195,141,51,21,11,1,0"
929,terminating,"929,1,0"
824,terminating,"824,736,776,694,350,394,200,265,59,1,0"
961,terminating,"961,32,31,1,0"
916,terminating,"916,694,350,394,200,265,59,1,0"
825,terminating,"825,663,345,231,153,81,40,50,43,1,0"
917,terminating,"917,139,1,0"
962,terminating,"962,634,320,442,314,160,218,112,136,134,70,74,40,50,43,1,0"
826,terminating,"826,614,310,266,214,110,106,56,64,63,41,1,0"
930,terminating,"930,1374,1386,2358,2790,4698,6192,11540,12736,12664,11096,11104,10820,11944,10466,5236,6860,9940,14252,14308,15218,10894,6746,3376,3196,2852,2524,1900,2440,3140,3496,3704,3256,3584,4600,6560,9316,8072,7078,3542,3370,2714,1606,1058,601,1,0"
827,terminating,"827,1,0"
963,terminating,"963,441,300,568,512,511,81,40,50,43,1,0"
918,terminating,"918,1242,1638,2730,5334,6954,7926,7938,12753,7267,785,163,1,0"
931,terminating,"931,209,31,1,0"
932,terminating,"932,706,356,274,140,196,203,37,1,0"
933,terminating,"933,315,309,107,1,0"
964,terminating,"964,730,602,454,230,202,104,106,56,64,63,41,1,0"
934,terminating,"934,470,394,200,265,59,1,0"
919,terminating,"919,1,0"
935,terminating,"935,361,20,22,14,10,8,7,1,0"
965,terminating,"965,199,1,0"
920,terminating,"920,1240,1640,2140,2396,1804,1724,1300,1738,1142,574,434,334,170,154,134,70,74,40,50,43,1,0"
921,terminating,"921,311,1,0"
922,terminating,"922,464,466,236,184,176,196,203,37,1,0"
923,terminating,"923,85,23,1,0"
993,terminating,"993,335,73,1,0"
924,terminating,"924,1764,3423,1825,469,75,49,8,7,1,0"
994,terminating,"994,734,370,314,160,218,112,136,134,70,74,40,50,43,1,0"
995,terminating,"995,205,47,1,0"
925,terminating,"925,253,35,13,1,0"
926,terminating,"926,466,236,184,176,196,203,37,1,0"
927,terminating,"927,425,133,27,13,1,0"
928,terminating,"928,962,634,320,442,314,160,218,112,136,134,70,74,40,50,43,1,0"
138,terminating,"138,150,222,234,312,528,960,2088,3762,5598,6570,10746,13254,13830,19434,20886,21606,25098,26742,26754,40446,63234,77406,110754,171486,253458,295740,647748,1077612,1467588,1956812,2109796,1889486,953914,668966,353578,176792,254128,308832,502104,753216,1240176,2422288,2697920,3727264,3655076,2760844,2100740,2310856,2455544,3212776,3751064,3282196,2723020,3035684,2299240,2988440,5297320,8325080,11222920,15359480,19199440,28875608,25266172,19406148,26552604,40541052,54202884,72270540,147793668,228408732,348957876,508132204,404465636,303708376,290504024,312058216,294959384,290622016,286081174,151737434,75868720,108199856,101437396,76247552,76099654,42387146,21679318,12752594,7278382,3660794,1855066,927536,932464,1013592,1546008,2425752,5084088,8436192,13709064,20563656,33082104,57142536,99483384,245978376,487384824,745600776,1118401224,1677601896,2538372504,4119772776,8030724504,14097017496,21148436904,40381357656,60572036544,100039354704,179931895322,94685963278,51399021218,28358080762,18046051430,17396081338,8698040672,8426226964,6319670230,5422685354,3217383766,1739126474,996366646,636221402,318217798,195756362,101900794,54202694,49799866,24930374,17971642,11130830,8904682,4913018,3126502,1574810,1473382,736694,541162,312470,249994,127286,69898,34952,34708,26038,13994,7000,11720,14740,19532,16588,18692,14026,7016,6154,3674,2374,1190,1402,704,820,944,916,694,350,394,200,265,59,1,0"
139,terminating,"139,1,0"
140,terminating,"140,196,203,37,1,0"
141,terminating,"141,51,21,11,1,0"
142,terminating,"142,74,40,50,43,1,0"
143,aspiring,"143,25,6"
144,terminating,"144,259,45,33,15,9,4,3,1,0"
145,terminating,"145,35,13,1,0"
146,terminating,"146,76,64,63,41,1,0"
147,terminating,"147,81,40,50,43,1,0"
148,terminating,"148,118,62,34,20,22,14,10,8,7,1,0"
149,terminating,"149,1,0"
168,terminating,"168,312,528,960,2088,3762,5598,6570,10746,13254,13830,19434,20886,21606,25098,26742,26754,40446,63234,77406,110754,171486,253458,295740,647748,1077612,1467588,1956812,2109796,1889486,953914,668966,353578,176792,254128,308832,502104,753216,1240176,2422288,2697920,3727264,3655076,2760844,2100740,2310856,2455544,3212776,3751064,3282196,2723020,3035684,2299240,2988440,5297320,8325080,11222920,15359480,19199440,28875608,25266172,19406148,26552604,40541052,54202884,72270540,147793668,228408732,348957876,508132204,404465636,303708376,290504024,312058216,294959384,290622016,286081174,151737434,75868720,108199856,101437396,76247552,76099654,42387146,21679318,12752594,7278382,3660794,1855066,927536,932464,1013592,1546008,2425752,5084088,8436192,13709064,20563656,33082104,57142536,99483384,245978376,487384824,745600776,1118401224,1677601896,2538372504,4119772776,8030724504,14097017496,21148436904,40381357656,60572036544,100039354704,179931895322,94685963278,51399021218,28358080762,18046051430,17396081338,8698040672,8426226964,6319670230,5422685354,3217383766,1739126474,996366646,636221402,318217798,195756362,101900794,54202694,49799866,24930374,17971642,11130830,8904682,4913018,3126502,1574810,1473382,736694,541162,312470,249994,127286,69898,34952,34708,26038,13994,7000,11720,14740,19532,16588,18692,14026,7016,6154,3674,2374,1190,1402,704,820,944,916,694,350,394,200,265,59,1,0"
169,terminating,"169,14,10,8,7,1,0"
170,terminating,"170,154,134,70,74,40,50,43,1,0"
171,terminating,"171,89,1,0"
172,terminating,"172,136,134,70,74,40,50,43,1,0"
173,terminating,"173,1,0"
174,terminating,"174,186,198,270,450,759,393,135,105,87,33,15,9,4,3,1,0"
175,terminating,"175,73,1,0"
176,terminating,"176,196,203,37,1,0"
177,terminating,"177,63,41,1,0"
178,terminating,"178,92,76,64,63,41,1,0"
179,terminating,"179,1,0"
180,terminating,"180,366,378,582,594,846,1026,1374,1386,2358,2790,4698,6192,11540,12736,12664,11096,11104,10820,11944,10466,5236,6860,9940,14252,14308,15218,10894,6746,3376,3196,2852,2524,1900,2440,3140,3496,3704,3256,3584,4600,6560,9316,8072,7078,3542,3370,2714,1606,1058,601,1,0"
181,terminating,"181,1,0"
182,terminating,"182,154,134,70,74,40,50,43,1,0"
183,terminating,"183,65,19,1,0"
184,terminating,"184,176,196,203,37,1,0"
185,terminating,"185,43,1,0"
186,terminating,"186,198,270,450,759,393,135,105,87,33,15,9,4,3,1,0"
187,terminating,"187,29,1,0"
188,terminating,"188,148,118,62,34,20,22,14,10,8,7,1,0"
189,terminating,"189,131,1,0"
190,terminating,"190,170,154,134,70,74,40,50,43,1,0"
191,terminating,"191,1,0"
192,terminating,"192,316,244,190,170,154,134,70,74,40,50,43,1,0"
528,terminating,"528,960,2088,3762,5598,6570,10746,13254,13830,19434,20886,21606,25098,26742,26754,40446,63234,77406,110754,171486,253458,295740,647748,1077612,1467588,1956812,2109796,1889486,953914,668966,353578,176792,254128,308832,502104,753216,1240176,2422288,2697920,3727264,3655076,2760844,2100740,2310856,2455544,3212776,3751064,3282196,2723020,3035684,2299240,2988440,5297320,8325080,11222920,15359480,19199440,28875608,25266172,19406148,26552604,40541052,54202884,72270540,147793668,228408732,348957876,508132204,404465636,303708376,290504024,312058216,294959384,290622016,286081174,151737434,75868720,108199856,101437396,76247552,76099654,42387146,21679318,12752594,7278382,3660794,1855066,927536,932464,1013592,1546008,2425752,5084088,8436192,13709064,20563656,33082104,57142536,99483384,245978376,487384824,745600776,1118401224,1677601896,2538372504,4119772776,8030724504,14097017496,21148436904,40381357656,60572036544,100039354704,179931895322,94685963278,51399021218,28358080762,18046051430,17396081338,8698040672,8426226964,6319670230,5422685354,3217383766,1739126474,996366646,636221402,318217798,195756362,101900794,54202694,49799866,24930374,17971642,11130830,8904682,4913018,3126502,1574810,1473382,736694,541162,312470,249994,127286,69898,34952,34708,26038,13994,7000,11720,14740,19532,16588,18692,14026,7016,6154,3674,2374,1190,1402,704,820,944,916,694,350,394,200,265,59,1,0"
529,terminating,"529,24,36,55,17,1,0"
530,terminating,"530,442,314,160,218,112,136,134,70,74,40,50,43,1,0"
531,terminating,"531,249,87,33,15,9,4,3,1,0"
532,terminating,"532,588,1008,2216,1954,980,1414,1034,694,350,394,200,265,59,1,0"
533,terminating,"533,55,17,1,0"
534,terminating,"534,546,798,1122,1470,2634,2646,4194,4932,7626,8502,9978,9990,17370,28026,35136,67226,33616,37808,40312,35288,37072,45264,79728,146448,281166,281178,363942,424638,526338,722961,321329,1,0"
535,terminating,"535,113,1,0"
536,terminating,"536,484,447,153,81,40,50,43,1,0"
537,terminating,"537,183,65,19,1,0"
538,terminating,"538,272,286,218,112,136,134,70,74,40,50,43,1,0"
539,terminating,"539,145,35,13,1,0"
540,terminating,"540,1140,2220,4164,5580,11892,15884,16120,24200,37645,7535,2401,400,561,303,105,87,33,15,9,4,3,1,0"
541,terminating,"541,1,0"
542,terminating,"542,274,140,196,203,37,1,0"
543,terminating,"543,185,43,1,0"
544,terminating,"544,590,490,536,484,447,153,81,40,50,43,1,0"
222,terminating,"222,234,312,528,960,2088,3762,5598,6570,10746,13254,13830,19434,20886,21606,25098,26742,26754,40446,63234,77406,110754,171486,253458,295740,647748,1077612,1467588,1956812,2109796,1889486,953914,668966,353578,176792,254128,308832,502104,753216,1240176,2422288,2697920,3727264,3655076,2760844,2100740,2310856,2455544,3212776,3751064,3282196,2723020,3035684,2299240,2988440,5297320,8325080,11222920,15359480,19199440,28875608,25266172,19406148,26552604,40541052,54202884,72270540,147793668,228408732,348957876,508132204,404465636,303708376,290504024,312058216,294959384,290622016,286081174,151737434,75868720,108199856,101437396,76247552,76099654,42387146,21679318,12752594,7278382,3660794,1855066,927536,932464,1013592,1546008,2425752,5084088,8436192,13709064,20563656,33082104,57142536,99483384,245978376,487384824,745600776,1118401224,1677601896,2538372504,4119772776,8030724504,14097017496,21148436904,40381357656,60572036544,100039354704,179931895322,94685963278,51399021218,28358080762,18046051430,17396081338,8698040672,8426226964,6319670230,5422685354,3217383766,1739126474,996366646,636221402,318217798,195756362,101900794,54202694,49799866,24930374,17971642,11130830,8904682,4913018,3126502,1574810,1473382,736694,541162,312470,249994,127286,69898,34952,34708,26038,13994,7000,11720,14740,19532,16588,18692,14026,7016,6154,3674,2374,1190,1402,704,820,944,916,694,350,394,200,265,59,1,0"
223,terminating,"223,1,0"
224,terminating,"224,280,440,640,890,730,602,454,230,202,104,106,56,64,63,41,1,0"
870,terminating,"870,1290,1878,1890,3870,6426,10854,13830,19434,20886,21606,25098,26742,26754,40446,63234,77406,110754,171486,253458,295740,647748,1077612,1467588,1956812,2109796,1889486,953914,668966,353578,176792,254128,308832,502104,753216,1240176,2422288,2697920,3727264,3655076,2760844,2100740,2310856,2455544,3212776,3751064,3282196,2723020,3035684,2299240,2988440,5297320,8325080,11222920,15359480,19199440,28875608,25266172,19406148,26552604,40541052,54202884,72270540,147793668,228408732,348957876,508132204,404465636,303708376,290504024,312058216,294959384,290622016,286081174,151737434,75868720,108199856,101437396,76247552,76099654,42387146,21679318,12752594,7278382,3660794,1855066,927536,932464,1013592,1546008,2425752,5084088,8436192,13709064,20563656,33082104,57142536,99483384,245978376,487384824,745600776,1118401224,1677601896,2538372504,4119772776,8030724504,14097017496,21148436904,40381357656,60572036544,100039354704,179931895322,94685963278,51399021218,28358080762,18046051430,17396081338,8698040672,8426226964,6319670230,5422685354,3217383766,1739126474,996366646,636221402,318217798,195756362,101900794,54202694,49799866,24930374,17971642,11130830,8904682,4913018,3126502,1574810,1473382,736694,541162,312470,249994,127286,69898,34952,34708,26038,13994,7000,11720,14740,19532,16588,18692,14026,7016,6154,3674,2374,1190,1402,704,820,944,916,694,350,394,200,265,59,1,0"
871,terminating,"871,81,40,50,43,1,0"
872,terminating,"872,778,392,463,1,0"
873,terminating,"873,401,1,0"
874,terminating,"874,566,286,218,112,136,134,70,74,40,50,43,1,0"
875,terminating,"875,373,1,0"
876,terminating,"876,1196,1156,993,335,73,1,0"
877,terminating,"877,1,0"
878,terminating,"878,442,314,160,218,112,136,134,70,74,40,50,43,1,0"
879,terminating,"879,297,183,65,19,1,0"
880,terminating,"880,1352,1393,207,105,87,33,15,9,4,3,1,0"
881,terminating,"881,1,0"
882,terminating,"882,1341,609,351,209,31,1,0"
883,terminating,"883,1,0"
884,terminating,"884,880,1352,1393,207,105,87,33,15,9,4,3,1,0"
885,terminating,"885,555,357,219,77,19,1,0"
886,terminating,"886,446,226,116,94,50,43,1,0"
887,terminating,"887,1,0"
234,terminating,"234,312,528,960,2088,3762,5598,6570,10746,13254,13830,19434,20886,21606,25098,26742,26754,40446,63234,77406,110754,171486,253458,295740,647748,1077612,1467588,1956812,2109796,1889486,953914,668966,353578,176792,254128,308832,502104,753216,1240176,2422288,2697920,3727264,3655076,2760844,2100740,2310856,2455544,3212776,3751064,3282196,2723020,3035684,2299240,2988440,5297320,8325080,11222920,15359480,19199440,28875608,25266172,19406148,26552604,40541052,54202884,72270540,147793668,228408732,348957876,508132204,404465636,303708376,290504024,312058216,294959384,290622016,286081174,151737434,75868720,108199856,101437396,76247552,76099654,42387146,21679318,12752594,7278382,3660794,1855066,927536,932464,1013592,1546008,2425752,5084088,8436192,13709064,20563656,33082104,57142536,99483384,245978376,487384824,745600776,1118401224,1677601896,2538372504,4119772776,8030724504,14097017496,21148436904,40381357656,60572036544,100039354704,179931895322,94685963278,51399021218,28358080762,18046051430,17396081338,8698040672,8426226964,6319670230,5422685354,3217383766,1739126474,996366646,636221402,318217798,195756362,101900794,54202694,49799866,24930374,17971642,11130830,8904682,4913018,3126502,1574810,1473382,736694,541162,312470,249994,127286,69898,34952,34708,26038,13994,7000,11720,14740,19532,16588,18692,14026,7016,6154,3674,2374,1190,1402,704,820,944,916,694,350,394,200,265,59,1,0"
235,terminating,"235,53,1,0"
236,terminating,"236,184,176,196,203,37,1,0"
237,terminating,"237,83,1,0"
238,terminating,"238,194,100,117,65,19,1,0"
239,terminating,"239,1,0"
240,terminating,"240,504,1056,1968,3240,7650,14112,32571,27333,12161,1,0"
241,terminating,"241,1,0"
242,terminating,"242,157,1,0"
243,terminating,"243,121,12,16,15,9,4,3,1,0"
244,terminating,"244,190,170,154,134,70,74,40,50,43,1,0"
245,terminating,"245,97,1,0"
246,terminating,"246,258,270,450,759,393,135,105,87,33,15,9,4,3,1,0"
247,terminating,"247,33,15,9,4,3,1,0"
248,terminating,"248,232,218,112,136,134,70,74,40,50,43,1,0"
249,terminating,"249,87,33,15,9,4,3,1,0"
250,terminating,"250,218,112,136,134,70,74,40,50,43,1,0"
251,terminating,"251,1,0"
252,terminating,"252,476,532,588,1008,2216,1954,980,1414,1034,694,350,394,200,265,59,1,0"
253,terminating,"253,35,13,1,0"
254,terminating,"254,130,122,64,63,41,1,0"
255,terminating,"255,177,63,41,1,0"
256,terminating,"256,255,177,63,41,1,0"
150,terminating,"150,222,234,312,528,960,2088,3762,5598,6570,10746,13254,13830,19434,20886,21606,25098,26742,26754,40446,63234,77406,110754,171486,253458,295740,647748,1077612,1467588,1956812,2109796,1889486,953914,668966,353578,176792,254128,308832,502104,753216,1240176,2422288,2697920,3727264,3655076,2760844,2100740,2310856,2455544,3212776,3751064,3282196,2723020,3035684,2299240,2988440,5297320,8325080,11222920,15359480,19199440,28875608,25266172,19406148,26552604,40541052,54202884,72270540,147793668,228408732,348957876,508132204,404465636,303708376,290504024,312058216,294959384,290622016,286081174,151737434,75868720,108199856,101437396,76247552,76099654,42387146,21679318,12752594,7278382,3660794,1855066,927536,932464,1013592,1546008,2425752,5084088,8436192,13709064,20563656,33082104,57142536,99483384,245978376,487384824,745600776,1118401224,1677601896,2538372504,4119772776,8030724504,14097017496,21148436904,40381357656,60572036544,100039354704,179931895322,94685963278,51399021218,28358080762,18046051430,17396081338,8698040672,8426226964,6319670230,5422685354,3217383766,1739126474,996366646,636221402,318217798,195756362,101900794,54202694,49799866,24930374,17971642,11130830,8904682,4913018,3126502,1574810,1473382,736694,541162,312470,249994,127286,69898,34952,34708,26038,13994,7000,11720,14740,19532,16588,18692,14026,7016,6154,3674,2374,1190,1402,704,820,944,916,694,350,394,200,265,59,1,0"
151,terminating,"151,1,0"
152,terminating,"152,148,118,62,34,20,22,14,10,8,7,1,0"
153,terminating,"153,81,40,50,43,1,0"
154,terminating,"154,134,70,74,40,50,43,1,0"
155,terminating,"155,37,1,0"
156,terminating,"156,236,184,176,196,203,37,1,0"
157,terminating,"157,1,0"
158,terminating,"158,82,44,40,50,43,1,0"
159,terminating,"159,57,23,1,0"
160,terminating,"160,218,112,136,134,70,74,40,50,43,1,0"
936,terminating,"936,1794,2238,2250,3834,4806,5994,7800,18240,42720,93360,196800,464616,845784,1583136,3134304,5779692,8927364,11903180,13093540,14562452,10952044,8477100,18096720,38003856,69989232,111494688,181179120,382534800,850005360,2077798320,5436939456,13611841344,27151952160,58376698656,103064581344,183468805152,326466554880,719573109504,1200224007216,2575114581344,2541802824256,2732755713728,2690113709752,3074415668408,3538667495752,3125307868148,2367864259792,2269283363408,2127662291812,1634689178492,1226328809644,951927514964,806237780230,696106321658,500730919174,250872618914,130661857792,130447937924,106894566076,80229096132,121699471548,178969811604,247679526252,330239368364,247679526280,328899177320,516841565080,656343059720,820638723280,1150879813556,1138326313036,1219667926964,914750945230,754991626514,401719736686,200864100794,153724816966,110178630842,96135611206,48071354738,37586253262,19029024338,9515509150,10728373730,8648612374,4503610346,2251805176,2218690664,2019846556,2363905124,2516416924,2822447684,2833698364,2835423556,3018355900,4627961996,4793246752,5991558944,7856377312,9827394080,16882751200,30220140272,38327993200,74112389520,187470868080,394593127440,862560933360,2193369236496,4117823071344,7409571177312,13661396858988,21789269737812,33289162099526,16646505875818,14520387041174,10371705029434,7408714647302,4292472445738,2267721292250,2114394086950,1818378914870,1922286281578,1258935675734,801140884594,404892788366,275667459442,137861310314,131722241686,111639742130,118729538638,65505952442,46789966054,28793825306,14869486438,7874298938,5014758886,2508105098,1478982526,1056416114,659643406,401553794,204477214,105105434,75732454,54094634,39908566,19954286,12767122,6399134,4704994,3875102,3372130,2697722,1360678,888026,487078,243542,210058,107894,56386,36980,42526,27098,15994,10214,5110,5546,3094,2954,2134,1394,874,566,286,218,112,136,134,70,74,40,50,43,1,0"
937,terminating,"937,1,0"
938,terminating,"938,694,350,394,200,265,59,1,0"
939,terminating,"939,317,1,0"
940,terminating,"940,1076,814,554,280,440,640,890,730,602,454,230,202,104,106,56,64,63,41,1,0"
941,terminating,"941,1,0"
942,terminating,"942,954,1152,2163,1165,239,1,0"
943,terminating,"943,65,19,1,0"
944,terminating,"944,916,694,350,394,200,265,59,1,0"
945,terminating,"945,975,761,1,0"
946,terminating,"946,638,442,314,160,218,112,136,134,70,74,40,50,43,1,0"
947,terminating,"947,1,0"
948,terminating,"948,1292,1228,928,962,634,320,442,314,160,218,112,136,134,70,74,40,50,43,1,0"
949,terminating,"949,87,33,15,9,4,3,1,0"
950,terminating,"950,910,1106,814,554,280,440,640,890,730,602,454,230,202,104,106,56,64,63,41,1,0"
951,terminating,"951,321,111,41,1,0"
952,terminating,"952,1208,1072,1036,1092,2044,2100,4844,4900,7469,1939,285,195,141,51,21,11,1,0"
953,terminating,"953,1,0"
954,terminating,"954,1152,2163,1165,239,1,0"
955,terminating,"955,197,1,0"
956,terminating,"956,724,550,566,286,218,112,136,134,70,74,40,50,43,1,0"
957,terminating,"957,483,285,195,141,51,21,11,1,0"
958,terminating,"958,482,244,190,170,154,134,70,74,40,50,43,1,0"
959,terminating,"959,145,35,13,1,0"
960,terminating,"960,2088,3762,5598,6570,10746,13254,13830,19434,20886,21606,25098,26742,26754,40446,63234,77406,110754,171486,253458,295740,647748,1077612,1467588,1956812,2109796,1889486,953914,668966,353578,176792,254128,308832,502104,753216,1240176,2422288,2697920,3727264,3655076,2760844,2100740,2310856,2455544,3212776,3751064,3282196,2723020,3035684,2299240,2988440,5297320,8325080,11222920,15359480,19199440,28875608,25266172,19406148,26552604,40541052,54202884,72270540,147793668,228408732,348957876,508132204,404465636,303708376,290504024,312058216,294959384,290622016,286081174,151737434,75868720,108199856,101437396,76247552,76099654,42387146,21679318,12752594,7278382,3660794,1855066,927536,932464,1013592,1546008,2425752,5084088,8436192,13709064,20563656,33082104,57142536,99483384,245978376,487384824,745600776,1118401224,1677601896,2538372504,4119772776,8030724504,14097017496,21148436904,40381357656,60572036544,100039354704,179931895322,94685963278,51399021218,28358080762,18046051430,17396081338,8698040672,8426226964,6319670230,5422685354,3217383766,1739126474,996366646,636221402,318217798,195756362,101900794,54202694,49799866,24930374,17971642,11130830,8904682,4913018,3126502,1574810,1473382,736694,541162,312470,249994,127286,69898,34952,34708,26038,13994,7000,11720,14740,19532,16588,18692,14026,7016,6154,3674,2374,1190,1402,704,820,944,916,694,350,394,200,265,59,1,0"
720,terminating,"720,1698,1710,2970,5670,11754,13752,23688,51192,94008,141072,223488,427526,272098,147194,73600,116120,145240,181640,250360,365240,494440,646040,857320,1071740,1235572,1093104,1966472,1735828,1311104,1301116,987044,840796,789140,1134124,951316,812684,620860,719780,958540,1237892,1046908,808932,1078604,808960,1156640,1576300,2157836,1646524,1635524,1486924,1127324,1024924,789476,592114,302954,151480,238760,314200,416780,665140,931532,1165108,1165164,2522772,5218668,11903892,25427052,53825940,132775020,331001748,760541292,1492916628,2490326636,2492988820,3524827628,3530360596,3702575660,5183606260,7370428940,10560940852,12481112588,12481112644,17623960508,20935668292,25605989948,30285997252,30573080188,34370987924,39658833004,41211587732,41211587788,42695114924,53420518564,53420518620,131770616964,220630419324,433833337476,968456265084,2100700764036,4076359821114,5241034055814,5337199819626,5337199819638,6979141213722,8147569309254,9516864662658,11103131607930,19721291643270,42357371012730,71543356060590,121564608079410,206732590044966,258936054156522,302135189842458,487524897248742,571581342231066,666844899269616,1279728304928784,2513206992836016,4880141275173072,7726890352357488,13769727091931408,14973900865721200,27505094545817360,36445367869087816,31889696885451854,15948418727906146,8799127574017274,5780231679986326,2898674919482858,1482596328952342,806143636415978,575816883154294,287908441577150,248301335229250,216812581415582,110503352862562,70973108494430,56778486795562,41059244737238,37356288988522,26728513811798,14761479258202,9917154796838,5036957229082,2520587315174,1260309373186,651395856074,334344776026,181254214670,145105289410,116095329590,95399615434,47731154774,23865577390,19258918514,12330904366,7846939178,4887146074,2531895206,1265947606,1156609322,736024150,695142062,361854994,181589486,116174938,74998022,48284410,38851502,19470874,9735440,18762736,17590096,18277648,17135326,10638098,6092398,3749210,3182446,1601594,807994,584486,431578,334502,238954,122234,87334,53786,26896,26517,8843,277,1,0"
721,terminating,"721,111,41,1,0"
722,terminating,"722,421,1,0"
723,terminating,"723,245,97,1,0"
724,terminating,"724,550,566,286,218,112,136,134,70,74,40,50,43,1,0"
725,terminating,"725,205,47,1,0"
726,terminating,"726,870,1290,1878,1890,3870,6426,10854,13830,19434,20886,21606,25098,26742,26754,40446,63234,77406,110754,171486,253458,295740,647748,1077612,1467588,1956812,2109796,1889486,953914,668966,353578,176792,254128,308832,502104,753216,1240176,2422288,2697920,3727264,3655076,2760844,2100740,2310856,2455544,3212776,3751064,3282196,2723020,3035684,2299240,2988440,5297320,8325080,11222920,15359480,19199440,28875608,25266172,19406148,26552604,40541052,54202884,72270540,147793668,228408732,348957876,508132204,404465636,303708376,290504024,312058216,294959384,290622016,286081174,151737434,75868720,108199856,101437396,76247552,76099654,42387146,21679318,12752594,7278382,3660794,1855066,927536,932464,1013592,1546008,2425752,5084088,8436192,13709064,20563656,33082104,57142536,99483384,245978376,487384824,745600776,1118401224,1677601896,2538372504,4119772776,8030724504,14097017496,21148436904,40381357656,60572036544,100039354704,179931895322,94685963278,51399021218,28358080762,18046051430,17396081338,8698040672,8426226964,6319670230,5422685354,3217383766,1739126474,996366646,636221402,318217798,195756362,101900794,54202694,49799866,24930374,17971642,11130830,8904682,4913018,3126502,1574810,1473382,736694,541162,312470,249994,127286,69898,34952,34708,26038,13994,7000,11720,14740,19532,16588,18692,14026,7016,6154,3674,2374,1190,1402,704,820,944,916,694,350,394,200,265,59,1,0"
727,terminating,"727,1,0"
728,terminating,"728,952,1208,1072,1036,1092,2044,2100,4844,4900,7469,1939,285,195,141,51,21,11,1,0"
729,terminating,"729,364,420,924,1764,3423,1825,469,75,49,8,7,1,0"
730,terminating,"730,602,454,230,202,104,106,56,64,63,41,1,0"
731,terminating,"731,61,1,0"
732,terminating,"732,1004,760,1040,1564,1460,1648,1576,1394,874,566,286,218,112,136,134,70,74,40,50,43,1,0"
733,terminating,"733,1,0"
734,terminating,"734,370,314,160,218,112,136,134,70,74,40,50,43,1,0"
735,terminating,"735,633,215,49,8,7,1,0"
736,terminating,"736,776,694,350,394,200,265,59,1,0"
840,terminating,"840,2040,4440,9240,25320,51000,117480,271320,765480,1531320,3721800,7817640,15635640,32899560,65799480,139098120,349027320,699333000,1597611000,3386944680,9543610200,20041583280,42087325632,79471791168,191723155392,315638087440,543777843920,747405300784,700736849736,1487757870264,2238305057736,3868709598264,7669591188936,11504588078424,21365663574696,47408992609944,88971645982056,134132578396824,249103359880296,434438366357784,653470731402216,1357221457351704,2535255259253736,4136481669143064,6204724081172376,10431307739922024,17230550677561176,25845843399345624,43019970394727976,85647428664676824,159070221060271656,238605331590407544,450152326608754056,877611396609944184,1568188355355841416,2410819568068721784,4368852429085614216,6929903853032355384,12869821441345803336,18446744073709551615,12975236915480337153,4795611492407455743,1611886117489773057,731499588401765823,361234489444355745,268405918824104415,196944792516298785,169658910938402655,168779278729818273,82427089612238943,53283595548004257,20054455049299551,6685052046318369,3134557278711135,2300444557735905,2425406978173599,1578441311884641,526147103961551,4625535833569,755298850931,2440141,221843,1525,397,1,0"
841,terminating,"841,30,42,54,66,78,90,144,259,45,33,15,9,4,3,1,0"
842,terminating,"842,424,386,196,203,37,1,0"
843,terminating,"843,285,195,141,51,21,11,1,0"
844,terminating,"844,640,890,730,602,454,230,202,104,106,56,64,63,41,1,0"
845,terminating,"845,253,35,13,1,0"
846,terminating,"846,1026,1374,1386,2358,2790,4698,6192,11540,12736,12664,11096,11104,10820,11944,10466,5236,6860,9940,14252,14308,15218,10894,6746,3376,3196,2852,2524,1900,2440,3140,3496,3704,3256,3584,4600,6560,9316,8072,7078,3542,3370,2714,1606,1058,601,1,0"
847,terminating,"847,217,39,17,1,0"
848,terminating,"848,826,614,310,266,214,110,106,56,64,63,41,1,0"
849,terminating,"849,287,49,8,7,1,0"
850,terminating,"850,824,736,776,694,350,394,200,265,59,1,0"
851,terminating,"851,61,1,0"
852,terminating,"852,1164,1580,1780,2000,2836,2134,1394,874,566,286,218,112,136,134,70,74,40,50,43,1,0"
853,terminating,"853,1,0"
854,terminating,"854,634,320,442,314,160,218,112,136,134,70,74,40,50,43,1,0"
855,terminating,"855,705,447,153,81,40,50,43,1,0"
856,terminating,"856,764,580,680,940,1076,814,554,280,440,640,890,730,602,454,230,202,104,106,56,64,63,41,1,0"
857,terminating,"857,1,0"
858,terminating,"858,1158,1170,2106,2976,5088,8520,17400,38400,88452,196924,228004,255836,255892,339948,708372,1392748,1392804,2631580,3684548,3684604,4502876,4502932,4630444,5343604,5343660,13185396,26489484,54204276,91794444,159862836,267246924,448180404,751570764,1364852916,2941349292,5570458740,15496055820,38223608724,83083812588,167486431812,279144053244,569939236356,949898727484,992342373932,1145297512660,1658425537580,2348154885076,3199503255788,3314812365844,3443559550676,3613591553824,4516989442784,7101552358432,9725794352288,12183704104096,15564708569312,19455885712144,25405109000432,34158129752944,32023246643416,41683781196584,36476416191436,33944282238548,30858438398764,25921786028036,21678093130684,18919760053316,14997606112444,11248204584340,12373380835820,13923780365764,10442835274330,8354268219482,4193688144154,2096844072080,3034905897520,5029272631664,4714943092216,5388506391224,5636718469816,6478455493064,5783258140336,5422024396664,4785649630456,4187443426664,3873977867416,3650103060584,3354164516536,2934893951984,3103316995192,2715705134768,2550923435680,3699796104560,4919635981360,6518690066240,10944586970560,15137399032496,16447366256896,16383118732966,8435206044602,4559964181318,3995517910202,4217251922758,3185421778106,1610123870662,805068389234,467969903566,321729552434,160864776220,178104221924,133578166450,114910112318,58832690626,30072665078,15588948682,7795374614,3897687310,3932309234,2808792334,1450089314,731104606,365552306,264575374,188982434,96655534,48327770,45176038,28515386,14257696,15464444,11626060,12788708,9591538,6154862,4476658,2274062,1658098,1020410,844966,476954,238480,368624,345616,324046,195794,99886,49946,36238,18122,13630,12290,9850,8564,6430,5162,2938,1850,1684,1270,1034,694,350,394,200,265,59,1,0"
859,terminating,"859,1,0"
860,terminating,"860,988,972,1576,1394,874,566,286,218,112,136,134,70,74,40,50,43,1,0"
861,terminating,"861,483,285,195,141,51,21,11,1,0"
862,terminating,"862,434,334,170,154,134,70,74,40,50,43,1,0"
863,terminating,"863,1,0"
864,terminating,"864,1656,3024,6896,6496,8624,12580,16148,14764,11080,13940,17812,14304,23496,41304,62016,120864,196656,343488,565832,495118,316322,158164,118630,94922,52150,59450,57730,51134,27754,13880,17440,24140,30292,22726,14498,9262,5930,4762,2384,2266,1478,742,554,280,440,640,890,730,602,454,230,202,104,106,56,64,63,41,1,0"
996,terminating,"996,1356,1836,3204,4986,5856,9768,17592,26448,47952,94586,47296,46684,42524,31900,46220,50884,38170,36998,22810,18266,9136,8596,8652,14644,14700,34776,80424,137586,149838,194898,230478,236082,371310,519906,535038,688002,884670,1298658,1325598,1325610,2762838,3684330,7008534,9646650,20210814,26948298,34511478,34511490,62694450,144750606,255162306,342150270,696170370,1249384830,1750467234,1750950654,1767059586,2062619514,2406389472,4821678144,9729473856,16013092896,29625927804,52112106756,88867512444,132169953156,212809257084,283893510484,258684665516,194044546804,145539838896,231825484368,416963892426,429538683702,450006271818,498711745782,645391671714,752956950372,1300776053916,1734368071916,1300786525972,986529219820,1152320207636,1027433371444,771941461196,594730889764,593612406236,459840596884,353581580684,265284900724,224453346316,168393495204,295964325996,394619101356,541369929012,836662617900,1876240047300,3615679614012,4820965110804,6508880956876,5376901660196,5630868636124,4223151477100,4942748313948,6590392339380,11984912187084,18311522839956,29163653272044,47079691612740,95728706279784,170405777160216,339359310806184,655955814004056,1186415291370744,2043144476440776,3608106203085624,6163848096938136,13098242895497064,23734515916326456,43372170345735144,78393390086384856,170474514949762344,305014219019504856,543557024002690344,966323598227005656,1902155466499906344,2853233199749859576,4828548491884378584,8327077638698841336,14355820912199800824,18446744073709551615,12975236915480337153,4795611492407455743,1611886117489773057,731499588401765823,361234489444355745,268405918824104415,196944792516298785,169658910938402655,168779278729818273,82427089612238943,53283595548004257,20054455049299551,6685052046318369,3134557278711135,2300444557735905,2425406978173599,1578441311884641,526147103961551,4625535833569,755298850931,2440141,221843,1525,397,1,0"
997,terminating,"997,1,0"
998,terminating,"998,502,254,130,122,64,63,41,1,0"
999,terminating,"999,521,1,0"
1000,terminating,"1000,1340,1516,1144,1376,1396,1054,674,340,416,466,236,184,176,196,203,37,1,0"
1001,terminating,"1001,343,57,23,1,0"
828,terminating,"828,1356,1836,3204,4986,5856,9768,17592,26448,47952,94586,47296,46684,42524,31900,46220,50884,38170,36998,22810,18266,9136,8596,8652,14644,14700,34776,80424,137586,149838,194898,230478,236082,371310,519906,535038,688002,884670,1298658,1325598,1325610,2762838,3684330,7008534,9646650,20210814,26948298,34511478,34511490,62694450,144750606,255162306,342150270,696170370,1249384830,1750467234,1750950654,1767059586,2062619514,2406389472,4821678144,9729473856,16013092896,29625927804,52112106756,88867512444,132169953156,212809257084,283893510484,258684665516,194044546804,145539838896,231825484368,416963892426,429538683702,450006271818,498711745782,645391671714,752956950372,1300776053916,1734368071916,1300786525972,986529219820,1152320207636,1027433371444,771941461196,594730889764,593612406236,459840596884,353581580684,265284900724,224453346316,168393495204,295964325996,394619101356,541369929012,836662617900,1876240047300,3615679614012,4820965110804,6508880956876,5376901660196,5630868636124,4223151477100,4942748313948,6590392339380,11984912187084,18311522839956,29163653272044,47079691612740,95728706279784,170405777160216,339359310806184,655955814004056,1186415291370744,2043144476440776,3608106203085624,6163848096938136,13098242895497064,23734515916326456,43372170345735144,78393390086384856,170474514949762344,305014219019504856,543557024002690344,966323598227005656,1902155466499906344,2853233199749859576,4828548491884378584,8327077638698841336,14355820912199800824,18446744073709551615,12975236915480337153,4795611492407455743,1611886117489773057,731499588401765823,361234489444355745,268405918824104415,196944792516298785,169658910938402655,168779278729818273,82427089612238943,53283595548004257,20054455049299551,6685052046318369,3134557278711135,2300444557735905,2425406978173599,1578441311884641,526147103961551,4625535833569,755298850931,2440141,221843,1525,397,1,0"
829,terminating,"829,1,0"
830,terminating,"830,682,470,394,200,265,59,1,0"
831,terminating,"831,281,1,0"
832,terminating,"832,946,638,442,314,160,218,112,136,134,70,74,40,50,43,1,0"
660,terminating,"660,1356,1836,3204,4986,5856,9768,17592,26448,47952,94586,47296,46684,42524,31900,46220,50884,38170,36998,22810,18266,9136,8596,8652,14644,14700,34776,80424,137586,149838,194898,230478,236082,371310,519906,535038,688002,884670,1298658,1325598,1325610,2762838,3684330,7008534,9646650,20210814,26948298,34511478,34511490,62694450,144750606,255162306,342150270,696170370,1249384830,1750467234,1750950654,1767059586,2062619514,2406389472,4821678144,9729473856,16013092896,29625927804,52112106756,88867512444,132169953156,212809257084,283893510484,258684665516,194044546804,145539838896,231825484368,416963892426,429538683702,450006271818,498711745782,645391671714,752956950372,1300776053916,1734368071916,1300786525972,986529219820,1152320207636,1027433371444,771941461196,594730889764,593612406236,459840596884,353581580684,265284900724,224453346316,168393495204,295964325996,394619101356,541369929012,836662617900,1876240047300,3615679614012,4820965110804,6508880956876,5376901660196,5630868636124,4223151477100,4942748313948,6590392339380,11984912187084,18311522839956,29163653272044,47079691612740,95728706279784,170405777160216,339359310806184,655955814004056,1186415291370744,2043144476440776,3608106203085624,6163848096938136,13098242895497064,23734515916326456,43372170345735144,78393390086384856,170474514949762344,305014219019504856,543557024002690344,966323598227005656,1902155466499906344,2853233199749859576,4828548491884378584,8327077638698841336,14355820912199800824,18446744073709551615,12975236915480337153,4795611492407455743,1611886117489773057,731499588401765823,361234489444355745,268405918824104415,196944792516298785,169658910938402655,168779278729818273,82427089612238943,53283595548004257,20054455049299551,6685052046318369,3134557278711135,2300444557735905,2425406978173599,1578441311884641,526147103961551,4625535833569,755298850931,2440141,221843,1525,397,1,0"
661,terminating,"661,1,0"
662,terminating,"662,334,170,154,134,70,74,40,50,43,1,0"
663,terminating,"663,345,231,153,81,40,50,43,1,0"
664,terminating,"664,596,454,230,202,104,106,56,64,63,41,1,0"
665,terminating,"665,295,65,19,1,0"
666,terminating,"666,816,1416,2184,4536,9984,18632,18628,13978,7802,4294,2546,1534,986,634,320,442,314,160,218,112,136,134,70,74,40,50,43,1,0"
667,terminating,"667,53,1,0"
668,terminating,"668,508,388,298,152,148,118,62,34,20,22,14,10,8,7,1,0"
669,terminating,"669,227,1,0"
670,terminating,"670,554,280,440,640,890,730,602,454,230,202,104,106,56,64,63,41,1,0"
671,terminating,"671,73,1,0"
672,terminating,"672,1344,2720,4084,3070,2474,1240,1640,2140,2396,1804,1724,1300,1738,1142,574,434,334,170,154,134,70,74,40,50,43,1,0"
888,terminating,"888,1392,2328,3552,6024,9096,13704,20616,30984,46536,86904,165816,367704,628356,837836,628384,630356,491884,368920,499400,772840,978650,975652,744248,696712,628628,857836,857892,1472268,2688756,4481484,7861812,13263180,31056564,68937036,114895284,203960652,339934644,701117004,1249822644,2083037964,3854840052,6526189068,11759221236,19756324364,19756324420,27737950268,27752432932,30133761756,50222936484,100157868636,166929781284,328413416156,330146489764,405458444636,405894291460,568376568956,572377346884,572430445244,692479821124,817894924476,1398913190724,2331521984764,2411296390916,2714402747644,2714402747700,7422008758220,10390812261844,10390812261900,28107781639140,61872298992924,103356642882276,203715137475612,410587488188388,784423195587612,1484132490684900,3939472659035676,7183744260598500,17150676297837852,33120176542135396,33216357817288604,33452773175434564,34143329714105276,34366804465445956,34366804465446012,57290443977092228,59801180565830284,62278898937033716,64820894812017484,66157408107116116,68132256110317420,95385158554444724,103679520167876044,103838904518706644,104280432112151596,109244625572337108,187276500981150924,312283200116973876,520472208892277964,947162005047505716,1728907301581674060,4315968018644437428,8312466706445987148,13875018154734078132,18446744073709551615,12975236915480337153,4795611492407455743,1611886117489773057,731499588401765823,361234489444355745,268405918824104415,196944792516298785,169658910938402655,168779278729818273,82427089612238943,53283595548004257,20054455049299551,6685052046318369,3134557278711135,2300444557735905,2425406978173599,1578441311884641,526147103961551,4625535833569,755298850931,2440141,221843,1525,397,1,0"
889,terminating,"889,135,105,87,33,15,9,4,3,1,0"
890,terminating,"890,730,602,454,230,202,104,106,56,64,63,41,1,0"
891,terminating,"891,561,303,105,87,33,15,9,4,3,1,0"
892,terminating,"892,676,605,193,1,0"
893,terminating,"893,67,1,0"
894,terminating,"894,906,918,1242,1638,2730,5334,6954,7926,7938,12753,7267,785,163,1,0"
895,terminating,"895,185,43,1,0"
896,terminating,"896,1144,1376,1396,1054,674,340,416,466,236,184,176,196,203,37,1,0"
552,terminating,"552,888,1392,2328,3552,6024,9096,13704,20616,30984,46536,86904,165816,367704,628356,837836,628384,630356,491884,368920,499400,772840,978650,975652,744248,696712,628628,857836,857892,1472268,2688756,4481484,7861812,13263180,31056564,68937036,114895284,203960652,339934644,701117004,1249822644,2083037964,3854840052,6526189068,11759221236,19756324364,19756324420,27737950268,27752432932,30133761756,50222936484,100157868636,166929781284,328413416156,330146489764,405458444636,405894291460,568376568956,572377346884,572430445244,692479821124,817894924476,1398913190724,2331521984764,2411296390916,2714402747644,2714402747700,7422008758220,10390812261844,10390812261900,28107781639140,61872298992924,103356642882276,203715137475612,410587488188388,784423195587612,1484132490684900,3939472659035676,7183744260598500,17150676297837852,33120176542135396,33216357817288604,33452773175434564,34143329714105276,34366804465445956,34366804465446012,57290443977092228,59801180565830284,62278898937033716,64820894812017484,66157408107116116,68132256110317420,95385158554444724,103679520167876044,103838904518706644,104280432112151596,109244625572337108,187276500981150924,312283200116973876,520472208892277964,947162005047505716,1728907301581674060,4315968018644437428,8312466706445987148,13875018154734078132,18446744073709551615,12975236915480337153,4795611492407455743,1611886117489773057,731499588401765823,361234489444355745,268405918824104415,196944792516298785,169658910938402655,168779278729818273,82427089612238943,53283595548004257,20054455049299551,6685052046318369,3134557278711135,2300444557735905,2425406978173599,1578441311884641,526147103961551,4625535833569,755298850931,2440141,221843,1525,397,1,0"
553,terminating,"553,87,33,15,9,4,3,1,0"
554,terminating,"554,280,440,640,890,730,602,454,230,202,104,106,56,64,63,41,1,0"
555,terminating,"555,357,219,77,19,1,0"
556,terminating,"556,424,386,196,203,37,1,0"
557,terminating,"557,1,0"
558,terminating,"558,690,1038,1050,1926,2286,2706,3342,3354,4038,4050,7203,4001,1,0"
559,terminating,"559,57,23,1,0"
560,terminating,"560,928,962,634,320,442,314,160,218,112,136,134,70,74,40,50,43,1,0"
561,terminating,"561,303,105,87,33,15,9,4,3,1,0"
562,non-terminating,"562,284,220,284"
563,terminating,"563,1,0"
966,terminating,"966,1338,1350,2370,3390,4818,5838,7602,9870,17778,17790,24978,27438,30882,30894,34386,40782,52530,82254,82266,82278,121770,241110,450090,750870,1295226,1572678,1919538,2760984,4964136,8773464,16294056,26949144,44734056,72988344,181027656,321827544,605739096,1034804484,2238816636,4252939908,7290755724,12676727924,12676727980,17832287060,24990818860,34987146740,57135989260,79990385300,119649586924,124794509588,124805244844,124935833204,162705788812,164126812948,164378807404,183717491636,190312143532,205203187028,205224335596,205253358100,305960047148,306235687156,306235687212,697570315988,826050278956,826050279012,1420258206108,2424219279972,4420635161628,7367725269604,8114683604636,8390187016036,9444824970140,16861410677860,23605974949340,33553353522724,35197996504412,35198204947108,36957068348508,84849006934692,214951923416412,472309093543588,544197351525212,705658837558948,898102224841052,1078649061108388,1274767072219676,1336957876077796,1337585703447644,1490159075109796,1720187201522524,1721293787223556,2000630746699004,2059038893341444,2059038893341500,4842740976195780,12376098146115900,33452640218013380,53164796729714236,53164796729714292,88607994549524044,91037016491635956,151728360819393484,168238177711473716,198826978159159756,203618076881829428,234949136523951052,262590257088172916,262914642828953164,269152494516040436,278865355777423660,403033039571208788,423985430144663212,423985494155819092,424153375959370988,439301881643084404,446867471841084812,458181326195512948,475691440573119372,897499076008871028,1828831521604471692,3901656477550216308,7512026260230483852,13212188065033142388,18446744073709551615,12975236915480337153,4795611492407455743,1611886117489773057,731499588401765823,361234489444355745,268405918824104415,196944792516298785,169658910938402655,168779278729818273,82427089612238943,53283595548004257,20054455049299551,6685052046318369,3134557278711135,2300444557735905,2425406978173599,1578441311884641,526147103961551,4625535833569,755298850931,2440141,221843,1525,397,1,0"
967,terminating,"967,1,0"
968,terminating,"968,1027,93,35,13,1,0"
969,terminating,"969,471,161,31,1,0"
970,terminating,"970,794,400,561,303,105,87,33,15,9,4,3,1,0"
971,terminating,"971,1,0"
972,terminating,"972,1576,1394,874,566,286,218,112,136,134,70,74,40,50,43,1,0"
973,terminating,"973,147,81,40,50,43,1,0"
974,terminating,"974,490,536,484,447,153,81,40,50,43,1,0"
975,terminating,"975,761,1,0"
976,terminating,"976,946,638,442,314,160,218,112,136,134,70,74,40,50,43,1,0"
977,terminating,"977,1,0"
306,terminating,"306,396,696,1104,1872,3770,3790,3050,2716,2772,5964,10164,19628,19684,22876,26404,30044,33796,38780,54628,54684,111300,263676,465668,465724,465780,1026060,2325540,5335260,11738916,23117724,45956820,121129260,266485716,558454764,1092873236,1470806764,1471882804,1642613196,2737688884,2740114636,2791337780,4946860492,4946860548,9344070652,9344070708,15573451404,27078171764,27284104204,27410152084,27410152140,76787720100,220578719452,254903331620,361672366300,603062136740,921203207260,1381419996068,1395444575644,1395478688996,1395546402460,2069258468900,3065057872156,3277068463844,3429776547484,3597527970596,4028517592540,5641400009252,5641400009308,5641400009364,9709348326636,16331909651988,31948891146732,54770416120644,100509779504316,208751080955844,388416032284476,749365894850244,1414070378301756,2556878765995204,2556878765995260,6726041614128900,15626498692840700,23762659088671300,35168735451235260,78257359358590020,186897487211247036,340813223900632644,592585414385033916,1326583294186844484,2594892903616159356,4946738730471899844,8244565422068579772,13740942370114299844,13780400058385352252,13780400058385352308,14272557426581383244,14272557426581383300,18446744073709551615,12975236915480337153,4795611492407455743,1611886117489773057,731499588401765823,361234489444355745,268405918824104415,196944792516298785,169658910938402655,168779278729818273,82427089612238943,53283595548004257,20054455049299551,6685052046318369,3134557278711135,2300444557735905,2425406978173599,1578441311884641,526147103961551,4625535833569,755298850931,2440141,221843,1525,397,1,0"
307,terminating,"307,1,0"
308,terminating,"308,364,420,924,1764,3423,1825,469,75,49,8,7,1,0"
309,terminating,"309,107,1,0"
310,terminating,"310,266,214,110,106,56,64,63,41,1,0"
311,terminating,"311,1,0"
312,terminating,"312,528,960,2088,3762,5598,6570,10746,13254,13830,19434,20886,21606,25098,26742,26754,40446,63234,77406,110754,171486,253458,295740,647748,1077612,1467588,1956812,2109796,1889486,953914,668966,353578,176792,254128,308832,502104,753216,1240176,2422288,2697920,3727264,3655076,2760844,2100740,2310856,2455544,3212776,3751064,3282196,2723020,3035684,2299240,2988440,5297320,8325080,11222920,15359480,19199440,28875608,25266172,19406148,26552604,40541052,54202884,72270540,147793668,228408732,348957876,508132204,404465636,303708376,290504024,312058216,294959384,290622016,286081174,151737434,75868720,108199856,101437396,76247552,76099654,42387146,21679318,12752594,7278382,3660794,1855066,927536,932464,1013592,1546008,2425752,5084088,8436192,13709064,20563656,33082104,57142536,99483384,245978376,487384824,745600776,1118401224,1677601896,2538372504,4119772776,8030724504,14097017496,21148436904,40381357656,60572036544,100039354704,179931895322,94685963278,51399021218,28358080762,18046051430,17396081338,8698040672,8426226964,6319670230,5422685354,3217383766,1739126474,996366646,636221402,318217798,195756362,101900794,54202694,49799866,24930374,17971642,11130830,8904682,4913018,3126502,1574810,1473382,736694,541162,312470,249994,127286,69898,34952,34708,26038,13994,7000,11720,14740,19532,16588,18692,14026,7016,6154,3674,2374,1190,1402,704,820,944,916,694,350,394,200,265,59,1,0"
313,terminating,"313,1,0"
314,terminating,"314,160,218,112,136,134,70,74,40,50,43,1,0"
315,terminating,"315,309,107,1,0"
316,terminating,"316,244,190,170,154,134,70,74,40,50,43,1,0"
317,terminating,"317,1,0"
318,terminating,"318,330,534,546,798,1122,1470,2634,2646,4194,4932,7626,8502,9978,9990,17370,28026,35136,67226,33616,37808,40312,35288,37072,45264,79728,146448,281166,281178,363942,424638,526338,722961,321329,1,0"
319,terminating,"319,41,1,0"
320,terminating,"320,442,314,160,218,112,136,134,70,74,40,50,43,1,0"
696,terminating,"696,1104,1872,3770,3790,3050,2716,2772,5964,10164,19628,19684,22876,26404,30044,33796,38780,54628,54684,111300,263676,465668,465724,465780,1026060,2325540,5335260,11738916,23117724,45956820,121129260,266485716,558454764,1092873236,1470806764,1471882804,1642613196,2737688884,2740114636,2791337780,4946860492,4946860548,9344070652,9344070708,15573451404,27078171764,27284104204,27410152084,27410152140,76787720100,220578719452,254903331620,361672366300,603062136740,921203207260,1381419996068,1395444575644,1395478688996,1395546402460,2069258468900,3065057872156,3277068463844,3429776547484,3597527970596,4028517592540,5641400009252,5641400009308,5641400009364,9709348326636,16331909651988,31948891146732,54770416120644,100509779504316,208751080955844,388416032284476,749365894850244,1414070378301756,2556878765995204,2556878765995260,6726041614128900,15626498692840700,23762659088671300,35168735451235260,78257359358590020,186897487211247036,340813223900632644,592585414385033916,1326583294186844484,2594892903616159356,4946738730471899844,8244565422068579772,13740942370114299844,13780400058385352252,13780400058385352308,14272557426581383244,14272557426581383300,18446744073709551615,12975236915480337153,4795611492407455743,1611886117489773057,731499588401765823,361234489444355745,268405918824104415,196944792516298785,169658910938402655,168779278729818273,82427089612238943,53283595548004257,20054455049299551,6685052046318369,3134557278711135,2300444557735905,2425406978173599,1578441311884641,526147103961551,4625535833569,755298850931,2440141,221843,1525,397,1,0"
697,terminating,"697,59,1,0"
698,terminating,"698,352,404,310,266,214,110,106,56,64,63,41,1,0"
699,terminating,"699,237,83,1,0"
700,terminating,"700,1036,1092,2044,2100,4844,4900,7469,1939,285,195,141,51,21,11,1,0"
701,terminating,"701,1,0"
396,terminating,"396,696,1104,1872,3770,3790,3050,2716,2772,5964,10164,19628,19684,22876,26404,30044,33796,38780,54628,54684,111300,263676,465668,465724,465780,1026060,2325540,5335260,11738916,23117724,45956820,121129260,266485716,558454764,1092873236,1470806764,1471882804,1642613196,2737688884,2740114636,2791337780,4946860492,4946860548,9344070652,9344070708,15573451404,27078171764,27284104204,27410152084,27410152140,76787720100,220578719452,254903331620,361672366300,603062136740,921203207260,1381419996068,1395444575644,1395478688996,1395546402460,2069258468900,3065057872156,3277068463844,3429776547484,3597527970596,4028517592540,5641400009252,5641400009308,5641400009364,9709348326636,16331909651988,31948891146732,54770416120644,100509779504316,208751080955844,388416032284476,749365894850244,1414070378301756,2556878765995204,2556878765995260,6726041614128900,15626498692840700,23762659088671300,35168735451235260,78257359358590020,186897487211247036,340813223900632644,592585414385033916,1326583294186844484,2594892903616159356,4946738730471899844,8244565422068579772,13740942370114299844,13780400058385352252,13780400058385352308,14272557426581383244,14272557426581383300,18446744073709551615,12975236915480337153,4795611492407455743,1611886117489773057,731499588401765823,361234489444355745,268405918824104415,196944792516298785,169658910938402655,168779278729818273,82427089612238943,53283595548004257,20054455049299551,6685052046318369,3134557278711135,2300444557735905,2425406978173599,1578441311884641,526147103961551,4625535833569,755298850931,2440141,221843,1525,397,1,0"
397,terminating,"397,1,0"
398,terminating,"398,202,104,106,56,64,63,41,1,0"
399,terminating,"399,241,1,0"
400,terminating,"400,561,303,105,87,33,15,9,4,3,1,0"
401,terminating,"401,1,0"
402,terminating,"402,414,522,648,1167,393,135,105,87,33,15,9,4,3,1,0"
403,terminating,"403,45,33,15,9,4,3,1,0"
404,terminating,"404,310,266,214,110,106,56,64,63,41,1,0"
405,terminating,"405,321,111,41,1,0"
406,terminating,"406,314,160,218,112,136,134,70,74,40,50,43,1,0"
407,terminating,"407,49,8,7,1,0"
408,terminating,"408,672,1344,2720,4084,3070,2474,1240,1640,2140,2396,1804,1724,1300,1738,1142,574,434,334,170,154,134,70,74,40,50,43,1,0"
409,terminating,"409,1,0"
410,terminating,"410,346,176,196,203,37,1,0"
411,terminating,"411,141,51,21,11,1,0"
412,terminating,"412,316,244,190,170,154,134,70,74,40,50,43,1,0"
413,terminating,"413,67,1,0"
414,terminating,"414,522,648,1167,393,135,105,87,33,15,9,4,3,1,0"
415,terminating,"415,89,1,0"
416,terminating,"416,466,236,184,176,196,203,37,1,0"
276,terminating,"276,396,696,1104,1872,3770,3790,3050,2716,2772,5964,10164,19628,19684,22876,26404,30044,33796,38780,54628,54684,111300,263676,465668,465724,465780,1026060,2325540,5335260,11738916,23117724,45956820,121129260,266485716,558454764,1092873236,1470806764,1471882804,1642613196,2737688884,2740114636,2791337780,4946860492,4946860548,9344070652,9344070708,15573451404,27078171764,27284104204,27410152084,27410152140,76787720100,220578719452,254903331620,361672366300,603062136740,921203207260,1381419996068,1395444575644,1395478688996,1395546402460,2069258468900,3065057872156,3277068463844,3429776547484,3597527970596,4028517592540,5641400009252,5641400009308,5641400009364,9709348326636,16331909651988,31948891146732,54770416120644,100509779504316,208751080955844,388416032284476,749365894850244,1414070378301756,2556878765995204,2556878765995260,6726041614128900,15626498692840700,23762659088671300,35168735451235260,78257359358590020,186897487211247036,340813223900632644,592585414385033916,1326583294186844484,2594892903616159356,4946738730471899844,8244565422068579772,13740942370114299844,13780400058385352252,13780400058385352308,14272557426581383244,14272557426581383300,18446744073709551615,12975236915480337153,4795611492407455743,1611886117489773057,731499588401765823,361234489444355745,268405918824104415,196944792516298785,169658910938402655,168779278729818273,82427089612238943,53283595548004257,20054455049299551,6685052046318369,3134557278711135,2300444557735905,2425406978173599,1578441311884641,526147103961551,4625535833569,755298850931,2440141,221843,1525,397,1,0"
277,terminating,"277,1,0"
278,terminating,"278,142,74,40,50,43,1,0"
279,terminating,"279,137,1,0"
280,terminating,"280,440,640,890,730,602,454,230,202,104,106,56,64,63,41,1,0"
281,terminating,"281,1,0"
282,terminating,"282,294,390,618,630,1242,1638,2730,5334,6954,7926,7938,12753,7267,785,163,1,0"
283,terminating,"283,1,0"
284,amicable,"284,220"
285,terminating,"285,195,141,51,21,11,1,0"
286,terminating,"286,218,112,136,134,70,74,40,50,43,1,0"
287,terminating,"287,49,8,7,1,0"
288,terminating,"288,531,249,87,33,15,9,4,3,1,0"
780,terminating,"780,1572,2124,3336,5064,7656,13944,26376,49464,88536,187944,295896,443904,812340,1652304,2767056,4803888,7914048,13495104,30725280,79741440,196505388,300216656,285162916,237325596,325831908,434442572,325831936,347001764,260735800,434766560,592369816,518323604,399201004,340495100,465552268,349164208,327341476,386858780,660449188,660449244,1275089956,1326589544,1591234456,1869454184,1907347936,2136597368,1927982632,1687830008,1476851272,1549164728,1355519152,1472824128,2428160704,2390220820,3015356084,2946399436,2219933204,1697726164,1273591500,2435111316,4505089644,8249900436,13250766444,17667688620,31801839684,50902645116,68311735764,100424225196,163782878804,157632369196,132743047884,179219034996,253378636524,469364621076,808466882964,1223065284876,1899182242068,2532933314892,4033930835108,3476984189596,2608558569252,3985297814226,4023073151502,4113479290818,4113479290830,8150663431218,12314223635406,19021855888434,24456828403662,24456828403674,33400095866406,41025955455450,87522179850270,160752206062530,257204778352830,582855787227042,886186681902414,1034002020631818,1454075262184182,1742529178082874,1742581706624934,2255275930841178,3011054068857126,3215358222394074,3423082058789670,5706879792828570,9610585471811430,16130542135671450,28318062860404710,40045378598887962,40536410262347238,40536444317790858,40550300562714198,43430502547685802,43430505981393750,69885402054320298,77241760165301622,92294863126228362,93496666024371318,93497001710637642,108230228021541558,110228150683152042,123245911376118102,166581668788799658,174707641076515734,209360680894795866,210327704825031078,210330301289003418,213153526809662982,224177998753304058,247775682832599462,254755279532110170,421642919684306598,421646091330059418,421646091330059430,616136355045125850,1060482535478260134,1060777613821292346,1385297851436906694,1790493068686394682,2133709360930628118,2941727912299551114,3432163722064897626,4086820243432760742,4992964806777394266,5877193519621131174,6890645886501113946,9398026399476218022,11666515530384271818,13610934872556650550,18446744073709551615,12975236915480337153,4795611492407455743,1611886117489773057,731499588401765823,361234489444355745,268405918824104415,196944792516298785,169658910938402655,168779278729818273,82427089612238943,53283595548004257,20054455049299551,6685052046318369,3134557278711135,2300444557735905,2425406978173599,1578441311884641,526147103961551,4625535833569,755298850931,2440141,221843,1525,397,1,0"
781,terminating,"781,83,1,0"
782,terminating,"782,514,260,328,302,154,134,70,74,40,50,43,1,0"
783,aspiring,"783,417,143,25,6"
784,terminating,"784,983,1,0"
785,terminating,"785,163,1,0"
786,terminating,"786,798,1122,1470,2634,2646,4194,4932,7626,8502,9978,9990,17370,28026,35136,67226,33616,37808,40312,35288,37072,45264,79728,146448,281166,281178,363942,424638,526338,722961,321329,1,0"
787,terminating,"787,1,0"
788,terminating,"788,598,410,346,176,196,203,37,1,0"
789,terminating,"789,267,93,35,13,1,0"
790,aspiring,"790,650,652,496"
791,terminating,"791,121,12,16,15,9,4,3,1,0"
792,terminating,"792,1548,2456,2164,1630,1322,664,596,454,230,202,104,106,56,64,63,41,1,0"
793,terminating,"793,75,49,8,7,1,0"
794,terminating,"794,400,561,303,105,87,33,15,9,4,3,1,0"
795,terminating,"795,501,171,89,1,0"
796,terminating,"796,604,460,548,418,302,154,134,70,74,40,50,43,1,0"
797,terminating,"797,1,0"
798,terminating,"798,1122,1470,2634,2646,4194,4932,7626,8502,9978,9990,17370,28026,35136,67226,33616,37808,40312,35288,37072,45264,79728,146448,281166,281178,363942,424638,526338,722961,321329,1,0"
799,terminating,"799,65,19,1,0"
800,terminating,"800,1153,1,0"
978,terminating,"978,990,1818,2160,5280,12864,21680,28912,31848,47832,71808,148512,359520,946848,1895712,4539360,12180336,23781648,44267568,76111632,139130668,104348008,92030552,80526748,62286692,55099864,51042536,47249404,35492780,39042100,45679474,22839740,36962884,38008124,53126668,54930932,54930988,60686612,62153644,62153700,155582364,259304164,266871836,327310564,327768476,327768532,396478124,397718356,398447980,557827508,557827564,583593332,645414448,787922384,739137616,953968304,894345316,774937460,1009670092,763542524,617043844,462782890,370226330,300597094,254298266,127318438,78349850,67380964,67381020,170849700,455276892,785095332,1353047388,2730005796,4680011532,8989919988,15034639116,25057732084,30907073036,33007287796,34078491020,50530186420,70844827340,99182758612,106237222700,165551444212,195690975116,228113158756,254901208604,263632807396,274851227420,507715459300,751418881500,1749303191076,3480682068444,6604825822756,7467599613404,7483271439364,7483271439420,19285028182980,48485555197884,91621492377156,191982873147324,371492151175236,719488350665532,1652151220493508,3368985514491324,6306049809179204,6306049809179260,8828469732851300,13066135204621660,18405797678228324,21945449165668756,26323036089475244,27487354482052276,27492212193118540,38489217056547572,39864013609492492,41491116205801108,49034955515947436,58804502365944916,71372078274996884,93526580908250476,101659327074186644,111202674691272556,112182433939666580,158408361492762220,225535865174877908,232980109946018092,241300936709076188,260041794337473316,282654124279863644,341008402262784676,364526223108495644,368599141802455396,368822249063390108,370877736802670692,377810030948521052,398232194783578372,398239194643966844,408534386130917956,486602641614267836,486602641614267892,486602641614267948,934231026364583892,1557425833260726828,2595709978031227092,4326183296718712044,9780311870838919956,18446744073709551615,12975236915480337153,4795611492407455743,1611886117489773057,731499588401765823,361234489444355745,268405918824104415,196944792516298785,169658910938402655,168779278729818273,82427089612238943,53283595548004257,20054455049299551,6685052046318369,3134557278711135,2300444557735905,2425406978173599,1578441311884641,526147103961551,4625535833569,755298850931,2440141,221843,1525,397,1,0"
979,terminating,"979,101,1,0"
980,terminating,"980,1414,1034,694,350,394,200,265,59,1,0"
981,terminating,"981,449,1,0"
982,terminating,"982,494,346,176,196,203,37,1,0"
983,terminating,"983,1,0"
984,terminating,"984,1536,2556,3996,6644,6124,4600,6560,9316,8072,7078,3542,3370,2714,1606,1058,601,1,0"
985,terminating,"985,203,37,1,0"
986,terminating,"986,634,320,442,314,160,218,112,136,134,70,74,40,50,43,1,0"
987,terminating,"987,549,257,1,0"
988,terminating,"988,972,1576,1394,874,566,286,218,112,136,134,70,74,40,50,43,1,0"
989,terminating,"989,67,1,0"
702,terminating,"702,978,990,1818,2160,5280,12864,21680,28912,31848,47832,71808,148512,359520,946848,1895712,4539360,12180336,23781648,44267568,76111632,139130668,104348008,92030552,80526748,62286692,55099864,51042536,47249404,35492780,39042100,45679474,22839740,36962884,38008124,53126668,54930932,54930988,60686612,62153644,62153700,155582364,259304164,266871836,327310564,327768476,327768532,396478124,397718356,398447980,557827508,557827564,583593332,645414448,787922384,739137616,953968304,894345316,774937460,1009670092,763542524,617043844,462782890,370226330,300597094,254298266,127318438,78349850,67380964,67381020,170849700,455276892,785095332,1353047388,2730005796,4680011532,8989919988,15034639116,25057732084,30907073036,33007287796,34078491020,50530186420,70844827340,99182758612,106237222700,165551444212,195690975116,228113158756,254901208604,263632807396,274851227420,507715459300,751418881500,1749303191076,3480682068444,6604825822756,7467599613404,7483271439364,7483271439420,19285028182980,48485555197884,91621492377156,191982873147324,371492151175236,719488350665532,1652151220493508,3368985514491324,6306049809179204,6306049809179260,8828469732851300,13066135204621660,18405797678228324,21945449165668756,26323036089475244,27487354482052276,27492212193118540,38489217056547572,39864013609492492,41491116205801108,49034955515947436,58804502365944916,71372078274996884,93526580908250476,101659327074186644,111202674691272556,112182433939666580,158408361492762220,225535865174877908,232980109946018092,241300936709076188,260041794337473316,282654124279863644,341008402262784676,364526223108495644,368599141802455396,368822249063390108,370877736802670692,377810030948521052,398232194783578372,398239194643966844,408534386130917956,486602641614267836,486602641614267892,486602641614267948,934231026364583892,1557425833260726828,2595709978031227092,4326183296718712044,9780311870838919956,18446744073709551615,12975236915480337153,4795611492407455743,1611886117489773057,731499588401765823,361234489444355745,268405918824104415,196944792516298785,169658910938402655,168779278729818273,82427089612238943,53283595548004257,20054455049299551,6685052046318369,3134557278711135,2300444557735905,2425406978173599,1578441311884641,526147103961551,4625535833569,755298850931,2440141,221843,1525,397,1,0"
703,terminating,"703,57,23,1,0"
704,terminating,"704,820,944,916,694,350,394,200,265,59,1,0"
564,terminating,"564,780,1572,2124,3336,5064,7656,13944,26376,49464,88536,187944,295896,443904,812340,1652304,2767056,4803888,7914048,13495104,30725280,79741440,196505388,300216656,285162916,237325596,325831908,434442572,325831936,347001764,260735800,434766560,592369816,518323604,399201004,340495100,465552268,349164208,327341476,386858780,660449188,660449244,1275089956,1326589544,1591234456,1869454184,1907347936,2136597368,1927982632,1687830008,1476851272,1549164728,1355519152,1472824128,2428160704,2390220820,3015356084,2946399436,2219933204,1697726164,1273591500,2435111316,4505089644,8249900436,13250766444,17667688620,31801839684,50902645116,68311735764,100424225196,163782878804,157632369196,132743047884,179219034996,253378636524,469364621076,808466882964,1223065284876,1899182242068,2532933314892,4033930835108,3476984189596,2608558569252,3985297814226,4023073151502,4113479290818,4113479290830,8150663431218,12314223635406,19021855888434,24456828403662,24456828403674,33400095866406,41025955455450,87522179850270,160752206062530,257204778352830,582855787227042,886186681902414,1034002020631818,1454075262184182,1742529178082874,1742581706624934,2255275930841178,3011054068857126,3215358222394074,3423082058789670,5706879792828570,9610585471811430,16130542135671450,28318062860404710,40045378598887962,40536410262347238,40536444317790858,40550300562714198,43430502547685802,43430505981393750,69885402054320298,77241760165301622,92294863126228362,93496666024371318,93497001710637642,108230228021541558,110228150683152042,123245911376118102,166581668788799658,174707641076515734,209360680894795866,210327704825031078,210330301289003418,213153526809662982,224177998753304058,247775682832599462,254755279532110170,421642919684306598,421646091330059418,421646091330059430,616136355045125850,1060482535478260134,1060777613821292346,1385297851436906694,1790493068686394682,2133709360930628118,2941727912299551114,3432163722064897626,4086820243432760742,4992964806777394266,5877193519621131174,6890645886501113946,9398026399476218022,11666515530384271818,13610934872556650550,18446744073709551615,12975236915480337153,4795611492407455743,1611886117489773057,731499588401765823,361234489444355745,268405918824104415,196944792516298785,169658910938402655,168779278729818273,82427089612238943,53283595548004257,20054455049299551,6685052046318369,3134557278711135,2300444557735905,2425406978173599,1578441311884641,526147103961551,4625535833569,755298850931,2440141,221843,1525,397,1,0"
565,aspiring,"565,119,25,6"
566,terminating,"566,286,218,112,136,134,70,74,40,50,43,1,0"
567,terminating,"567,401,1,0"
568,terminating,"568,512,511,81,40,50,43,1,0"
569,terminating,"569,1,0"
570,terminating,"570,870,1290,1878,1890,3870,6426,10854,13830,19434,20886,21606,25098,26742,26754,40446,63234,77406,110754,171486,253458,295740,647748,1077612,1467588,1956812,2109796,1889486,953914,668966,353578,176792,254128,308832,502104,753216,1240176,2422288,2697920,3727264,3655076,2760844,2100740,2310856,2455544,3212776,3751064,3282196,2723020,3035684,2299240,2988440,5297320,8325080,11222920,15359480,19199440,28875608,25266172,19406148,26552604,40541052,54202884,72270540,147793668,228408732,348957876,508132204,404465636,303708376,290504024,312058216,294959384,290622016,286081174,151737434,75868720,108199856,101437396,76247552,76099654,42387146,21679318,12752594,7278382,3660794,1855066,927536,932464,1013592,1546008,2425752,5084088,8436192,13709064,20563656,33082104,57142536,99483384,245978376,487384824,745600776,1118401224,1677601896,2538372504,4119772776,8030724504,14097017496,21148436904,40381357656,60572036544,100039354704,179931895322,94685963278,51399021218,28358080762,18046051430,17396081338,8698040672,8426226964,6319670230,5422685354,3217383766,1739126474,996366646,636221402,318217798,195756362,101900794,54202694,49799866,24930374,17971642,11130830,8904682,4913018,3126502,1574810,1473382,736694,541162,312470,249994,127286,69898,34952,34708,26038,13994,7000,11720,14740,19532,16588,18692,14026,7016,6154,3674,2374,1190,1402,704,820,944,916,694,350,394,200,265,59,1,0"
571,terminating,"571,1,0"
572,terminating,"572,604,460,548,418,302,154,134,70,74,40,50,43,1,0"
573,terminating,"573,195,141,51,21,11,1,0"
574,terminating,"574,434,334,170,154,134,70,74,40,50,43,1,0"
575,terminating,"575,169,14,10,8,7,1,0"
576,terminating,"576,1075,289,18,21,11,1,0"
990,terminating,"990,1818,2160,5280,12864,21680,28912,31848,47832,71808,148512,359520,946848,1895712,4539360,12180336,23781648,44267568,76111632,139130668,104348008,92030552,80526748,62286692,55099864,51042536,47249404,35492780,39042100,45679474,22839740,36962884,38008124,53126668,54930932,54930988,60686612,62153644,62153700,155582364,259304164,266871836,327310564,327768476,327768532,396478124,397718356,398447980,557827508,557827564,583593332,645414448,787922384,739137616,953968304,894345316,774937460,1009670092,763542524,617043844,462782890,370226330,300597094,254298266,127318438,78349850,67380964,67381020,170849700,455276892,785095332,1353047388,2730005796,4680011532,8989919988,15034639116,25057732084,30907073036,33007287796,34078491020,50530186420,70844827340,99182758612,106237222700,165551444212,195690975116,228113158756,254901208604,263632807396,274851227420,507715459300,751418881500,1749303191076,3480682068444,6604825822756,7467599613404,7483271439364,7483271439420,19285028182980,48485555197884,91621492377156,191982873147324,371492151175236,719488350665532,1652151220493508,3368985514491324,6306049809179204,6306049809179260,8828469732851300,13066135204621660,18405797678228324,21945449165668756,26323036089475244,27487354482052276,27492212193118540,38489217056547572,39864013609492492,41491116205801108,49034955515947436,58804502365944916,71372078274996884,93526580908250476,101659327074186644,111202674691272556,112182433939666580,158408361492762220,225535865174877908,232980109946018092,241300936709076188,260041794337473316,282654124279863644,341008402262784676,364526223108495644,368599141802455396,368822249063390108,370877736802670692,377810030948521052,398232194783578372,398239194643966844,408534386130917956,486602641614267836,486602641614267892,486602641614267948,934231026364583892,1557425833260726828,2595709978031227092,4326183296718712044,9780311870838919956,18446744073709551615,12975236915480337153,4795611492407455743,1611886117489773057,731499588401765823,361234489444355745,268405918824104415,196944792516298785,169658910938402655,168779278729818273,82427089612238943,53283595548004257,20054455049299551,6685052046318369,3134557278711135,2300444557735905,2425406978173599,1578441311884641,526147103961551,4625535833569,755298850931,2440141,221843,1525,397,1,0"
991,terminating,"991,1,0"
992,terminating,"992,1024,1023,513,287,49,8,7,1,0"
1002,terminating,"1002,1014,1182,1194,1206,1446,1458,1821,611,61,1,0"
1003,terminating,"1003,77,19,1,0"
1004,terminating,"1004,760,1040,1564,1460,1648,1576,1394,874,566,286,218,112,136,134,70,74,40,50,43,1,0"
1005,terminating,"1005,627,333,161,31,1,0"
1006,terminating,"1006,506,358,182,154,134,70,74,40,50,43,1,0"
1007,terminating,"1007,73,1,0"
1008,terminating,"1008,2216,1954,980,1414,1034,694,350,394,200,265,59,1,0"
1009,terminating,"1009,1,0"
1010,terminating,"1010,826,614,310,266,214,110,106,56,64,63,41,1,0"
1011,terminating,"1011,341,43,1,0"
1012,terminating,"1012,1004,760,1040,1564,1460,1648,1576,1394,874,566,286,218,112,136,134,70,74,40,50,43,1,0"
1013,terminating,"1013,1,0"
1014,terminating,"1014,1182,1194,1206,1446,1458,1821,611,61,1,0"
1015,terminating,"1015,425,133,27,13,1,0"
1016,terminating,"1016,904,806,538,272,286,218,112,136,134,70,74,40,50,43,1,0"
1017,terminating,"1017,465,303,105,87,33,15,9,4,3,1,0"
1034,terminating,"1034,694,350,394,200,265,59,1,0"
1035,terminating,"1035,837,443,1,0"
1036,terminating,"1036,1092,2044,2100,4844,4900,7469,1939,285,195,141,51,21,11,1,0"
1037,terminating,"1037,79,1,0"
1038,terminating,"1038,1050,1926,2286,2706,3342,3354,4038,4050,7203,4001,1,0"
1018,terminating,"1018,512,511,81,40,50,43,1,0"
1039,terminating,"1039,1,0"
1040,terminating,"1040,1564,1460,1648,1576,1394,874,566,286,218,112,136,134,70,74,40,50,43,1,0"
1041,terminating,"1041,351,209,31,1,0"
1019,terminating,"1019,1,0"
1066,terminating,"1066,698,352,404,310,266,214,110,106,56,64,63,41,1,0"
1067,terminating,"1067,109,1,0"
1042,terminating,"1042,524,400,561,303,105,87,33,15,9,4,3,1,0"
1043,terminating,"1043,157,1,0"
1068,terminating,"1068,1452,2272,2264,1996,1504,1520,2200,3380,4306,2156,2632,3128,3352,2948,2764,2080,3212,3004,2260,2528,2512,2386,1196,1156,993,335,73,1,0"
1020,terminating,"1020,2004,2700,5980,8132,6988,5248,5462,2734,1370,1114,560,928,962,634,320,442,314,160,218,112,136,134,70,74,40,50,43,1,0"
1069,terminating,"1069,1,0"
1070,terminating,"1070,874,566,286,218,112,136,134,70,74,40,50,43,1,0"
1071,terminating,"1071,801,369,177,63,41,1,0"
1072,terminating,"1072,1036,1092,2044,2100,4844,4900,7469,1939,285,195,141,51,21,11,1,0"
1073,terminating,"1073,67,1,0"
1021,terminating,"1021,1,0"
1022,terminating,"1022,754,506,358,182,154,134,70,74,40,50,43,1,0"
1023,terminating,"1023,513,287,49,8,7,1,0"
1024,terminating,"1024,1023,513,287,49,8,7,1,0"
1025,terminating,"1025,277,1,0"
1162,terminating,"1162,854,634,320,442,314,160,218,112,136,134,70,74,40,50,43,1,0"
1163,terminating,"1163,1,0"
1164,terminating,"1164,1580,1780,2000,2836,2134,1394,874,566,286,218,112,136,134,70,74,40,50,43,1,0"
1165,terminating,"1165,239,1,0"
1166,terminating,"1166,778,392,463,1,0"
1167,terminating,"1167,393,135,105,87,33,15,9,4,3,1,0"
1168,terminating,"1168,1126,566,286,218,112,136,134,70,74,40,50,43,1,0"
1169,terminating,"1169,175,73,1,0"
1026,terminating,"1026,1374,1386,2358,2790,4698,6192,11540,12736,12664,11096,11104,10820,11944,10466,5236,6860,9940,14252,14308,15218,10894,6746,3376,3196,2852,2524,1900,2440,3140,3496,3704,3256,3584,4600,6560,9316,8072,7078,3542,3370,2714,1606,1058,601,1,0"
1027,terminating,"1027,93,35,13,1,0"
1028,terminating,"1028,778,392,463,1,0"
1130,terminating,"1130,922,464,466,236,184,176,196,203,37,1,0"
1131,terminating,"1131,549,257,1,0"
1029,terminating,"1029,571,1,0"
1132,terminating,"1132,856,764,580,680,940,1076,814,554,280,440,640,890,730,602,454,230,202,104,106,56,64,63,41,1,0"
1133,terminating,"1133,115,29,1,0"
1030,terminating,"1030,842,424,386,196,203,37,1,0"
1194,terminating,"1194,1206,1446,1458,1821,611,61,1,0"
1195,terminating,"1195,245,97,1,0"
1031,terminating,"1031,1,0"
1196,terminating,"1196,1156,993,335,73,1,0"
1197,terminating,"1197,883,1,0"
1198,terminating,"1198,602,454,230,202,104,106,56,64,63,41,1,0"
1199,terminating,"1199,121,12,16,15,9,4,3,1,0"
1200,terminating,"1200,2644,1990,1610,1846,1178,742,554,280,440,640,890,730,602,454,230,202,104,106,56,64,63,41,1,0"
1201,terminating,"1201,1,0"
1202,terminating,"1202,604,460,548,418,302,154,134,70,74,40,50,43,1,0"
1203,terminating,"1203,405,321,111,41,1,0"
1032,terminating,"1032,1608,2472,3768,5712,12144,23568,37440,101244,180996,241356,321836,251044,188290,168830,135082,88478,59698,34622,24754,12380,13660,15068,11308,10364,7780,8600,11860,13088,12742,7274,3640,6440,10840,13640,20920,26240,38020,41864,36646,19298,9652,8268,12900,25292,18976,18446,10498,5882,3514,2534,1834,1334,826,614,310,266,214,110,106,56,64,63,41,1,0"
1033,terminating,"1033,1,0"
1226,terminating,"1226,616,824,736,776,694,350,394,200,265,59,1,0"
1227,terminating,"1227,413,67,1,0"
1228,terminating,"1228,928,962,634,320,442,314,160,218,112,136,134,70,74,40,50,43,1,0"
1229,terminating,"1229,1,0"
1258,terminating,"1258,794,400,561,303,105,87,33,15,9,4,3,1,0"
1259,terminating,"1259,1,0"
1204,terminating,"1204,1260,3108,5404,5460,13356,25956,49756,49812,83244,138964,144326,127978,67322,36250,34040,48040,60140,71572,58208,64264,60836,47692,35776,42456,69144,110376,244824,373356,594884,446170,356954,219706,118874,88720,117740,174916,174972,291844,302666,256438,217322,185014,92510,95626,49274,25894,17198,8602,6950,6070,4874,2440,3140,3496,3704,3256,3584,4600,6560,9316,8072,7078,3542,3370,2714,1606,1058,601,1,0"
1205,terminating,"1205,247,33,15,9,4,3,1,0"
1206,terminating,"1206,1446,1458,1821,611,61,1,0"
1207,terminating,"1207,89,1,0"
1208,terminating,"1208,1072,1036,1092,2044,2100,4844,4900,7469,1939,285,195,141,51,21,11,1,0"
1209,terminating,"1209,583,65,19,1,0"
1260,terminating,"1260,3108,5404,5460,13356,25956,49756,49812,83244,138964,144326,127978,67322,36250,34040,48040,60140,71572,58208,64264,60836,47692,35776,42456,69144,110376,244824,373356,594884,446170,356954,219706,118874,88720,117740,174916,174972,291844,302666,256438,217322,185014,92510,95626,49274,25894,17198,8602,6950,6070,4874,2440,3140,3496,3704,3256,3584,4600,6560,9316,8072,7078,3542,3370,2714,1606,1058,601,1,0"
1261,terminating,"1261,111,41,1,0"
1262,terminating,"1262,634,320,442,314,160,218,112,136,134,70,74,40,50,43,1,0"
1210,amicable,"1210,1184"
1211,terminating,"1211,181,1,0"
1263,terminating,"1263,425,133,27,13,1,0"
1264,terminating,"1264,1216,1324,1000,1340,1516,1144,1376,1396,1054,674,340,416,466,236,184,176,196,203,37,1,0"
1265,terminating,"1265,463,1,0"
1212,terminating,"1212,1644,2220,4164,5580,11892,15884,16120,24200,37645,7535,2401,400,561,303,105,87,33,15,9,4,3,1,0"
1213,terminating,"1213,1,0"
1322,terminating,"1322,664,596,454,230,202,104,106,56,64,63,41,1,0"
1323,terminating,"1323,957,483,285,195,141,51,21,11,1,0"
1324,terminating,"1324,1000,1340,1516,1144,1376,1396,1054,674,340,416,466,236,184,176,196,203,37,1,0"
1325,terminating,"1325,349,1,0"
1354,terminating,"1354,680,940,1076,814,554,280,440,640,890,730,602,454,230,202,104,106,56,64,63,41,1,0"
1355,terminating,"1355,277,1,0"
1214,terminating,"1214,610,506,358,182,154,134,70,74,40,50,43,1,0"
1215,terminating,"1215,969,471,161,31,1,0"
1216,terminating,"1216,1324,1000,1340,1516,1144,1376,1396,1054,674,340,416,466,236,184,176,196,203,37,1,0"
1217,terminating,"1217,1,0"
1386,terminating,"1386,2358,2790,4698,6192,11540,12736,12664,11096,11104,10820,11944,10466,5236,6860,9940,14252,14308,15218,10894,6746,3376,3196,2852,2524,1900,2440,3140,3496,3704,3256,3584,4600,6560,9316,8072,7078,3542,3370,2714,1606,1058,601,1,0"
1387,terminating,"1387,93,35,13,1,0"
1388,terminating,"1388,1048,932,706,356,274,140,196,203,37,1,0"
1389,terminating,"1389,467,1,0"
1390,terminating,"1390,1130,922,464,466,236,184,176,196,203,37,1,0"
1391,terminating,"1391,121,12,16,15,9,4,3,1,0"
1418,terminating,"1418,712,638,442,314,160,218,112,136,134,70,74,40,50,43,1,0"
1419,terminating,"1419,693,555,357,219,77,19,1,0"
1420,non-terminating,"1420,1604,1210,1184,1210"
1421,terminating,"1421,289,18,21,11,1,0"
1450,terminating,"1450,1340,1516,1144,1376,1396,1054,674,340,416,466,236,184,176,196,203,37,1,0"
1451,terminating,"1451,1,0"
1452,terminating,"1452,2272,2264,1996,1504,1520,2200,3380,4306,2156,2632,3128,3352,2948,2764,2080,3212,3004,2260,2528,2512,2386,1196,1156,993,335,73,1,0"
1453,terminating,"1453,1,0"
1454,terminating,"1454,730,602,454,230,202,104,106,56,64,63,41,1,0"
1455,terminating,"1455,897,447,153,81,40,50,43,1,0"
1456,terminating,"1456,2016,4536,9984,18632,18628,13978,7802,4294,2546,1534,986,634,320,442,314,160,218,112,136,134,70,74,40,50,43,1,0"
1457,terminating,"1457,79,1,0"
1458,terminating,"1458,1821,611,61,1,0"
1459,terminating,"1459,1,0"
1460,terminating,"1460,1648,1576,1394,874,566,286,218,112,136,134,70,74,40,50,43,1,0"
1461,terminating,"1461,491,1,0"
1462,terminating,"1462,914,460,548,418,302,154,134,70,74,40,50,43,1,0"
1463,terminating,"1463,457,1,0"
1514,terminating,"1514,760,1040,1564,1460,1648,1576,1394,874,566,286,218,112,136,134,70,74,40,50,43,1,0"
1515,terminating,"1515,933,315,309,107,1,0"
1516,terminating,"1516,1144,1376,1396,1054,674,340,416,466,236,184,176,196,203,37,1,0"
1517,terminating,"1517,79,1,0"
1546,terminating,"1546,776,694,350,394,200,265,59,1,0"
1547,terminating,"1547,469,75,49,8,7,1,0"
1548,terminating,"1548,2456,2164,1630,1322,664,596,454,230,202,104,106,56,64,63,41,1,0"
1549,terminating,"1549,1,0"
1550,terminating,"1550,1426,878,442,314,160,218,112,136,134,70,74,40,50,43,1,0"
1551,terminating,"1551,753,255,177,63,41,1,0"
1552,terminating,"1552,1486,746,376,344,316,244,190,170,154,134,70,74,40,50,43,1,0"
1553,terminating,"1553,1,0"
1610,terminating,"1610,1846,1178,742,554,280,440,640,890,730,602,454,230,202,104,106,56,64,63,41,1,0"
1611,terminating,"1611,729,364,420,924,1764,3423,1825,469,75,49,8,7,1,0"
1612,terminating,"1612,1524,2060,2308,1738,1142,574,434,334,170,154,134,70,74,40,50,43,1,0"
1613,terminating,"1613,1,0"
1614,terminating,"1614,1626,1638,2730,5334,6954,7926,7938,12753,7267,785,163,1,0"
1615,terminating,"1615,545,115,29,1,0"
1616,terminating,"1616,1546,776,694,350,394,200,265,59,1,0"
1617,terminating,"1617,1119,377,43,1,0"
1618,terminating,"1618,812,868,924,1764,3423,1825,469,75,49,8,7,1,0"
1619,terminating,"1619,1,0"
1642,terminating,"1642,824,736,776,694,350,394,200,265,59,1,0"
1643,terminating,"1643,85,23,1,0"
1644,terminating,"1644,2220,4164,5580,11892,15884,16120,24200,37645,7535,2401,400,561,303,105,87,33,15,9,4,3,1,0"
1645,terminating,"1645,659,1,0"
1646,terminating,"1646,826,614,310,266,214,110,106,56,64,63,41,1,0"
1647,terminating,"1647,833,193,1,0"
1648,terminating,"1648,1576,1394,874,566,286,218,112,136,134,70,74,40,50,43,1,0"
1649,terminating,"1649,115,29,1,0"
1706,terminating,"1706,856,764,580,680,940,1076,814,554,280,440,640,890,730,602,454,230,202,104,106,56,64,63,41,1,0"
1707,terminating,"1707,573,195,141,51,21,11,1,0"
1708,terminating,"1708,1764,3423,1825,469,75,49,8,7,1,0"
1709,terminating,"1709,1,0"
1738,terminating,"1738,1142,574,434,334,170,154,134,70,74,40,50,43,1,0"
1739,terminating,"1739,85,23,1,0"
1740,terminating,"1740,3300,7116,9516,14788,11098,6182,3970,3194,1600,2337,1023,513,287,49,8,7,1,0"
1741,terminating,"1741,1,0"
1742,terminating,"1742,1114,560,928,962,634,320,442,314,160,218,112,136,134,70,74,40,50,43,1,0"
1743,terminating,"1743,945,975,761,1,0"
1744,terminating,"1744,1666,1412,1066,698,352,404,310,266,214,110,106,56,64,63,41,1,0"
1745,terminating,"1745,355,77,19,1,0"
1746,terminating,"1746,2076,2796,3756,5036,3784,4136,4504,3956,3436,2584,2816,3316,2494,1466,736,776,694,350,394,200,265,59,1,0"
1747,terminating,"1747,1,0"
1748,terminating,"1748,1612,1524,2060,2308,1738,1142,574,434,334,170,154,134,70,74,40,50,43,1,0"
1749,terminating,"1749,843,285,195,141,51,21,11,1,0"
1750,terminating,"1750,1994,1000,1340,1516,1144,1376,1396,1054,674,340,416,466,236,184,176,196,203,37,1,0"
1751,terminating,"1751,121,12,16,15,9,4,3,1,0"
1752,terminating,"1752,2688,5472,10908,17652,23564,18940,20876,17932,13456,13545,13911,4641,3423,1825,469,75,49,8,7,1,0"
1753,terminating,"1753,1,0"
1802,terminating,"1802,1114,560,928,962,634,320,442,314,160,218,112,136,134,70,74,40,50,43,1,0"
1803,terminating,"1803,605,193,1,0"
1754,terminating,"1754,880,1352,1393,207,105,87,33,15,9,4,3,1,0"
1804,terminating,"1804,1724,1300,1738,1142,574,434,334,170,154,134,70,74,40,50,43,1,0"
1805,terminating,"1805,481,51,21,11,1,0"
1755,terminating,"1755,1605,987,549,257,1,0"
1756,terminating,"1756,1324,1000,1340,1516,1144,1376,1396,1054,674,340,416,466,236,184,176,196,203,37,1,0"
1757,terminating,"1757,259,45,33,15,9,4,3,1,0"
1834,terminating,"1834,1334,826,614,310,266,214,110,106,56,64,63,41,1,0"
1835,terminating,"1835,373,1,0"
1898,non-terminating,"1898,1210,1184,1210"
1899,terminating,"1899,857,1,0"
1900,terminating,"1900,2440,3140,3496,3704,3256,3584,4600,6560,9316,8072,7078,3542,3370,2714,1606,1058,601,1,0"
1901,terminating,"1901,1,0"
1930,terminating,"1930,1562,1030,842,424,386,196,203,37,1,0"
1931,terminating,"1931,1,0"
1994,terminating,"1994,1000,1340,1516,1144,1376,1396,1054,674,340,416,466,236,184,176,196,203,37,1,0"
1995,terminating,"1995,1845,1431,729,364,420,924,1764,3423,1825,469,75,49,8,7,1,0"
1996,terminating,"1996,1504,1520,2200,3380,4306,2156,2632,3128,3352,2948,2764,2080,3212,3004,2260,2528,2512,2386,1196,1156,993,335,73,1,0"
1997,terminating,"1997,1,0"
1482,terminating,"1482,1878,1890,3870,6426,10854,13830,19434,20886,21606,25098,26742,26754,40446,63234,77406,110754,171486,253458,295740,647748,1077612,1467588,1956812,2109796,1889486,953914,668966,353578,176792,254128,308832,502104,753216,1240176,2422288,2697920,3727264,3655076,2760844,2100740,2310856,2455544,3212776,3751064,3282196,2723020,3035684,2299240,2988440,5297320,8325080,11222920,15359480,19199440,28875608,25266172,19406148,26552604,40541052,54202884,72270540,147793668,228408732,348957876,508132204,404465636,303708376,290504024,312058216,294959384,290622016,286081174,151737434,75868720,108199856,101437396,76247552,76099654,42387146,21679318,12752594,7278382,3660794,1855066,927536,932464,1013592,1546008,2425752,5084088,8436192,13709064,20563656,33082104,57142536,99483384,245978376,487384824,745600776,1118401224,1677601896,2538372504,4119772776,8030724504,14097017496,21148436904,40381357656,60572036544,100039354704,179931895322,94685963278,51399021218,28358080762,18046051430,17396081338,8698040672,8426226964,6319670230,5422685354,3217383766,1739126474,996366646,636221402,318217798,195756362,101900794,54202694,49799866,24930374,17971642,11130830,8904682,4913018,3126502,1574810,1473382,736694,541162,312470,249994,127286,69898,34952,34708,26038,13994,7000,11720,14740,19532,16588,18692,14026,7016,6154,3674,2374,1190,1402,704,820,944,916,694,350,394,200,265,59,1,0"
1483,terminating,"1483,1,0"
1484,terminating,"1484,1540,2492,2548,3038,2434,1220,1384,1226,616,824,736,776,694,350,394,200,265,59,1,0"
1485,terminating,"1485,1395,1101,371,61,1,0"
1486,terminating,"1486,746,376,344,316,244,190,170,154,134,70,74,40,50,43,1,0"
1487,terminating,"1487,1,0"
1290,terminating,"1290,1878,1890,3870,6426,10854,13830,19434,20886,21606,25098,26742,26754,40446,63234,77406,110754,171486,253458,295740,647748,1077612,1467588,1956812,2109796,1889486,953914,668966,353578,176792,254128,308832,502104,753216,1240176,2422288,2697920,3727264,3655076,2760844,2100740,2310856,2455544,3212776,3751064,3282196,2723020,3035684,2299240,2988440,5297320,8325080,11222920,15359480,19199440,28875608,25266172,19406148,26552604,40541052,54202884,72270540,147793668,228408732,348957876,508132204,404465636,303708376,290504024,312058216,294959384,290622016,286081174,151737434,75868720,108199856,101437396,76247552,76099654,42387146,21679318,12752594,7278382,3660794,1855066,927536,932464,1013592,1546008,2425752,5084088,8436192,13709064,20563656,33082104,57142536,99483384,245978376,487384824,745600776,1118401224,1677601896,2538372504,4119772776,8030724504,14097017496,21148436904,40381357656,60572036544,100039354704,179931895322,94685963278,51399021218,28358080762,18046051430,17396081338,8698040672,8426226964,6319670230,5422685354,3217383766,1739126474,996366646,636221402,318217798,195756362,101900794,54202694,49799866,24930374,17971642,11130830,8904682,4913018,3126502,1574810,1473382,736694,541162,312470,249994,127286,69898,34952,34708,26038,13994,7000,11720,14740,19532,16588,18692,14026,7016,6154,3674,2374,1190,1402,704,820,944,916,694,350,394,200,265,59,1,0"
1291,terminating,"1291,1,0"
1292,terminating,"1292,1228,928,962,634,320,442,314,160,218,112,136,134,70,74,40,50,43,1,0"
1293,terminating,"1293,435,285,195,141,51,21,11,1,0"
1294,aspiring,"1294,650,652,496"
1295,terminating,"1295,529,24,36,55,17,1,0"
1296,terminating,"1296,2455,497,79,1,0"
1297,terminating,"1297,1,0"
1298,terminating,"1298,862,434,334,170,154,134,70,74,40,50,43,1,0"
1299,terminating,"1299,437,43,1,0"
1300,terminating,"1300,1738,1142,574,434,334,170,154,134,70,74,40,50,43,1,0"
1301,terminating,"1301,1,0"
1518,terminating,"1518,1938,2382,2394,3846,3858,3870,6426,10854,13830,19434,20886,21606,25098,26742,26754,40446,63234,77406,110754,171486,253458,295740,647748,1077612,1467588,1956812,2109796,1889486,953914,668966,353578,176792,254128,308832,502104,753216,1240176,2422288,2697920,3727264,3655076,2760844,2100740,2310856,2455544,3212776,3751064,3282196,2723020,3035684,2299240,2988440,5297320,8325080,11222920,15359480,19199440,28875608,25266172,19406148,26552604,40541052,54202884,72270540,147793668,228408732,348957876,508132204,404465636,303708376,290504024,312058216,294959384,290622016,286081174,151737434,75868720,108199856,101437396,76247552,76099654,42387146,21679318,12752594,7278382,3660794,1855066,927536,932464,1013592,1546008,2425752,5084088,8436192,13709064,20563656,33082104,57142536,99483384,245978376,487384824,745600776,1118401224,1677601896,2538372504,4119772776,8030724504,14097017496,21148436904,40381357656,60572036544,100039354704,179931895322,94685963278,51399021218,28358080762,18046051430,17396081338,8698040672,8426226964,6319670230,5422685354,3217383766,1739126474,996366646,636221402,318217798,195756362,101900794,54202694,49799866,24930374,17971642,11130830,8904682,4913018,3126502,1574810,1473382,736694,541162,312470,249994,127286,69898,34952,34708,26038,13994,7000,11720,14740,19532,16588,18692,14026,7016,6154,3674,2374,1190,1402,704,820,944,916,694,350,394,200,265,59,1,0"
1519,terminating,"1519,305,67,1,0"
1520,terminating,"1520,2200,3380,4306,2156,2632,3128,3352,2948,2764,2080,3212,3004,2260,2528,2512,2386,1196,1156,993,335,73,1,0"
1866,terminating,"1866,1878,1890,3870,6426,10854,13830,19434,20886,21606,25098,26742,26754,40446,63234,77406,110754,171486,253458,295740,647748,1077612,1467588,1956812,2109796,1889486,953914,668966,353578,176792,254128,308832,502104,753216,1240176,2422288,2697920,3727264,3655076,2760844,2100740,2310856,2455544,3212776,3751064,3282196,2723020,3035684,2299240,2988440,5297320,8325080,11222920,15359480,19199440,28875608,25266172,19406148,26552604,40541052,54202884,72270540,147793668,228408732,348957876,508132204,404465636,303708376,290504024,312058216,294959384,290622016,286081174,151737434,75868720,108199856,101437396,76247552,76099654,42387146,21679318,12752594,7278382,3660794,1855066,927536,932464,1013592,1546008,2425752,5084088,8436192,13709064,20563656,33082104,57142536,99483384,245978376,487384824,745600776,1118401224,1677601896,2538372504,4119772776,8030724504,14097017496,21148436904,40381357656,60572036544,100039354704,179931895322,94685963278,51399021218,28358080762,18046051430,17396081338,8698040672,8426226964,6319670230,5422685354,3217383766,1739126474,996366646,636221402,318217798,195756362,101900794,54202694,49799866,24930374,17971642,11130830,8904682,4913018,3126502,1574810,1473382,736694,541162,312470,249994,127286,69898,34952,34708,26038,13994,7000,11720,14740,19532,16588,18692,14026,7016,6154,3674,2374,1190,1402,704,820,944,916,694,350,394,200,265,59,1,0"
1867,terminating,"1867,1,0"
1868,terminating,"1868,1408,1652,1708,1764,3423,1825,469,75,49,8,7,1,0"
1869,terminating,"1869,1011,341,43,1,0"
1870,terminating,"1870,2018,1012,1004,760,1040,1564,1460,1648,1576,1394,874,566,286,218,112,136,134,70,74,40,50,43,1,0"
1871,terminating,"1871,1,0"
1230,terminating,"1230,1794,2238,2250,3834,4806,5994,7800,18240,42720,93360,196800,464616,845784,1583136,3134304,5779692,8927364,11903180,13093540,14562452,10952044,8477100,18096720,38003856,69989232,111494688,181179120,382534800,850005360,2077798320,5436939456,13611841344,27151952160,58376698656,103064581344,183468805152,326466554880,719573109504,1200224007216,2575114581344,2541802824256,2732755713728,2690113709752,3074415668408,3538667495752,3125307868148,2367864259792,2269283363408,2127662291812,1634689178492,1226328809644,951927514964,806237780230,696106321658,500730919174,250872618914,130661857792,130447937924,106894566076,80229096132,121699471548,178969811604,247679526252,330239368364,247679526280,328899177320,516841565080,656343059720,820638723280,1150879813556,1138326313036,1219667926964,914750945230,754991626514,401719736686,200864100794,153724816966,110178630842,96135611206,48071354738,37586253262,19029024338,9515509150,10728373730,8648612374,4503610346,2251805176,2218690664,2019846556,2363905124,2516416924,2822447684,2833698364,2835423556,3018355900,4627961996,4793246752,5991558944,7856377312,9827394080,16882751200,30220140272,38327993200,74112389520,187470868080,394593127440,862560933360,2193369236496,4117823071344,7409571177312,13661396858988,21789269737812,33289162099526,16646505875818,14520387041174,10371705029434,7408714647302,4292472445738,2267721292250,2114394086950,1818378914870,1922286281578,1258935675734,801140884594,404892788366,275667459442,137861310314,131722241686,111639742130,118729538638,65505952442,46789966054,28793825306,14869486438,7874298938,5014758886,2508105098,1478982526,1056416114,659643406,401553794,204477214,105105434,75732454,54094634,39908566,19954286,12767122,6399134,4704994,3875102,3372130,2697722,1360678,888026,487078,243542,210058,107894,56386,36980,42526,27098,15994,10214,5110,5546,3094,2954,2134,1394,874,566,286,218,112,136,134,70,74,40,50,43,1,0"
1231,terminating,"1231,1,0"
1232,terminating,"1232,1744,1666,1412,1066,698,352,404,310,266,214,110,106,56,64,63,41,1,0"
1233,terminating,"1233,561,303,105,87,33,15,9,4,3,1,0"
1234,terminating,"1234,620,724,550,566,286,218,112,136,134,70,74,40,50,43,1,0"
1235,aspiring,"1235,445,95,25,6"
1236,terminating,"1236,1676,1264,1216,1324,1000,1340,1516,1144,1376,1396,1054,674,340,416,466,236,184,176,196,203,37,1,0"
1237,terminating,"1237,1,0"
1238,terminating,"1238,622,314,160,218,112,136,134,70,74,40,50,43,1,0"
1239,terminating,"1239,681,231,153,81,40,50,43,1,0"
1240,terminating,"1240,1640,2140,2396,1804,1724,1300,1738,1142,574,434,334,170,154,134,70,74,40,50,43,1,0"
1241,terminating,"1241,91,21,11,1,0"
1242,terminating,"1242,1638,2730,5334,6954,7926,7938,12753,7267,785,163,1,0"
1243,terminating,"1243,125,31,1,0"
1244,terminating,"1244,940,1076,814,554,280,440,640,890,730,602,454,230,202,104,106,56,64,63,41,1,0"
1245,terminating,"1245,771,261,129,47,1,0"
1246,terminating,"1246,914,460,548,418,302,154,134,70,74,40,50,43,1,0"
1247,terminating,"1247,73,1,0"
1554,terminating,"1554,2094,2106,2976,5088,8520,17400,38400,88452,196924,228004,255836,255892,339948,708372,1392748,1392804,2631580,3684548,3684604,4502876,4502932,4630444,5343604,5343660,13185396,26489484,54204276,91794444,159862836,267246924,448180404,751570764,1364852916,2941349292,5570458740,15496055820,38223608724,83083812588,167486431812,279144053244,569939236356,949898727484,992342373932,1145297512660,1658425537580,2348154885076,3199503255788,3314812365844,3443559550676,3613591553824,4516989442784,7101552358432,9725794352288,12183704104096,15564708569312,19455885712144,25405109000432,34158129752944,32023246643416,41683781196584,36476416191436,33944282238548,30858438398764,25921786028036,21678093130684,18919760053316,14997606112444,11248204584340,12373380835820,13923780365764,10442835274330,8354268219482,4193688144154,2096844072080,3034905897520,5029272631664,4714943092216,5388506391224,5636718469816,6478455493064,5783258140336,5422024396664,4785649630456,4187443426664,3873977867416,3650103060584,3354164516536,2934893951984,3103316995192,2715705134768,2550923435680,3699796104560,4919635981360,6518690066240,10944586970560,15137399032496,16447366256896,16383118732966,8435206044602,4559964181318,3995517910202,4217251922758,3185421778106,1610123870662,805068389234,467969903566,321729552434,160864776220,178104221924,133578166450,114910112318,58832690626,30072665078,15588948682,7795374614,3897687310,3932309234,2808792334,1450089314,731104606,365552306,264575374,188982434,96655534,48327770,45176038,28515386,14257696,15464444,11626060,12788708,9591538,6154862,4476658,2274062,1658098,1020410,844966,476954,238480,368624,345616,324046,195794,99886,49946,36238,18122,13630,12290,9850,8564,6430,5162,2938,1850,1684,1270,1034,694,350,394,200,265,59,1,0"
1555,terminating,"1555,317,1,0"
1556,terminating,"1556,1174,590,490,536,484,447,153,81,40,50,43,1,0"
1557,terminating,"1557,705,447,153,81,40,50,43,1,0"
1558,terminating,"1558,962,634,320,442,314,160,218,112,136,134,70,74,40,50,43,1,0"
1559,terminating,"1559,1,0"
1170,terminating,"1170,2106,2976,5088,8520,17400,38400,88452,196924,228004,255836,255892,339948,708372,1392748,1392804,2631580,3684548,3684604,4502876,4502932,4630444,5343604,5343660,13185396,26489484,54204276,91794444,159862836,267246924,448180404,751570764,1364852916,2941349292,5570458740,15496055820,38223608724,83083812588,167486431812,279144053244,569939236356,949898727484,992342373932,1145297512660,1658425537580,2348154885076,3199503255788,3314812365844,3443559550676,3613591553824,4516989442784,7101552358432,9725794352288,12183704104096,15564708569312,19455885712144,25405109000432,34158129752944,32023246643416,41683781196584,36476416191436,33944282238548,30858438398764,25921786028036,21678093130684,18919760053316,14997606112444,11248204584340,12373380835820,13923780365764,10442835274330,8354268219482,4193688144154,2096844072080,3034905897520,5029272631664,4714943092216,5388506391224,5636718469816,6478455493064,5783258140336,5422024396664,4785649630456,4187443426664,3873977867416,3650103060584,3354164516536,2934893951984,3103316995192,2715705134768,2550923435680,3699796104560,4919635981360,6518690066240,10944586970560,15137399032496,16447366256896,16383118732966,8435206044602,4559964181318,3995517910202,4217251922758,3185421778106,1610123870662,805068389234,467969903566,321729552434,160864776220,178104221924,133578166450,114910112318,58832690626,30072665078,15588948682,7795374614,3897687310,3932309234,2808792334,1450089314,731104606,365552306,264575374,188982434,96655534,48327770,45176038,28515386,14257696,15464444,11626060,12788708,9591538,6154862,4476658,2274062,1658098,1020410,844966,476954,238480,368624,345616,324046,195794,99886,49946,36238,18122,13630,12290,9850,8564,6430,5162,2938,1850,1684,1270,1034,694,350,394,200,265,59,1,0"
1171,terminating,"1171,1,0"
1172,terminating,"1172,886,446,226,116,94,50,43,1,0"
1173,terminating,"1173,555,357,219,77,19,1,0"
1174,terminating,"1174,590,490,536,484,447,153,81,40,50,43,1,0"
1175,terminating,"1175,313,1,0"
1176,terminating,"1176,2244,3804,5100,10524,14060,17860,22460,24748,20612,15466,11894,6946,3998,2002,2030,2290,1850,1684,1270,1034,694,350,394,200,265,59,1,0"
1177,aspiring,"1177,119,25,6"
1178,terminating,"1178,742,554,280,440,640,890,730,602,454,230,202,104,106,56,64,63,41,1,0"
1179,terminating,"1179,537,183,65,19,1,0"
1180,terminating,"1180,1340,1516,1144,1376,1396,1054,674,340,416,466,236,184,176,196,203,37,1,0"
1181,terminating,"1181,1,0"
1182,terminating,"1182,1194,1206,1446,1458,1821,611,61,1,0"
1183,terminating,"1183,281,1,0"
1184,amicable,"1184,1210"
1185,terminating,"1185,735,633,215,49,8,7,1,0"
1186,terminating,"1186,596,454,230,202,104,106,56,64,63,41,1,0"
1187,terminating,"1187,1,0"
1188,non-terminating,"1188,2172,2924,2620,2924"
1189,terminating,"1189,71,1,0"
1190,terminating,"1190,1402,704,820,944,916,694,350,394,200,265,59,1,0"
1191,terminating,"1191,401,1,0"
1192,terminating,"1192,1058,601,1,0"
1193,terminating,"1193,1,0"
1521,terminating,"1521,858,1158,1170,2106,2976,5088,8520,17400,38400,88452,196924,228004,255836,255892,339948,708372,1392748,1392804,2631580,3684548,3684604,4502876,4502932,4630444,5343604,5343660,13185396,26489484,54204276,91794444,159862836,267246924,448180404,751570764,1364852916,2941349292,5570458740,15496055820,38223608724,83083812588,167486431812,279144053244,569939236356,949898727484,992342373932,1145297512660,1658425537580,2348154885076,3199503255788,3314812365844,3443559550676,3613591553824,4516989442784,7101552358432,9725794352288,12183704104096,15564708569312,19455885712144,25405109000432,34158129752944,32023246643416,41683781196584,36476416191436,33944282238548,30858438398764,25921786028036,21678093130684,18919760053316,14997606112444,11248204584340,12373380835820,13923780365764,10442835274330,8354268219482,4193688144154,2096844072080,3034905897520,5029272631664,4714943092216,5388506391224,5636718469816,6478455493064,5783258140336,5422024396664,4785649630456,4187443426664,3873977867416,3650103060584,3354164516536,2934893951984,3103316995192,2715705134768,2550923435680,3699796104560,4919635981360,6518690066240,10944586970560,15137399032496,16447366256896,16383118732966,8435206044602,4559964181318,3995517910202,4217251922758,3185421778106,1610123870662,805068389234,467969903566,321729552434,160864776220,178104221924,133578166450,114910112318,58832690626,30072665078,15588948682,7795374614,3897687310,3932309234,2808792334,1450089314,731104606,365552306,264575374,188982434,96655534,48327770,45176038,28515386,14257696,15464444,11626060,12788708,9591538,6154862,4476658,2274062,1658098,1020410,844966,476954,238480,368624,345616,324046,195794,99886,49946,36238,18122,13630,12290,9850,8564,6430,5162,2938,1850,1684,1270,1034,694,350,394,200,265,59,1,0"
1522,terminating,"1522,764,580,680,940,1076,814,554,280,440,640,890,730,602,454,230,202,104,106,56,64,63,41,1,0"
1523,terminating,"1523,1,0"
1524,terminating,"1524,2060,2308,1738,1142,574,434,334,170,154,134,70,74,40,50,43,1,0"
1525,terminating,"1525,397,1,0"
1526,terminating,"1526,1114,560,928,962,634,320,442,314,160,218,112,136,134,70,74,40,50,43,1,0"
1527,terminating,"1527,513,287,49,8,7,1,0"
1528,terminating,"1528,1352,1393,207,105,87,33,15,9,4,3,1,0"
1529,terminating,"1529,151,1,0"
1710,terminating,"1710,2970,5670,11754,13752,23688,51192,94008,141072,223488,427526,272098,147194,73600,116120,145240,181640,250360,365240,494440,646040,857320,1071740,1235572,1093104,1966472,1735828,1311104,1301116,987044,840796,789140,1134124,951316,812684,620860,719780,958540,1237892,1046908,808932,1078604,808960,1156640,1576300,2157836,1646524,1635524,1486924,1127324,1024924,789476,592114,302954,151480,238760,314200,416780,665140,931532,1165108,1165164,2522772,5218668,11903892,25427052,53825940,132775020,331001748,760541292,1492916628,2490326636,2492988820,3524827628,3530360596,3702575660,5183606260,7370428940,10560940852,12481112588,12481112644,17623960508,20935668292,25605989948,30285997252,30573080188,34370987924,39658833004,41211587732,41211587788,42695114924,53420518564,53420518620,131770616964,220630419324,433833337476,968456265084,2100700764036,4076359821114,5241034055814,5337199819626,5337199819638,6979141213722,8147569309254,9516864662658,11103131607930,19721291643270,42357371012730,71543356060590,121564608079410,206732590044966,258936054156522,302135189842458,487524897248742,571581342231066,666844899269616,1279728304928784,2513206992836016,4880141275173072,7726890352357488,13769727091931408,14973900865721200,27505094545817360,36445367869087816,31889696885451854,15948418727906146,8799127574017274,5780231679986326,2898674919482858,1482596328952342,806143636415978,575816883154294,287908441577150,248301335229250,216812581415582,110503352862562,70973108494430,56778486795562,41059244737238,37356288988522,26728513811798,14761479258202,9917154796838,5036957229082,2520587315174,1260309373186,651395856074,334344776026,181254214670,145105289410,116095329590,95399615434,47731154774,23865577390,19258918514,12330904366,7846939178,4887146074,2531895206,1265947606,1156609322,736024150,695142062,361854994,181589486,116174938,74998022,48284410,38851502,19470874,9735440,18762736,17590096,18277648,17135326,10638098,6092398,3749210,3182446,1601594,807994,584486,431578,334502,238954,122234,87334,53786,26896,26517,8843,277,1,0"
1711,terminating,"1711,89,1,0"
1712,terminating,"1712,1636,1234,620,724,550,566,286,218,112,136,134,70,74,40,50,43,1,0"
1713,terminating,"1713,575,169,14,10,8,7,1,0"
1714,terminating,"1714,860,988,972,1576,1394,874,566,286,218,112,136,134,70,74,40,50,43,1,0"
1715,aspiring,"1715,685,143,25,6"
1716,terminating,"1716,2988,4656,7496,6574,3866,1936,2187,1093,1,0"
1717,aspiring,"1717,119,25,6"
1718,terminating,"1718,862,434,334,170,154,134,70,74,40,50,43,1,0"
1719,terminating,"1719,777,439,1,0"
1720,terminating,"1720,2240,3856,3646,1826,1198,602,454,230,202,104,106,56,64,63,41,1,0"
1721,terminating,"1721,1,0"
1422,terminating,"1422,1698,1710,2970,5670,11754,13752,23688,51192,94008,141072,223488,427526,272098,147194,73600,116120,145240,181640,250360,365240,494440,646040,857320,1071740,1235572,1093104,1966472,1735828,1311104,1301116,987044,840796,789140,1134124,951316,812684,620860,719780,958540,1237892,1046908,808932,1078604,808960,1156640,1576300,2157836,1646524,1635524,1486924,1127324,1024924,789476,592114,302954,151480,238760,314200,416780,665140,931532,1165108,1165164,2522772,5218668,11903892,25427052,53825940,132775020,331001748,760541292,1492916628,2490326636,2492988820,3524827628,3530360596,3702575660,5183606260,7370428940,10560940852,12481112588,12481112644,17623960508,20935668292,25605989948,30285997252,30573080188,34370987924,39658833004,41211587732,41211587788,42695114924,53420518564,53420518620,131770616964,220630419324,433833337476,968456265084,2100700764036,4076359821114,5241034055814,5337199819626,5337199819638,6979141213722,8147569309254,9516864662658,11103131607930,19721291643270,42357371012730,71543356060590,121564608079410,206732590044966,258936054156522,302135189842458,487524897248742,571581342231066,666844899269616,1279728304928784,2513206992836016,4880141275173072,7726890352357488,13769727091931408,14973900865721200,27505094545817360,36445367869087816,31889696885451854,15948418727906146,8799127574017274,5780231679986326,2898674919482858,1482596328952342,806143636415978,575816883154294,287908441577150,248301335229250,216812581415582,110503352862562,70973108494430,56778486795562,41059244737238,37356288988522,26728513811798,14761479258202,9917154796838,5036957229082,2520587315174,1260309373186,651395856074,334344776026,181254214670,145105289410,116095329590,95399615434,47731154774,23865577390,19258918514,12330904366,7846939178,4887146074,2531895206,1265947606,1156609322,736024150,695142062,361854994,181589486,116174938,74998022,48284410,38851502,19470874,9735440,18762736,17590096,18277648,17135326,10638098,6092398,3749210,3182446,1601594,807994,584486,431578,334502,238954,122234,87334,53786,26896,26517,8843,277,1,0"
1423,terminating,"1423,1,0"
1424,terminating,"1424,1366,686,514,260,328,302,154,134,70,74,40,50,43,1,0"
1425,terminating,"1425,1055,217,39,17,1,0"
1426,terminating,"1426,878,442,314,160,218,112,136,134,70,74,40,50,43,1,0"
1427,terminating,"1427,1,0"
1428,terminating,"1428,2604,4564,4620,11508,19404,42840,125640,283860,633420,1562004,2535180,5206260,9371436,12495276,20190804,26921100,55087540,60803732,56587948,45117684,69280236,116780184,208518216,312777384,469166136,772745304,1187955816,1781933784,2716157736,4851795384,8337024936,14614443864,27722614536,48023931924,82013245164,134692975476,205780934846,107492498242,53746249124,42348933724,35852825156,27118586620,29830445324,24116652916,18087489694,10639699874,5379726934,2706299954,1471210894,735605450,632620780,816656420,898322104,809756216,781610824,685415096,602212744,711287846,355643926,246590714,123608986,61804496,72770224,68943920,91350880,128146160,170324320,242956688,264953512,248965388,248965444,290225852,310243108,343261436,345226084,363478556,363478612,383892908,438979156,520540076,520540132,539131250,616169806,498886994,249443500,314159540,346712980,406492340,486797260,537866996,403400254,201700130,166294750,145009490,131361862,68478170,54782554,27444794,17643046,8821526,6384874,3696566,1888594,944300,1555540,2282924,2282980,3442460,4965604,5062876,6042092,6693988,8128904,9877396,8355308,7779412,5834566,2942234,1471120,2600048,3337072,3287504,3661456,3432646,2557142,1826554,1027814,519394,259700,408226,345758,246994,164846,111634,55820,61444,46090,44630,35722,19034,10534,6026,3478,1994,1000,1340,1516,1144,1376,1396,1054,674,340,416,466,236,184,176,196,203,37,1,0"
1429,terminating,"1429,1,0"
1430,terminating,"1430,1594,800,1153,1,0"
1431,terminating,"1431,729,364,420,924,1764,3423,1825,469,75,49,8,7,1,0"
1432,terminating,"1432,1268,958,482,244,190,170,154,134,70,74,40,50,43,1,0"
1433,terminating,"1433,1,0"
1434,terminating,"1434,1446,1458,1821,611,61,1,0"
1435,terminating,"1435,581,91,21,11,1,0"
1436,terminating,"1436,1084,820,944,916,694,350,394,200,265,59,1,0"
1437,terminating,"1437,483,285,195,141,51,21,11,1,0"
1438,terminating,"1438,722,421,1,0"
1439,terminating,"1439,1,0"
1044,terminating,"1044,1686,1698,1710,2970,5670,11754,13752,23688,51192,94008,141072,223488,427526,272098,147194,73600,116120,145240,181640,250360,365240,494440,646040,857320,1071740,1235572,1093104,1966472,1735828,1311104,1301116,987044,840796,789140,1134124,951316,812684,620860,719780,958540,1237892,1046908,808932,1078604,808960,1156640,1576300,2157836,1646524,1635524,1486924,1127324,1024924,789476,592114,302954,151480,238760,314200,416780,665140,931532,1165108,1165164,2522772,5218668,11903892,25427052,53825940,132775020,331001748,760541292,1492916628,2490326636,2492988820,3524827628,3530360596,3702575660,5183606260,7370428940,10560940852,12481112588,12481112644,17623960508,20935668292,25605989948,30285997252,30573080188,34370987924,39658833004,41211587732,41211587788,42695114924,53420518564,53420518620,131770616964,220630419324,433833337476,968456265084,2100700764036,4076359821114,5241034055814,5337199819626,5337199819638,6979141213722,8147569309254,9516864662658,11103131607930,19721291643270,42357371012730,71543356060590,121564608079410,206732590044966,258936054156522,302135189842458,487524897248742,571581342231066,666844899269616,1279728304928784,2513206992836016,4880141275173072,7726890352357488,13769727091931408,14973900865721200,27505094545817360,36445367869087816,31889696885451854,15948418727906146,8799127574017274,5780231679986326,2898674919482858,1482596328952342,806143636415978,575816883154294,287908441577150,248301335229250,216812581415582,110503352862562,70973108494430,56778486795562,41059244737238,37356288988522,26728513811798,14761479258202,9917154796838,5036957229082,2520587315174,1260309373186,651395856074,334344776026,181254214670,145105289410,116095329590,95399615434,47731154774,23865577390,19258918514,12330904366,7846939178,4887146074,2531895206,1265947606,1156609322,736024150,695142062,361854994,181589486,116174938,74998022,48284410,38851502,19470874,9735440,18762736,17590096,18277648,17135326,10638098,6092398,3749210,3182446,1601594,807994,584486,431578,334502,238954,122234,87334,53786,26896,26517,8843,277,1,0"
1045,terminating,"1045,395,85,23,1,0"
1046,terminating,"1046,526,266,214,110,106,56,64,63,41,1,0"
1047,terminating,"1047,353,1,0"
1048,terminating,"1048,932,706,356,274,140,196,203,37,1,0"
1049,terminating,"1049,1,0"
1050,terminating,"1050,1926,2286,2706,3342,3354,4038,4050,7203,4001,1,0"
1051,terminating,"1051,1,0"
1052,terminating,"1052,796,604,460,548,418,302,154,134,70,74,40,50,43,1,0"
1053,terminating,"1053,641,1,0"
1054,terminating,"1054,674,340,416,466,236,184,176,196,203,37,1,0"
1055,terminating,"1055,217,39,17,1,0"
1056,terminating,"1056,1968,3240,7650,14112,32571,27333,12161,1,0"
1057,terminating,"1057,159,57,23,1,0"
1058,terminating,"1058,601,1,0"
1059,terminating,"1059,357,219,77,19,1,0"
1060,terminating,"1060,1208,1072,1036,1092,2044,2100,4844,4900,7469,1939,285,195,141,51,21,11,1,0"
1061,terminating,"1061,1,0"
1326,terminating,"1326,1698,1710,2970,5670,11754,13752,23688,51192,94008,141072,223488,427526,272098,147194,73600,116120,145240,181640,250360,365240,494440,646040,857320,1071740,1235572,1093104,1966472,1735828,1311104,1301116,987044,840796,789140,1134124,951316,812684,620860,719780,958540,1237892,1046908,808932,1078604,808960,1156640,1576300,2157836,1646524,1635524,1486924,1127324,1024924,789476,592114,302954,151480,238760,314200,416780,665140,931532,1165108,1165164,2522772,5218668,11903892,25427052,53825940,132775020,331001748,760541292,1492916628,2490326636,2492988820,3524827628,3530360596,3702575660,5183606260,7370428940,10560940852,12481112588,12481112644,17623960508,20935668292,25605989948,30285997252,30573080188,34370987924,39658833004,41211587732,41211587788,42695114924,53420518564,53420518620,131770616964,220630419324,433833337476,968456265084,2100700764036,4076359821114,5241034055814,5337199819626,5337199819638,6979141213722,8147569309254,9516864662658,11103131607930,19721291643270,42357371012730,71543356060590,121564608079410,206732590044966,258936054156522,302135189842458,487524897248742,571581342231066,666844899269616,1279728304928784,2513206992836016,4880141275173072,7726890352357488,13769727091931408,14973900865721200,27505094545817360,36445367869087816,31889696885451854,15948418727906146,8799127574017274,5780231679986326,2898674919482858,1482596328952342,806143636415978,575816883154294,287908441577150,248301335229250,216812581415582,110503352862562,70973108494430,56778486795562,41059244737238,37356288988522,26728513811798,14761479258202,9917154796838,5036957229082,2520587315174,1260309373186,651395856074,334344776026,181254214670,145105289410,116095329590,95399615434,47731154774,23865577390,19258918514,12330904366,7846939178,4887146074,2531895206,1265947606,1156609322,736024150,695142062,361854994,181589486,116174938,74998022,48284410,38851502,19470874,9735440,18762736,17590096,18277648,17135326,10638098,6092398,3749210,3182446,1601594,807994,584486,431578,334502,238954,122234,87334,53786,26896,26517,8843,277,1,0"
1327,terminating,"1327,1,0"
1328,terminating,"1328,1276,1244,940,1076,814,554,280,440,640,890,730,602,454,230,202,104,106,56,64,63,41,1,0"
1329,terminating,"1329,447,153,81,40,50,43,1,0"
1330,terminating,"1330,1550,1426,878,442,314,160,218,112,136,134,70,74,40,50,43,1,0"
1331,terminating,"1331,133,27,13,1,0"
1332,terminating,"1332,2126,1066,698,352,404,310,266,214,110,106,56,64,63,41,1,0"
1333,terminating,"1333,75,49,8,7,1,0"
1334,terminating,"1334,826,614,310,266,214,110,106,56,64,63,41,1,0"
1335,terminating,"1335,825,663,345,231,153,81,40,50,43,1,0"
1336,non-terminating,"1336,1184,1210,1184"
1337,terminating,"1337,199,1,0"
1674,terminating,"1674,2166,2406,2418,2958,3522,3534,4146,4158,7362,8628,11532,16272,29670,46362,46374,48666,48678,70362,86118,92058,95622,95634,180846,246834,381006,460458,562902,612138,612150,1316298,1350582,1509690,3086790,5380410,9377862,10943418,10943430,17188410,24257670,33960810,58388118,58565418,60170838,88970154,134757462,189472938,191888502,224449770,331833750,506247978,506508342,562778058,565133622,565133634,796862898,1062484410,1698730854,1819934946,2224365054,2224365066,3830671350,7551551034,8827348698,13041916902,19252353834,32643218646,39960429354,49580533080,128400918120,304645135320,711022807080,1659053220120,4078018845000,10533873852600,30016180777800,77847244092600,163672430657400,480817022949000,1199905593109200,3393419069805840,8404630008510960,23853140405126640,63141458686321680,186225026017186800,552563341771003920,1568438182455267312,3614099400835940880,8524457181249131376,15332500480534755264,18446744073709551615,12975236915480337153,4795611492407455743,1611886117489773057,731499588401765823,361234489444355745,268405918824104415,196944792516298785,169658910938402655,168779278729818273,82427089612238943,53283595548004257,20054455049299551,6685052046318369,3134557278711135,2300444557735905,2425406978173599,1578441311884641,526147103961551,4625535833569,755298850931,2440141,221843,1525,397,1,0"
1675,terminating,"1675,433,1,0"
1676,terminating,"1676,1264,1216,1324,1000,1340,1516,1144,1376,1396,1054,674,340,416,466,236,184,176,196,203,37,1,0"
1677,terminating,"1677,787,1,0"
1678,terminating,"1678,842,424,386,196,203,37,1,0"
1679,terminating,"1679,97,1,0"
1680,terminating,"1680,4272,6888,13272,25128,43122,43134,64386,100116,164876,130132,97606,52874,26440,33140,36496,34246,17126,8566,4286,2146,1274,1120,1904,2560,3578,1792,2296,2744,3256,3584,4600,6560,9316,8072,7078,3542,3370,2714,1606,1058,601,1,0"
1681,terminating,"1681,42,54,66,78,90,144,259,45,33,15,9,4,3,1,0"
1682,terminating,"1682,931,209,31,1,0"
1683,terminating,"1683,1125,903,505,107,1,0"
1684,terminating,"1684,1270,1034,694,350,394,200,265,59,1,0"
1685,terminating,"1685,343,57,23,1,0"
1356,terminating,"1356,1836,3204,4986,5856,9768,17592,26448,47952,94586,47296,46684,42524,31900,46220,50884,38170,36998,22810,18266,9136,8596,8652,14644,14700,34776,80424,137586,149838,194898,230478,236082,371310,519906,535038,688002,884670,1298658,1325598,1325610,2762838,3684330,7008534,9646650,20210814,26948298,34511478,34511490,62694450,144750606,255162306,342150270,696170370,1249384830,1750467234,1750950654,1767059586,2062619514,2406389472,4821678144,9729473856,16013092896,29625927804,52112106756,88867512444,132169953156,212809257084,283893510484,258684665516,194044546804,145539838896,231825484368,416963892426,429538683702,450006271818,498711745782,645391671714,752956950372,1300776053916,1734368071916,1300786525972,986529219820,1152320207636,1027433371444,771941461196,594730889764,593612406236,459840596884,353581580684,265284900724,224453346316,168393495204,295964325996,394619101356,541369929012,836662617900,1876240047300,3615679614012,4820965110804,6508880956876,5376901660196,5630868636124,4223151477100,4942748313948,6590392339380,11984912187084,18311522839956,29163653272044,47079691612740,95728706279784,170405777160216,339359310806184,655955814004056,1186415291370744,2043144476440776,3608106203085624,6163848096938136,13098242895497064,23734515916326456,43372170345735144,78393390086384856,170474514949762344,305014219019504856,543557024002690344,966323598227005656,1902155466499906344,2853233199749859576,4828548491884378584,8327077638698841336,14355820912199800824,18446744073709551615,12975236915480337153,4795611492407455743,1611886117489773057,731499588401765823,361234489444355745,268405918824104415,196944792516298785,169658910938402655,168779278729818273,82427089612238943,53283595548004257,20054455049299551,6685052046318369,3134557278711135,2300444557735905,2425406978173599,1578441311884641,526147103961551,4625535833569,755298850931,2440141,221843,1525,397,1,0"
1357,terminating,"1357,83,1,0"
1358,terminating,"1358,994,734,370,314,160,218,112,136,134,70,74,40,50,43,1,0"
1359,terminating,"1359,617,1,0"
1360,terminating,"1360,1988,2044,2100,4844,4900,7469,1939,285,195,141,51,21,11,1,0"
1361,terminating,"1361,1,0"
1362,terminating,"1362,1374,1386,2358,2790,4698,6192,11540,12736,12664,11096,11104,10820,11944,10466,5236,6860,9940,14252,14308,15218,10894,6746,3376,3196,2852,2524,1900,2440,3140,3496,3704,3256,3584,4600,6560,9316,8072,7078,3542,3370,2714,1606,1058,601,1,0"
1363,terminating,"1363,77,19,1,0"
1364,terminating,"1364,1324,1000,1340,1516,1144,1376,1396,1054,674,340,416,466,236,184,176,196,203,37,1,0"
1365,terminating,"1365,1323,957,483,285,195,141,51,21,11,1,0"
1366,terminating,"1366,686,514,260,328,302,154,134,70,74,40,50,43,1,0"
1367,terminating,"1367,1,0"
1368,terminating,"1368,2532,3404,2980,3320,4240,5804,4360,5540,6136,6464,6490,6470,5194,4040,5140,5696,5734,3194,1600,2337,1023,513,287,49,8,7,1,0"
1369,terminating,"1369,38,22,14,10,8,7,1,0"
1370,terminating,"1370,1114,560,928,962,634,320,442,314,160,218,112,136,134,70,74,40,50,43,1,0"
1371,terminating,"1371,461,1,0"
1372,terminating,"1372,1428,2604,4564,4620,11508,19404,42840,125640,283860,633420,1562004,2535180,5206260,9371436,12495276,20190804,26921100,55087540,60803732,56587948,45117684,69280236,116780184,208518216,312777384,469166136,772745304,1187955816,1781933784,2716157736,4851795384,8337024936,14614443864,27722614536,48023931924,82013245164,134692975476,205780934846,107492498242,53746249124,42348933724,35852825156,27118586620,29830445324,24116652916,18087489694,10639699874,5379726934,2706299954,1471210894,735605450,632620780,816656420,898322104,809756216,781610824,685415096,602212744,711287846,355643926,246590714,123608986,61804496,72770224,68943920,91350880,128146160,170324320,242956688,264953512,248965388,248965444,290225852,310243108,343261436,345226084,363478556,363478612,383892908,438979156,520540076,520540132,539131250,616169806,498886994,249443500,314159540,346712980,406492340,486797260,537866996,403400254,201700130,166294750,145009490,131361862,68478170,54782554,27444794,17643046,8821526,6384874,3696566,1888594,944300,1555540,2282924,2282980,3442460,4965604,5062876,6042092,6693988,8128904,9877396,8355308,7779412,5834566,2942234,1471120,2600048,3337072,3287504,3661456,3432646,2557142,1826554,1027814,519394,259700,408226,345758,246994,164846,111634,55820,61444,46090,44630,35722,19034,10534,6026,3478,1994,1000,1340,1516,1144,1376,1396,1054,674,340,416,466,236,184,176,196,203,37,1,0"
1373,terminating,"1373,1,0"
1374,terminating,"1374,1386,2358,2790,4698,6192,11540,12736,12664,11096,11104,10820,11944,10466,5236,6860,9940,14252,14308,15218,10894,6746,3376,3196,2852,2524,1900,2440,3140,3496,3704,3256,3584,4600,6560,9316,8072,7078,3542,3370,2714,1606,1058,601,1,0"
1375,terminating,"1375,497,79,1,0"
1376,terminating,"1376,1396,1054,674,340,416,466,236,184,176,196,203,37,1,0"
1377,terminating,"1377,801,369,177,63,41,1,0"
1378,terminating,"1378,890,730,602,454,230,202,104,106,56,64,63,41,1,0"
1379,terminating,"1379,205,47,1,0"
1380,non-terminating,"1380,2652,4404,5900,7120,9620,12724,9550,8306,4156,3124,2924,2620,2924"
1381,terminating,"1381,1,0"
1382,terminating,"1382,694,350,394,200,265,59,1,0"
1383,terminating,"1383,465,303,105,87,33,15,9,4,3,1,0"
1384,terminating,"1384,1226,616,824,736,776,694,350,394,200,265,59,1,0"
1385,terminating,"1385,283,1,0"
1686,terminating,"1686,1698,1710,2970,5670,11754,13752,23688,51192,94008,141072,223488,427526,272098,147194,73600,116120,145240,181640,250360,365240,494440,646040,857320,1071740,1235572,1093104,1966472,1735828,1311104,1301116,987044,840796,789140,1134124,951316,812684,620860,719780,958540,1237892,1046908,808932,1078604,808960,1156640,1576300,2157836,1646524,1635524,1486924,1127324,1024924,789476,592114,302954,151480,238760,314200,416780,665140,931532,1165108,1165164,2522772,5218668,11903892,25427052,53825940,132775020,331001748,760541292,1492916628,2490326636,2492988820,3524827628,3530360596,3702575660,5183606260,7370428940,10560940852,12481112588,12481112644,17623960508,20935668292,25605989948,30285997252,30573080188,34370987924,39658833004,41211587732,41211587788,42695114924,53420518564,53420518620,131770616964,220630419324,433833337476,968456265084,2100700764036,4076359821114,5241034055814,5337199819626,5337199819638,6979141213722,8147569309254,9516864662658,11103131607930,19721291643270,42357371012730,71543356060590,121564608079410,206732590044966,258936054156522,302135189842458,487524897248742,571581342231066,666844899269616,1279728304928784,2513206992836016,4880141275173072,7726890352357488,13769727091931408,14973900865721200,27505094545817360,36445367869087816,31889696885451854,15948418727906146,8799127574017274,5780231679986326,2898674919482858,1482596328952342,806143636415978,575816883154294,287908441577150,248301335229250,216812581415582,110503352862562,70973108494430,56778486795562,41059244737238,37356288988522,26728513811798,14761479258202,9917154796838,5036957229082,2520587315174,1260309373186,651395856074,334344776026,181254214670,145105289410,116095329590,95399615434,47731154774,23865577390,19258918514,12330904366,7846939178,4887146074,2531895206,1265947606,1156609322,736024150,695142062,361854994,181589486,116174938,74998022,48284410,38851502,19470874,9735440,18762736,17590096,18277648,17135326,10638098,6092398,3749210,3182446,1601594,807994,584486,431578,334502,238954,122234,87334,53786,26896,26517,8843,277,1,0"
1687,terminating,"1687,249,87,33,15,9,4,3,1,0"
1688,terminating,"1688,1492,1126,566,286,218,112,136,134,70,74,40,50,43,1,0"
1689,terminating,"1689,567,401,1,0"
1690,non-terminating,"1690,1604,1210,1184,1210"
1691,terminating,"1691,109,1,0"
1692,non-terminating,"1692,2676,3596,3124,2924,2620,2924"
1693,terminating,"1693,1,0"
1694,terminating,"1694,1498,1094,550,566,286,218,112,136,134,70,74,40,50,43,1,0"
1695,terminating,"1695,1041,351,209,31,1,0"
1696,terminating,"1696,1706,856,764,580,680,940,1076,814,554,280,440,640,890,730,602,454,230,202,104,106,56,64,63,41,1,0"
1697,terminating,"1697,1,0"
1074,terminating,"1074,1086,1098,1320,3000,6360,13080,26520,64200,136680,303960,668040,1448760,2897880,6778920,14760600,31761720,75003840,189623520,475142400,1262108388,1723154620,2250655556,1742856988,1307142748,981329732,781783228,602034452,452009644,339361524,535304268,852521892,1136695884,1577276916,2103035916,2946439284,3929652204,5827787796,7776685324,5832514000,8270509688,9780127192,10224678608,9793816912,12503327408,16831795024,19014020506,12221530694,6110765350,5783821562,2905321894,1452890954,744018046,372009026,201086074,143851526,122320954,92574746,58911238,34006922,22117558,13087562,6543784,6669836,6131764,5230160,8268976,7752196,6404156,5822044,4468124,3351100,4648388,4195132,3146356,2359774,1194434,645754,322880,446740,625772,625828,702044,702100,1172780,1642228,1684172,1684228,2013704,2787976,2457224,3288376,4301864,4916536,4844504,5536696,6457784,5680216,4970204,3746140,4205972,3204928,3154978,1577492,1640044,1640100,4359516,7266084,12110364,24392676,46570524,99366372,195054748,195054804,422103276,797306916,1342422620,2235075220,3224896640,5607585280,9550475792,12501867976,12760963184,11965178200,15862181360,21663592432,20325713384,17824425016,16461769784,16036899016,14032286654,7711071682,4472805758,2343120898,1261972022,647738194,323869100,404185864,353662646,176831326,126308114,68001166,37291058,29372266,26984888,36791272,42336728,48840232,56049368,49043212,36782416,40962608,40438804,40962796,40962852,79646364,156839340,346805844,681018156,1483273428,2776386732,4677034068,9318279852,18521525988,36357071772,60595119844,68250359324,70728331156,79049312300,126976667860,178494788780,288837025876,308756822444,341257541716,411685960364,414595417684,415679481644,415679481700,615205634652,1257496160004,2478974179836,4788190286852,4861847826556,4895034517604,5972872008796,7058848738340,9955885684444,10598770346276,11520402551644,13319262935636,14043705196864,17805411947040,40657250727264,66068032432056,99102848550744,148654272826176,298467742920384,491242519484736,808577733701664,1549773989597376,3137854204931904,5938864114056416,5753971111146184,5680675321307216,5353926965755684,4016029726304476,3012022294728364,2259016721046280,3459552466294520,4534818773389480,5669425540271960,7957633840080040,10725528329270360,13406910411588040,17591723856678680,22006278667630360,28186124046903080,36272307175118560,71186377015632032,103543821113652640,176024495893212512,259202877730739488,383652561944631392,496503074914110712,601349017996529288,620269712133230872,554725747706782688,538701707142877312,581154095025798848,622213895217842032,755545444193094144,1363212750460319136,3286505158087392864,7759817303994965664,18446744073709551615,12975236915480337153,4795611492407455743,1611886117489773057,731499588401765823,361234489444355745,268405918824104415,196944792516298785,169658910938402655,168779278729818273,82427089612238943,53283595548004257,20054455049299551,6685052046318369,3134557278711135,2300444557735905,2425406978173599,1578441311884641,526147103961551,4625535833569,755298850931,2440141,221843,1525,397,1,0"
1075,terminating,"1075,289,18,21,11,1,0"
1076,terminating,"1076,814,554,280,440,640,890,730,602,454,230,202,104,106,56,64,63,41,1,0"
1077,terminating,"1077,363,169,14,10,8,7,1,0"
1078,terminating,"1078,974,490,536,484,447,153,81,40,50,43,1,0"
1079,terminating,"1079,97,1,0"
1080,terminating,"1080,2520,6840,16560,41472,82311,27441,12209,451,53,1,0"
1081,terminating,"1081,71,1,0"
1082,terminating,"1082,544,590,490,536,484,447,153,81,40,50,43,1,0"
1083,terminating,"1083,441,300,568,512,511,81,40,50,43,1,0"
1084,terminating,"1084,820,944,916,694,350,394,200,265,59,1,0"
1085,terminating,"1085,451,53,1,0"
1248,terminating,"1248,2280,4920,10200,23280,49632,95520,206880,446304,725496,1280904,2154696,3232104,4915416,8833704,15258936,34507464,54545976,93182904,163959696,321898716,505610148,674146892,505939204,405161756,315495244,238616580,429510012,574866900,1333065672,2293269768,4120351992,7066841688,12076539192,20630754648,49094045352,101907983448,174221418672,402501493104,637294030872,956700217128,1435050325752,2457534265608,3973648991352,5960473487088,9437719871712,17588477945760,37886383435872,61565373083544,110244970437096,196096113835224,294144170752896,489415023721104,872162670479088,1380924228258680,2259836804573320,3654940138014020,4102822893011260,5404798356190340,6612929753457172,4959697315092886,2517726470825834,1489368874968406,744684437484206,372404381893714,189009259152686,149219095531666,74655753134054,37639808684266,18819904342136,18018694691464,15766357855046,7888175674618,4479932229062,2241455137234,1127406678662,717934154938,738638295878,534026386906,269588884358,134921177962,67473452630,54602334250,51124931030,42857921770,36726758678,18494860642,11466729758,7297009882,3778472270,3024626578,1597916090,1278332890,1028744390,822995530,916393142,740029258,370014632,377130508,282847888,280062512,283554688,304038752,294537604,233475224,204835096,179419544,162507976,142368824,163475176,156062264,136554496,171651584,239790832,224803936,281005424,347287696,495444080,656463592,581959448,665096632,581959568,546814540,634811444,496466956,378342980,416177320,595869800,808539940,1030923980,1136001508,852440472,1764755928,3382451592,6410772408,9616158672,15284643408,28633795632,59672486432,66914072800,97859756000,153035875168,199671727520,274350024880,369829285184,364101890080,597752047328,582406098160,771688080248,675272753752,593351165048,519182269432,527548870568,565327312792,599784248108,530294833492,397721125126,262192061114,144519198022,73685700890,61770567142,32856684794,16678520794,11603620646,6095937754,3048300314,1525269946,818437658,462595270,370076234,235889302,150351098,75418042,55127750,48071866,24035936,23284876,18373748,13780318,7280330,6129814,3064910,2451946,1850198,1321594,746822,392578,227342,118690,135326,70738,36650,31612,31668,62412,104244,194124,323764,346444,346500,1016316,2026724,2026780,3005156,3608668,3628828,4132772,4218844,4587044,5646172,5848220,8579620,12011804,12115684,12356764,13658596,15242780,21340228,26640572,26640628,27001996,27002052,65895228,131511492,265126428,542079972,1124264988,2509749732,4182916444,4182916500,12307157100,31779837124,32396927164,32404667204,37390001404,38160934756,42650457500,66234207004,66245397316,68650131452,75370070020,106262901500,159287701636,189082832764,189082832820,443410018380,1157902974900,3233955303180,8473095397620,22016100918924,43779143228436,100203212536812,238709753709588,531664890770412,1175395785837588,2307266580042732,4404781652811540,12154733148473580,27378413736187668,52298268526803180,122199916048851732,248782879998364908,426496032848635092,827731879634859948,1563493550421402852,2674311476636871708,5919056926784619492,10793575954467703068,18446744073709551615,12975236915480337153,4795611492407455743,1611886117489773057,731499588401765823,361234489444355745,268405918824104415,196944792516298785,169658910938402655,168779278729818273,82427089612238943,53283595548004257,20054455049299551,6685052046318369,3134557278711135,2300444557735905,2425406978173599,1578441311884641,526147103961551,4625535833569,755298850931,2440141,221843,1525,397,1,0"
1249,terminating,"1249,1,0"
1250,terminating,"1250,1093,1,0"
1251,terminating,"1251,569,1,0"
1252,terminating,"1252,946,638,442,314,160,218,112,136,134,70,74,40,50,43,1,0"
1253,terminating,"1253,187,29,1,0"
1254,terminating,"1254,1626,1638,2730,5334,6954,7926,7938,12753,7267,785,163,1,0"
1255,terminating,"1255,257,1,0"
1256,terminating,"1256,1114,560,928,962,634,320,442,314,160,218,112,136,134,70,74,40,50,43,1,0"
1257,terminating,"1257,423,201,71,1,0"
1698,terminating,"1698,1710,2970,5670,11754,13752,23688,51192,94008,141072,223488,427526,272098,147194,73600,116120,145240,181640,250360,365240,494440,646040,857320,1071740,1235572,1093104,1966472,1735828,1311104,1301116,987044,840796,789140,1134124,951316,812684,620860,719780,958540,1237892,1046908,808932,1078604,808960,1156640,1576300,2157836,1646524,1635524,1486924,1127324,1024924,789476,592114,302954,151480,238760,314200,416780,665140,931532,1165108,1165164,2522772,5218668,11903892,25427052,53825940,132775020,331001748,760541292,1492916628,2490326636,2492988820,3524827628,3530360596,3702575660,5183606260,7370428940,10560940852,12481112588,12481112644,17623960508,20935668292,25605989948,30285997252,30573080188,34370987924,39658833004,41211587732,41211587788,42695114924,53420518564,53420518620,131770616964,220630419324,433833337476,968456265084,2100700764036,4076359821114,5241034055814,5337199819626,5337199819638,6979141213722,8147569309254,9516864662658,11103131607930,19721291643270,42357371012730,71543356060590,121564608079410,206732590044966,258936054156522,302135189842458,487524897248742,571581342231066,666844899269616,1279728304928784,2513206992836016,4880141275173072,7726890352357488,13769727091931408,14973900865721200,27505094545817360,36445367869087816,31889696885451854,15948418727906146,8799127574017274,5780231679986326,2898674919482858,1482596328952342,806143636415978,575816883154294,287908441577150,248301335229250,216812581415582,110503352862562,70973108494430,56778486795562,41059244737238,37356288988522,26728513811798,14761479258202,9917154796838,5036957229082,2520587315174,1260309373186,651395856074,334344776026,181254214670,145105289410,116095329590,95399615434,47731154774,23865577390,19258918514,12330904366,7846939178,4887146074,2531895206,1265947606,1156609322,736024150,695142062,361854994,181589486,116174938,74998022,48284410,38851502,19470874,9735440,18762736,17590096,18277648,17135326,10638098,6092398,3749210,3182446,1601594,807994,584486,431578,334502,238954,122234,87334,53786,26896,26517,8843,277,1,0"
1699,terminating,"1699,1,0"
1700,terminating,"1700,2206,1106,814,554,280,440,640,890,730,602,454,230,202,104,106,56,64,63,41,1,0"
1701,terminating,"1701,1211,181,1,0"
1702,terminating,"1702,1034,694,350,394,200,265,59,1,0"
1703,terminating,"1703,145,35,13,1,0"
1704,terminating,"1704,2616,3984,6432,10704,17072,19384,16976,15946,13430,12490,10010,14182,10154,5080,6440,10840,13640,20920,26240,38020,41864,36646,19298,9652,8268,12900,25292,18976,18446,10498,5882,3514,2534,1834,1334,826,614,310,266,214,110,106,56,64,63,41,1,0"
1705,terminating,"1705,599,1,0"
1806,terminating,"1806,2418,2958,3522,3534,4146,4158,7362,8628,11532,16272,29670,46362,46374,48666,48678,70362,86118,92058,95622,95634,180846,246834,381006,460458,562902,612138,612150,1316298,1350582,1509690,3086790,5380410,9377862,10943418,10943430,17188410,24257670,33960810,58388118,58565418,60170838,88970154,134757462,189472938,191888502,224449770,331833750,506247978,506508342,562778058,565133622,565133634,796862898,1062484410,1698730854,1819934946,2224365054,2224365066,3830671350,7551551034,8827348698,13041916902,19252353834,32643218646,39960429354,49580533080,128400918120,304645135320,711022807080,1659053220120,4078018845000,10533873852600,30016180777800,77847244092600,163672430657400,480817022949000,1199905593109200,3393419069805840,8404630008510960,23853140405126640,63141458686321680,186225026017186800,552563341771003920,1568438182455267312,3614099400835940880,8524457181249131376,15332500480534755264,18446744073709551615,12975236915480337153,4795611492407455743,1611886117489773057,731499588401765823,361234489444355745,268405918824104415,196944792516298785,169658910938402655,168779278729818273,82427089612238943,53283595548004257,20054455049299551,6685052046318369,3134557278711135,2300444557735905,2425406978173599,1578441311884641,526147103961551,4625535833569,755298850931,2440141,221843,1525,397,1,0"
1807,terminating,"1807,153,81,40,50,43,1,0"
1808,terminating,"1808,1726,866,436,334,170,154,134,70,74,40,50,43,1,0"
1809,terminating,"1809,911,1,0"
1810,terminating,"1810,1466,736,776,694,350,394,200,265,59,1,0"
1811,terminating,"1811,1,0"
1812,terminating,"1812,2444,2260,2528,2512,2386,1196,1156,993,335,73,1,0"
1813,terminating,"1813,353,1,0"
1814,terminating,"1814,910,1106,814,554,280,440,640,890,730,602,454,230,202,104,106,56,64,63,41,1,0"
1815,terminating,"1815,1377,801,369,177,63,41,1,0"
1816,non-terminating,"1816,1604,1210,1184,1210"
1817,terminating,"1817,103,1,0"
1392,terminating,"1392,2328,3552,6024,9096,13704,20616,30984,46536,86904,165816,367704,628356,837836,628384,630356,491884,368920,499400,772840,978650,975652,744248,696712,628628,857836,857892,1472268,2688756,4481484,7861812,13263180,31056564,68937036,114895284,203960652,339934644,701117004,1249822644,2083037964,3854840052,6526189068,11759221236,19756324364,19756324420,27737950268,27752432932,30133761756,50222936484,100157868636,166929781284,328413416156,330146489764,405458444636,405894291460,568376568956,572377346884,572430445244,692479821124,817894924476,1398913190724,2331521984764,2411296390916,2714402747644,2714402747700,7422008758220,10390812261844,10390812261900,28107781639140,61872298992924,103356642882276,203715137475612,410587488188388,784423195587612,1484132490684900,3939472659035676,7183744260598500,17150676297837852,33120176542135396,33216357817288604,33452773175434564,34143329714105276,34366804465445956,34366804465446012,57290443977092228,59801180565830284,62278898937033716,64820894812017484,66157408107116116,68132256110317420,95385158554444724,103679520167876044,103838904518706644,104280432112151596,109244625572337108,187276500981150924,312283200116973876,520472208892277964,947162005047505716,1728907301581674060,4315968018644437428,8312466706445987148,13875018154734078132,18446744073709551615,12975236915480337153,4795611492407455743,1611886117489773057,731499588401765823,361234489444355745,268405918824104415,196944792516298785,169658910938402655,168779278729818273,82427089612238943,53283595548004257,20054455049299551,6685052046318369,3134557278711135,2300444557735905,2425406978173599,1578441311884641,526147103961551,4625535833569,755298850931,2440141,221843,1525,397,1,0"
1393,terminating,"1393,207,105,87,33,15,9,4,3,1,0"
1394,terminating,"1394,874,566,286,218,112,136,134,70,74,40,50,43,1,0"
1395,terminating,"1395,1101,371,61,1,0"
1396,terminating,"1396,1054,674,340,416,466,236,184,176,196,203,37,1,0"
1397,terminating,"1397,139,1,0"
1302,terminating,"1302,1770,2550,4146,4158,7362,8628,11532,16272,29670,46362,46374,48666,48678,70362,86118,92058,95622,95634,180846,246834,381006,460458,562902,612138,612150,1316298,1350582,1509690,3086790,5380410,9377862,10943418,10943430,17188410,24257670,33960810,58388118,58565418,60170838,88970154,134757462,189472938,191888502,224449770,331833750,506247978,506508342,562778058,565133622,565133634,796862898,1062484410,1698730854,1819934946,2224365054,2224365066,3830671350,7551551034,8827348698,13041916902,19252353834,32643218646,39960429354,49580533080,128400918120,304645135320,711022807080,1659053220120,4078018845000,10533873852600,30016180777800,77847244092600,163672430657400,480817022949000,1199905593109200,3393419069805840,8404630008510960,23853140405126640,63141458686321680,186225026017186800,552563341771003920,1568438182455267312,3614099400835940880,8524457181249131376,15332500480534755264,18446744073709551615,12975236915480337153,4795611492407455743,1611886117489773057,731499588401765823,361234489444355745,268405918824104415,196944792516298785,169658910938402655,168779278729818273,82427089612238943,53283595548004257,20054455049299551,6685052046318369,3134557278711135,2300444557735905,2425406978173599,1578441311884641,526147103961551,4625535833569,755298850931,2440141,221843,1525,397,1,0"
1303,terminating,"1303,1,0"
1304,terminating,"1304,1156,993,335,73,1,0"
1305,terminating,"1305,1035,837,443,1,0"
1306,terminating,"1306,656,646,434,334,170,154,134,70,74,40,50,43,1,0"
1307,terminating,"1307,1,0"
1308,non-terminating,"1308,1772,1336,1184,1210,1184"
1309,terminating,"1309,419,1,0"
1310,terminating,"1310,1066,698,352,404,310,266,214,110,106,56,64,63,41,1,0"
1311,terminating,"1311,609,351,209,31,1,0"
1312,terminating,"1312,1334,826,614,310,266,214,110,106,56,64,63,41,1,0"
1313,terminating,"1313,115,29,1,0"
1560,terminating,"1560,3480,7320,15000,31860,68940,140724,224396,168304,164760,329880,660120,1320600,2964840,6228120,14300520,32873880,73983480,147967320,322053000,682761720,1388570280,2777140920,5891155080,11782310520,23614041480,47386022520,94790898600,204041537400,435331825800,924724875000,1965004542240,4224759767328,6875289292128,11172620532432,19401092303280,41674167082320,87528256379760,224285113287312,527538086948208,1121572571428752,1775823238095648,3551646476193312,7191582471211488,14383164942424992,28766350086055008,57602789159694240,168632054386827360,441596983099631520,1148161733081303136,2358683123977768224,5440382526489421056,12837245437461930240,18446744073709551615,12975236915480337153,4795611492407455743,1611886117489773057,731499588401765823,361234489444355745,268405918824104415,196944792516298785,169658910938402655,168779278729818273,82427089612238943,53283595548004257,20054455049299551,6685052046318369,3134557278711135,2300444557735905,2425406978173599,1578441311884641,526147103961551,4625535833569,755298850931,2440141,221843,1525,397,1,0"
1561,terminating,"1561,231,153,81,40,50,43,1,0"
1562,terminating,"1562,1030,842,424,386,196,203,37,1,0"
1563,terminating,"1563,525,467,1,0"
1564,terminating,"1564,1460,1648,1576,1394,874,566,286,218,112,136,134,70,74,40,50,43,1,0"
1565,terminating,"1565,319,41,1,0"
1566,terminating,"1566,2034,2412,3776,3844,3107,253,35,13,1,0"
1567,terminating,"1567,1,0"
1568,terminating,"1568,2023,433,1,0"
1569,terminating,"1569,527,49,8,7,1,0"
1570,terminating,"1570,1274,1120,1904,2560,3578,1792,2296,2744,3256,3584,4600,6560,9316,8072,7078,3542,3370,2714,1606,1058,601,1,0"
1571,terminating,"1571,1,0"
1134,terminating,"1134,1770,2550,4146,4158,7362,8628,11532,16272,29670,46362,46374,48666,48678,70362,86118,92058,95622,95634,180846,246834,381006,460458,562902,612138,612150,1316298,1350582,1509690,3086790,5380410,9377862,10943418,10943430,17188410,24257670,33960810,58388118,58565418,60170838,88970154,134757462,189472938,191888502,224449770,331833750,506247978,506508342,562778058,565133622,565133634,796862898,1062484410,1698730854,1819934946,2224365054,2224365066,3830671350,7551551034,8827348698,13041916902,19252353834,32643218646,39960429354,49580533080,128400918120,304645135320,711022807080,1659053220120,4078018845000,10533873852600,30016180777800,77847244092600,163672430657400,480817022949000,1199905593109200,3393419069805840,8404630008510960,23853140405126640,63141458686321680,186225026017186800,552563341771003920,1568438182455267312,3614099400835940880,8524457181249131376,15332500480534755264,18446744073709551615,12975236915480337153,4795611492407455743,1611886117489773057,731499588401765823,361234489444355745,268405918824104415,196944792516298785,169658910938402655,168779278729818273,82427089612238943,53283595548004257,20054455049299551,6685052046318369,3134557278711135,2300444557735905,2425406978173599,1578441311884641,526147103961551,4625535833569,755298850931,2440141,221843,1525,397,1,0"
1135,terminating,"1135,233,1,0"
1136,terminating,"1136,1096,974,490,536,484,447,153,81,40,50,43,1,0"
1137,terminating,"1137,383,1,0"
1138,terminating,"1138,572,604,460,548,418,302,154,134,70,74,40,50,43,1,0"
1139,terminating,"1139,85,23,1,0"
1140,terminating,"1140,2220,4164,5580,11892,15884,16120,24200,37645,7535,2401,400,561,303,105,87,33,15,9,4,3,1,0"
1141,terminating,"1141,171,89,1,0"
1142,terminating,"1142,574,434,334,170,154,134,70,74,40,50,43,1,0"
1143,terminating,"1143,521,1,0"
1144,terminating,"1144,1376,1396,1054,674,340,416,466,236,184,176,196,203,37,1,0"
1145,terminating,"1145,235,53,1,0"
1770,terminating,"1770,2550,4146,4158,7362,8628,11532,16272,29670,46362,46374,48666,48678,70362,86118,92058,95622,95634,180846,246834,381006,460458,562902,612138,612150,1316298,1350582,1509690,3086790,5380410,9377862,10943418,10943430,17188410,24257670,33960810,58388118,58565418,60170838,88970154,134757462,189472938,191888502,224449770,331833750,506247978,506508342,562778058,565133622,565133634,796862898,1062484410,1698730854,1819934946,2224365054,2224365066,3830671350,7551551034,8827348698,13041916902,19252353834,32643218646,39960429354,49580533080,128400918120,304645135320,711022807080,1659053220120,4078018845000,10533873852600,30016180777800,77847244092600,163672430657400,480817022949000,1199905593109200,3393419069805840,8404630008510960,23853140405126640,63141458686321680,186225026017186800,552563341771003920,1568438182455267312,3614099400835940880,8524457181249131376,15332500480534755264,18446744073709551615,12975236915480337153,4795611492407455743,1611886117489773057,731499588401765823,361234489444355745,268405918824104415,196944792516298785,169658910938402655,168779278729818273,82427089612238943,53283595548004257,20054455049299551,6685052046318369,3134557278711135,2300444557735905,2425406978173599,1578441311884641,526147103961551,4625535833569,755298850931,2440141,221843,1525,397,1,0"
1771,terminating,"1771,533,55,17,1,0"
1772,non-terminating,"1772,1336,1184,1210,1184"
1773,terminating,"1773,801,369,177,63,41,1,0"
1774,terminating,"1774,890,730,602,454,230,202,104,106,56,64,63,41,1,0"
1775,terminating,"1775,457,1,0"
1776,terminating,"1776,2936,2584,2816,3316,2494,1466,736,776,694,350,394,200,265,59,1,0"
1777,terminating,"1777,1,0"
1778,aspiring,"1778,1294,650,652,496"
1779,terminating,"1779,597,203,37,1,0"
1780,terminating,"1780,2000,2836,2134,1394,874,566,286,218,112,136,134,70,74,40,50,43,1,0"
1781,terminating,"1781,151,1,0"
1782,terminating,"1782,2574,3978,5850,11076,17148,22892,18268,13708,11492,11566,5786,3718,2870,3178,2294,1354,680,940,1076,814,554,280,440,640,890,730,602,454,230,202,104,106,56,64,63,41,1,0"
1783,terminating,"1783,1,0"
1784,terminating,"1784,1576,1394,874,566,286,218,112,136,134,70,74,40,50,43,1,0"
1785,terminating,"1785,1671,561,303,105,87,33,15,9,4,3,1,0"
1786,terminating,"1786,1094,550,566,286,218,112,136,134,70,74,40,50,43,1,0"
1787,terminating,"1787,1,0"
1788,terminating,"1788,2412,3776,3844,3107,253,35,13,1,0"
1789,terminating,"1789,1,0"
1790,terminating,"1790,1450,1340,1516,1144,1376,1396,1054,674,340,416,466,236,184,176,196,203,37,1,0"
1791,terminating,"1791,809,1,0"
1792,terminating,"1792,2296,2744,3256,3584,4600,6560,9316,8072,7078,3542,3370,2714,1606,1058,601,1,0"
1793,terminating,"1793,175,73,1,0"
1836,terminating,"1836,3204,4986,5856,9768,17592,26448,47952,94586,47296,46684,42524,31900,46220,50884,38170,36998,22810,18266,9136,8596,8652,14644,14700,34776,80424,137586,149838,194898,230478,236082,371310,519906,535038,688002,884670,1298658,1325598,1325610,2762838,3684330,7008534,9646650,20210814,26948298,34511478,34511490,62694450,144750606,255162306,342150270,696170370,1249384830,1750467234,1750950654,1767059586,2062619514,2406389472,4821678144,9729473856,16013092896,29625927804,52112106756,88867512444,132169953156,212809257084,283893510484,258684665516,194044546804,145539838896,231825484368,416963892426,429538683702,450006271818,498711745782,645391671714,752956950372,1300776053916,1734368071916,1300786525972,986529219820,1152320207636,1027433371444,771941461196,594730889764,593612406236,459840596884,353581580684,265284900724,224453346316,168393495204,295964325996,394619101356,541369929012,836662617900,1876240047300,3615679614012,4820965110804,6508880956876,5376901660196,5630868636124,4223151477100,4942748313948,6590392339380,11984912187084,18311522839956,29163653272044,47079691612740,95728706279784,170405777160216,339359310806184,655955814004056,1186415291370744,2043144476440776,3608106203085624,6163848096938136,13098242895497064,23734515916326456,43372170345735144,78393390086384856,170474514949762344,305014219019504856,543557024002690344,966323598227005656,1902155466499906344,2853233199749859576,4828548491884378584,8327077638698841336,14355820912199800824,18446744073709551615,12975236915480337153,4795611492407455743,1611886117489773057,731499588401765823,361234489444355745,268405918824104415,196944792516298785,169658910938402655,168779278729818273,82427089612238943,53283595548004257,20054455049299551,6685052046318369,3134557278711135,2300444557735905,2425406978173599,1578441311884641,526147103961551,4625535833569,755298850931,2440141,221843,1525,397,1,0"
1837,terminating,"1837,179,1,0"
1838,terminating,"1838,922,464,466,236,184,176,196,203,37,1,0"
1839,terminating,"1839,617,1,0"
1840,terminating,"1840,2624,2710,2186,1096,974,490,536,484,447,153,81,40,50,43,1,0"
1841,terminating,"1841,271,1,0"
1902,terminating,"1902,1914,2406,2418,2958,3522,3534,4146,4158,7362,8628,11532,16272,29670,46362,46374,48666,48678,70362,86118,92058,95622,95634,180846,246834,381006,460458,562902,612138,612150,1316298,1350582,1509690,3086790,5380410,9377862,10943418,10943430,17188410,24257670,33960810,58388118,58565418,60170838,88970154,134757462,189472938,191888502,224449770,331833750,506247978,506508342,562778058,565133622,565133634,796862898,1062484410,1698730854,1819934946,2224365054,2224365066,3830671350,7551551034,8827348698,13041916902,19252353834,32643218646,39960429354,49580533080,128400918120,304645135320,711022807080,1659053220120,4078018845000,10533873852600,30016180777800,77847244092600,163672430657400,480817022949000,1199905593109200,3393419069805840,8404630008510960,23853140405126640,63141458686321680,186225026017186800,552563341771003920,1568438182455267312,3614099400835940880,8524457181249131376,15332500480534755264,18446744073709551615,12975236915480337153,4795611492407455743,1611886117489773057,731499588401765823,361234489444355745,268405918824104415,196944792516298785,169658910938402655,168779278729818273,82427089612238943,53283595548004257,20054455049299551,6685052046318369,3134557278711135,2300444557735905,2425406978173599,1578441311884641,526147103961551,4625535833569,755298850931,2440141,221843,1525,397,1,0"
1903,terminating,"1903,185,43,1,0"
1904,terminating,"1904,2560,3578,1792,2296,2744,3256,3584,4600,6560,9316,8072,7078,3542,3370,2714,1606,1058,601,1,0"
1905,terminating,"1905,1167,393,135,105,87,33,15,9,4,3,1,0"
1906,terminating,"1906,956,724,550,566,286,218,112,136,134,70,74,40,50,43,1,0"
1907,terminating,"1907,1,0"
1908,terminating,"1908,3006,3546,4176,7914,7926,7938,12753,7267,785,163,1,0"
1909,terminating,"1909,107,1,0"
1910,terminating,"1910,1546,776,694,350,394,200,265,59,1,0"
1911,terminating,"1911,1281,703,57,23,1,0"
1912,terminating,"1912,1688,1492,1126,566,286,218,112,136,134,70,74,40,50,43,1,0"
1913,terminating,"1913,1,0"
1794,terminating,"1794,2238,2250,3834,4806,5994,7800,18240,42720,93360,196800,464616,845784,1583136,3134304,5779692,8927364,11903180,13093540,14562452,10952044,8477100,18096720,38003856,69989232,111494688,181179120,382534800,850005360,2077798320,5436939456,13611841344,27151952160,58376698656,103064581344,183468805152,326466554880,719573109504,1200224007216,2575114581344,2541802824256,2732755713728,2690113709752,3074415668408,3538667495752,3125307868148,2367864259792,2269283363408,2127662291812,1634689178492,1226328809644,951927514964,806237780230,696106321658,500730919174,250872618914,130661857792,130447937924,106894566076,80229096132,121699471548,178969811604,247679526252,330239368364,247679526280,328899177320,516841565080,656343059720,820638723280,1150879813556,1138326313036,1219667926964,914750945230,754991626514,401719736686,200864100794,153724816966,110178630842,96135611206,48071354738,37586253262,19029024338,9515509150,10728373730,8648612374,4503610346,2251805176,2218690664,2019846556,2363905124,2516416924,2822447684,2833698364,2835423556,3018355900,4627961996,4793246752,5991558944,7856377312,9827394080,16882751200,30220140272,38327993200,74112389520,187470868080,394593127440,862560933360,2193369236496,4117823071344,7409571177312,13661396858988,21789269737812,33289162099526,16646505875818,14520387041174,10371705029434,7408714647302,4292472445738,2267721292250,2114394086950,1818378914870,1922286281578,1258935675734,801140884594,404892788366,275667459442,137861310314,131722241686,111639742130,118729538638,65505952442,46789966054,28793825306,14869486438,7874298938,5014758886,2508105098,1478982526,1056416114,659643406,401553794,204477214,105105434,75732454,54094634,39908566,19954286,12767122,6399134,4704994,3875102,3372130,2697722,1360678,888026,487078,243542,210058,107894,56386,36980,42526,27098,15994,10214,5110,5546,3094,2954,2134,1394,874,566,286,218,112,136,134,70,74,40,50,43,1,0"
1795,terminating,"1795,365,79,1,0"
1796,terminating,"1796,1354,680,940,1076,814,554,280,440,640,890,730,602,454,230,202,104,106,56,64,63,41,1,0"
1797,terminating,"1797,603,281,1,0"
1798,terminating,"1798,1082,544,590,490,536,484,447,153,81,40,50,43,1,0"
1799,terminating,"1799,265,59,1,0"
1800,terminating,"1800,4245,2571,861,483,285,195,141,51,21,11,1,0"
1801,terminating,"1801,1,0"
1146,terminating,"1146,1158,1170,2106,2976,5088,8520,17400,38400,88452,196924,228004,255836,255892,339948,708372,1392748,1392804,2631580,3684548,3684604,4502876,4502932,4630444,5343604,5343660,13185396,26489484,54204276,91794444,159862836,267246924,448180404,751570764,1364852916,2941349292,5570458740,15496055820,38223608724,83083812588,167486431812,279144053244,569939236356,949898727484,992342373932,1145297512660,1658425537580,2348154885076,3199503255788,3314812365844,3443559550676,3613591553824,4516989442784,7101552358432,9725794352288,12183704104096,15564708569312,19455885712144,25405109000432,34158129752944,32023246643416,41683781196584,36476416191436,33944282238548,30858438398764,25921786028036,21678093130684,18919760053316,14997606112444,11248204584340,12373380835820,13923780365764,10442835274330,8354268219482,4193688144154,2096844072080,3034905897520,5029272631664,4714943092216,5388506391224,5636718469816,6478455493064,5783258140336,5422024396664,4785649630456,4187443426664,3873977867416,3650103060584,3354164516536,2934893951984,3103316995192,2715705134768,2550923435680,3699796104560,4919635981360,6518690066240,10944586970560,15137399032496,16447366256896,16383118732966,8435206044602,4559964181318,3995517910202,4217251922758,3185421778106,1610123870662,805068389234,467969903566,321729552434,160864776220,178104221924,133578166450,114910112318,58832690626,30072665078,15588948682,7795374614,3897687310,3932309234,2808792334,1450089314,731104606,365552306,264575374,188982434,96655534,48327770,45176038,28515386,14257696,15464444,11626060,12788708,9591538,6154862,4476658,2274062,1658098,1020410,844966,476954,238480,368624,345616,324046,195794,99886,49946,36238,18122,13630,12290,9850,8564,6430,5162,2938,1850,1684,1270,1034,694,350,394,200,265,59,1,0"
1147,terminating,"1147,69,27,13,1,0"
1148,terminating,"1148,1204,1260,3108,5404,5460,13356,25956,49756,49812,83244,138964,144326,127978,67322,36250,34040,48040,60140,71572,58208,64264,60836,47692,35776,42456,69144,110376,244824,373356,594884,446170,356954,219706,118874,88720,117740,174916,174972,291844,302666,256438,217322,185014,92510,95626,49274,25894,17198,8602,6950,6070,4874,2440,3140,3496,3704,3256,3584,4600,6560,9316,8072,7078,3542,3370,2714,1606,1058,601,1,0"
1149,terminating,"1149,387,185,43,1,0"
1150,terminating,"1150,1082,544,590,490,536,484,447,153,81,40,50,43,1,0"
1151,terminating,"1151,1,0"
1152,terminating,"1152,2163,1165,239,1,0"
1153,terminating,"1153,1,0"
1154,terminating,"1154,580,680,940,1076,814,554,280,440,640,890,730,602,454,230,202,104,106,56,64,63,41,1,0"
1155,terminating,"1155,1149,387,185,43,1,0"
1156,terminating,"1156,993,335,73,1,0"
1157,terminating,"1157,103,1,0"
1158,terminating,"1158,1170,2106,2976,5088,8520,17400,38400,88452,196924,228004,255836,255892,339948,708372,1392748,1392804,2631580,3684548,3684604,4502876,4502932,4630444,5343604,5343660,13185396,26489484,54204276,91794444,159862836,267246924,448180404,751570764,1364852916,2941349292,5570458740,15496055820,38223608724,83083812588,167486431812,279144053244,569939236356,949898727484,992342373932,1145297512660,1658425537580,2348154885076,3199503255788,3314812365844,3443559550676,3613591553824,4516989442784,7101552358432,9725794352288,12183704104096,15564708569312,19455885712144,25405109000432,34158129752944,32023246643416,41683781196584,36476416191436,33944282238548,30858438398764,25921786028036,21678093130684,18919760053316,14997606112444,11248204584340,12373380835820,13923780365764,10442835274330,8354268219482,4193688144154,2096844072080,3034905897520,5029272631664,4714943092216,5388506391224,5636718469816,6478455493064,5783258140336,5422024396664,4785649630456,4187443426664,3873977867416,3650103060584,3354164516536,2934893951984,3103316995192,2715705134768,2550923435680,3699796104560,4919635981360,6518690066240,10944586970560,15137399032496,16447366256896,16383118732966,8435206044602,4559964181318,3995517910202,4217251922758,3185421778106,1610123870662,805068389234,467969903566,321729552434,160864776220,178104221924,133578166450,114910112318,58832690626,30072665078,15588948682,7795374614,3897687310,3932309234,2808792334,1450089314,731104606,365552306,264575374,188982434,96655534,48327770,45176038,28515386,14257696,15464444,11626060,12788708,9591538,6154862,4476658,2274062,1658098,1020410,844966,476954,238480,368624,345616,324046,195794,99886,49946,36238,18122,13630,12290,9850,8564,6430,5162,2938,1850,1684,1270,1034,694,350,394,200,265,59,1,0"
1159,terminating,"1159,81,40,50,43,1,0"
1160,terminating,"1160,1540,2492,2548,3038,2434,1220,1384,1226,616,824,736,776,694,350,394,200,265,59,1,0"
1161,terminating,"1161,599,1,0"
1758,terminating,"1758,1770,2550,4146,4158,7362,8628,11532,16272,29670,46362,46374,48666,48678,70362,86118,92058,95622,95634,180846,246834,381006,460458,562902,612138,612150,1316298,1350582,1509690,3086790,5380410,9377862,10943418,10943430,17188410,24257670,33960810,58388118,58565418,60170838,88970154,134757462,189472938,191888502,224449770,331833750,506247978,506508342,562778058,565133622,565133634,796862898,1062484410,1698730854,1819934946,2224365054,2224365066,3830671350,7551551034,8827348698,13041916902,19252353834,32643218646,39960429354,49580533080,128400918120,304645135320,711022807080,1659053220120,4078018845000,10533873852600,30016180777800,77847244092600,163672430657400,480817022949000,1199905593109200,3393419069805840,8404630008510960,23853140405126640,63141458686321680,186225026017186800,552563341771003920,1568438182455267312,3614099400835940880,8524457181249131376,15332500480534755264,18446744073709551615,12975236915480337153,4795611492407455743,1611886117489773057,731499588401765823,361234489444355745,268405918824104415,196944792516298785,169658910938402655,168779278729818273,82427089612238943,53283595548004257,20054455049299551,6685052046318369,3134557278711135,2300444557735905,2425406978173599,1578441311884641,526147103961551,4625535833569,755298850931,2440141,221843,1525,397,1,0"
1759,terminating,"1759,1,0"
1760,terminating,"1760,2776,2444,2260,2528,2512,2386,1196,1156,993,335,73,1,0"
1761,terminating,"1761,591,201,71,1,0"
1762,terminating,"1762,884,880,1352,1393,207,105,87,33,15,9,4,3,1,0"
1763,terminating,"1763,85,23,1,0"
1764,terminating,"1764,3423,1825,469,75,49,8,7,1,0"
1765,terminating,"1765,359,1,0"
1766,terminating,"1766,886,446,226,116,94,50,43,1,0"
1767,terminating,"1767,793,75,49,8,7,1,0"
1768,terminating,"1768,2012,1516,1144,1376,1396,1054,674,340,416,466,236,184,176,196,203,37,1,0"
1769,terminating,"1769,91,21,11,1,0"
1218,terminating,"1218,1662,1674,2166,2406,2418,2958,3522,3534,4146,4158,7362,8628,11532,16272,29670,46362,46374,48666,48678,70362,86118,92058,95622,95634,180846,246834,381006,460458,562902,612138,612150,1316298,1350582,1509690,3086790,5380410,9377862,10943418,10943430,17188410,24257670,33960810,58388118,58565418,60170838,88970154,134757462,189472938,191888502,224449770,331833750,506247978,506508342,562778058,565133622,565133634,796862898,1062484410,1698730854,1819934946,2224365054,2224365066,3830671350,7551551034,8827348698,13041916902,19252353834,32643218646,39960429354,49580533080,128400918120,304645135320,711022807080,1659053220120,4078018845000,10533873852600,30016180777800,77847244092600,163672430657400,480817022949000,1199905593109200,3393419069805840,8404630008510960,23853140405126640,63141458686321680,186225026017186800,552563341771003920,1568438182455267312,3614099400835940880,8524457181249131376,15332500480534755264,18446744073709551615,12975236915480337153,4795611492407455743,1611886117489773057,731499588401765823,361234489444355745,268405918824104415,196944792516298785,169658910938402655,168779278729818273,82427089612238943,53283595548004257,20054455049299551,6685052046318369,3134557278711135,2300444557735905,2425406978173599,1578441311884641,526147103961551,4625535833569,755298850931,2440141,221843,1525,397,1,0"
1219,terminating,"1219,77,19,1,0"
1220,terminating,"1220,1384,1226,616,824,736,776,694,350,394,200,265,59,1,0"
1221,terminating,"1221,603,281,1,0"
1222,terminating,"1222,794,400,561,303,105,87,33,15,9,4,3,1,0"
1223,terminating,"1223,1,0"
1224,terminating,"1224,2286,2706,3342,3354,4038,4050,7203,4001,1,0"
1225,terminating,"1225,542,274,140,196,203,37,1,0"
1464,terminating,"1464,2256,3696,8208,16592,18004,18060,41076,78316,78372,148764,310884,518364,1224468,2427180,5341140,13982892,27896148,56214060,123672276,268029216,713319264,1826840736,4371512544,10259809056,24066945504,57047757984,131061734496,333994822560,989941190112,2228183159328,5013412115040,15355717786080,44534663601120,144940087464480,471714103310688,1130798979186912,2688948041357088,6050151708497568,13613157922639968,35513546724070632,74727605255142168,162658586225561832,353930992506879768,642678347124409032,1125102611548462968,1977286128289819992,3415126495450394808,7156435369823219592,14994436012962937848,18446744073709551615,12975236915480337153,4795611492407455743,1611886117489773057,731499588401765823,361234489444355745,268405918824104415,196944792516298785,169658910938402655,168779278729818273,82427089612238943,53283595548004257,20054455049299551,6685052046318369,3134557278711135,2300444557735905,2425406978173599,1578441311884641,526147103961551,4625535833569,755298850931,2440141,221843,1525,397,1,0"
1465,terminating,"1465,299,37,1,0"
1466,terminating,"1466,736,776,694,350,394,200,265,59,1,0"
1467,terminating,"1467,665,295,65,19,1,0"
1468,terminating,"1468,1108,838,422,214,110,106,56,64,63,41,1,0"
1469,terminating,"1469,127,1,0"
1470,terminating,"1470,2634,2646,4194,4932,7626,8502,9978,9990,17370,28026,35136,67226,33616,37808,40312,35288,37072,45264,79728,146448,281166,281178,363942,424638,526338,722961,321329,1,0"
1471,terminating,"1471,1,0"
1472,terminating,"1472,1576,1394,874,566,286,218,112,136,134,70,74,40,50,43,1,0"
1473,terminating,"1473,495,441,300,568,512,511,81,40,50,43,1,0"
1474,terminating,"1474,974,490,536,484,447,153,81,40,50,43,1,0"
1475,terminating,"1475,385,191,1,0"
1650,terminating,"1650,2814,3714,3726,4986,5856,9768,17592,26448,47952,94586,47296,46684,42524,31900,46220,50884,38170,36998,22810,18266,9136,8596,8652,14644,14700,34776,80424,137586,149838,194898,230478,236082,371310,519906,535038,688002,884670,1298658,1325598,1325610,2762838,3684330,7008534,9646650,20210814,26948298,34511478,34511490,62694450,144750606,255162306,342150270,696170370,1249384830,1750467234,1750950654,1767059586,2062619514,2406389472,4821678144,9729473856,16013092896,29625927804,52112106756,88867512444,132169953156,212809257084,283893510484,258684665516,194044546804,145539838896,231825484368,416963892426,429538683702,450006271818,498711745782,645391671714,752956950372,1300776053916,1734368071916,1300786525972,986529219820,1152320207636,1027433371444,771941461196,594730889764,593612406236,459840596884,353581580684,265284900724,224453346316,168393495204,295964325996,394619101356,541369929012,836662617900,1876240047300,3615679614012,4820965110804,6508880956876,5376901660196,5630868636124,4223151477100,4942748313948,6590392339380,11984912187084,18311522839956,29163653272044,47079691612740,95728706279784,170405777160216,339359310806184,655955814004056,1186415291370744,2043144476440776,3608106203085624,6163848096938136,13098242895497064,23734515916326456,43372170345735144,78393390086384856,170474514949762344,305014219019504856,543557024002690344,966323598227005656,1902155466499906344,2853233199749859576,4828548491884378584,8327077638698841336,14355820912199800824,18446744073709551615,12975236915480337153,4795611492407455743,1611886117489773057,731499588401765823,361234489444355745,268405918824104415,196944792516298785,169658910938402655,168779278729818273,82427089612238943,53283595548004257,20054455049299551,6685052046318369,3134557278711135,2300444557735905,2425406978173599,1578441311884641,526147103961551,4625535833569,755298850931,2440141,221843,1525,397,1,0"
1651,terminating,"1651,141,51,21,11,1,0"
1652,terminating,"1652,1708,1764,3423,1825,469,75,49,8,7,1,0"
1653,terminating,"1653,747,345,231,153,81,40,50,43,1,0"
1654,terminating,"1654,830,682,470,394,200,265,59,1,0"
1655,terminating,"1655,337,1,0"
1656,terminating,"1656,3024,6896,6496,8624,12580,16148,14764,11080,13940,17812,14304,23496,41304,62016,120864,196656,343488,565832,495118,316322,158164,118630,94922,52150,59450,57730,51134,27754,13880,17440,24140,30292,22726,14498,9262,5930,4762,2384,2266,1478,742,554,280,440,640,890,730,602,454,230,202,104,106,56,64,63,41,1,0"
1657,terminating,"1657,1,0"
1658,terminating,"1658,832,946,638,442,314,160,218,112,136,134,70,74,40,50,43,1,0"
1659,terminating,"1659,901,71,1,0"
1660,terminating,"1660,1868,1408,1652,1708,1764,3423,1825,469,75,49,8,7,1,0"
1661,terminating,"1661,163,1,0"
1338,terminating,"1338,1350,2370,3390,4818,5838,7602,9870,17778,17790,24978,27438,30882,30894,34386,40782,52530,82254,82266,82278,121770,241110,450090,750870,1295226,1572678,1919538,2760984,4964136,8773464,16294056,26949144,44734056,72988344,181027656,321827544,605739096,1034804484,2238816636,4252939908,7290755724,12676727924,12676727980,17832287060,24990818860,34987146740,57135989260,79990385300,119649586924,124794509588,124805244844,124935833204,162705788812,164126812948,164378807404,183717491636,190312143532,205203187028,205224335596,205253358100,305960047148,306235687156,306235687212,697570315988,826050278956,826050279012,1420258206108,2424219279972,4420635161628,7367725269604,8114683604636,8390187016036,9444824970140,16861410677860,23605974949340,33553353522724,35197996504412,35198204947108,36957068348508,84849006934692,214951923416412,472309093543588,544197351525212,705658837558948,898102224841052,1078649061108388,1274767072219676,1336957876077796,1337585703447644,1490159075109796,1720187201522524,1721293787223556,2000630746699004,2059038893341444,2059038893341500,4842740976195780,12376098146115900,33452640218013380,53164796729714236,53164796729714292,88607994549524044,91037016491635956,151728360819393484,168238177711473716,198826978159159756,203618076881829428,234949136523951052,262590257088172916,262914642828953164,269152494516040436,278865355777423660,403033039571208788,423985430144663212,423985494155819092,424153375959370988,439301881643084404,446867471841084812,458181326195512948,475691440573119372,897499076008871028,1828831521604471692,3901656477550216308,7512026260230483852,13212188065033142388,18446744073709551615,12975236915480337153,4795611492407455743,1611886117489773057,731499588401765823,361234489444355745,268405918824104415,196944792516298785,169658910938402655,168779278729818273,82427089612238943,53283595548004257,20054455049299551,6685052046318369,3134557278711135,2300444557735905,2425406978173599,1578441311884641,526147103961551,4625535833569,755298850931,2440141,221843,1525,397,1,0"
1339,terminating,"1339,117,65,19,1,0"
1340,terminating,"1340,1516,1144,1376,1396,1054,674,340,416,466,236,184,176,196,203,37,1,0"
1341,terminating,"1341,609,351,209,31,1,0"
1342,terminating,"1342,890,730,602,454,230,202,104,106,56,64,63,41,1,0"
1343,terminating,"1343,97,1,0"
1344,terminating,"1344,2720,4084,3070,2474,1240,1640,2140,2396,1804,1724,1300,1738,1142,574,434,334,170,154,134,70,74,40,50,43,1,0"
1345,terminating,"1345,275,97,1,0"
1346,terminating,"1346,676,605,193,1,0"
1347,terminating,"1347,453,155,37,1,0"
1348,terminating,"1348,1018,512,511,81,40,50,43,1,0"
1349,terminating,"1349,91,21,11,1,0"
1998,terminating,"1998,2562,3390,4818,5838,7602,9870,17778,17790,24978,27438,30882,30894,34386,40782,52530,82254,82266,82278,121770,241110,450090,750870,1295226,1572678,1919538,2760984,4964136,8773464,16294056,26949144,44734056,72988344,181027656,321827544,605739096,1034804484,2238816636,4252939908,7290755724,12676727924,12676727980,17832287060,24990818860,34987146740,57135989260,79990385300,119649586924,124794509588,124805244844,124935833204,162705788812,164126812948,164378807404,183717491636,190312143532,205203187028,205224335596,205253358100,305960047148,306235687156,306235687212,697570315988,826050278956,826050279012,1420258206108,2424219279972,4420635161628,7367725269604,8114683604636,8390187016036,9444824970140,16861410677860,23605974949340,33553353522724,35197996504412,35198204947108,36957068348508,84849006934692,214951923416412,472309093543588,544197351525212,705658837558948,898102224841052,1078649061108388,1274767072219676,1336957876077796,1337585703447644,1490159075109796,1720187201522524,1721293787223556,2000630746699004,2059038893341444,2059038893341500,4842740976195780,12376098146115900,33452640218013380,53164796729714236,53164796729714292,88607994549524044,91037016491635956,151728360819393484,168238177711473716,198826978159159756,203618076881829428,234949136523951052,262590257088172916,262914642828953164,269152494516040436,278865355777423660,403033039571208788,423985430144663212,423985494155819092,424153375959370988,439301881643084404,446867471841084812,458181326195512948,475691440573119372,897499076008871028,1828831521604471692,3901656477550216308,7512026260230483852,13212188065033142388,18446744073709551615,12975236915480337153,4795611492407455743,1611886117489773057,731499588401765823,361234489444355745,268405918824104415,196944792516298785,169658910938402655,168779278729818273,82427089612238943,53283595548004257,20054455049299551,6685052046318369,3134557278711135,2300444557735905,2425406978173599,1578441311884641,526147103961551,4625535833569,755298850931,2440141,221843,1525,397,1,0"
1999,terminating,"1999,1,0"
2000,terminating,"2000,2836,2134,1394,874,566,286,218,112,136,134,70,74,40,50,43,1,0"
2001,terminating,"2001,879,297,183,65,19,1,0"
2002,terminating,"2002,2030,2290,1850,1684,1270,1034,694,350,394,200,265,59,1,0"
1098,terminating,"1098,1320,3000,6360,13080,26520,64200,136680,303960,668040,1448760,2897880,6778920,14760600,31761720,75003840,189623520,475142400,1262108388,1723154620,2250655556,1742856988,1307142748,981329732,781783228,602034452,452009644,339361524,535304268,852521892,1136695884,1577276916,2103035916,2946439284,3929652204,5827787796,7776685324,5832514000,8270509688,9780127192,10224678608,9793816912,12503327408,16831795024,19014020506,12221530694,6110765350,5783821562,2905321894,1452890954,744018046,372009026,201086074,143851526,122320954,92574746,58911238,34006922,22117558,13087562,6543784,6669836,6131764,5230160,8268976,7752196,6404156,5822044,4468124,3351100,4648388,4195132,3146356,2359774,1194434,645754,322880,446740,625772,625828,702044,702100,1172780,1642228,1684172,1684228,2013704,2787976,2457224,3288376,4301864,4916536,4844504,5536696,6457784,5680216,4970204,3746140,4205972,3204928,3154978,1577492,1640044,1640100,4359516,7266084,12110364,24392676,46570524,99366372,195054748,195054804,422103276,797306916,1342422620,2235075220,3224896640,5607585280,9550475792,12501867976,12760963184,11965178200,15862181360,21663592432,20325713384,17824425016,16461769784,16036899016,14032286654,7711071682,4472805758,2343120898,1261972022,647738194,323869100,404185864,353662646,176831326,126308114,68001166,37291058,29372266,26984888,36791272,42336728,48840232,56049368,49043212,36782416,40962608,40438804,40962796,40962852,79646364,156839340,346805844,681018156,1483273428,2776386732,4677034068,9318279852,18521525988,36357071772,60595119844,68250359324,70728331156,79049312300,126976667860,178494788780,288837025876,308756822444,341257541716,411685960364,414595417684,415679481644,415679481700,615205634652,1257496160004,2478974179836,4788190286852,4861847826556,4895034517604,5972872008796,7058848738340,9955885684444,10598770346276,11520402551644,13319262935636,14043705196864,17805411947040,40657250727264,66068032432056,99102848550744,148654272826176,298467742920384,491242519484736,808577733701664,1549773989597376,3137854204931904,5938864114056416,5753971111146184,5680675321307216,5353926965755684,4016029726304476,3012022294728364,2259016721046280,3459552466294520,4534818773389480,5669425540271960,7957633840080040,10725528329270360,13406910411588040,17591723856678680,22006278667630360,28186124046903080,36272307175118560,71186377015632032,103543821113652640,176024495893212512,259202877730739488,383652561944631392,496503074914110712,601349017996529288,620269712133230872,554725747706782688,538701707142877312,581154095025798848,622213895217842032,755545444193094144,1363212750460319136,3286505158087392864,7759817303994965664,18446744073709551615,12975236915480337153,4795611492407455743,1611886117489773057,731499588401765823,361234489444355745,268405918824104415,196944792516298785,169658910938402655,168779278729818273,82427089612238943,53283595548004257,20054455049299551,6685052046318369,3134557278711135,2300444557735905,2425406978173599,1578441311884641,526147103961551,4625535833569,755298850931,2440141,221843,1525,397,1,0"
1099,terminating,"1099,165,123,45,33,15,9,4,3,1,0"
1100,terminating,"1100,1504,1520,2200,3380,4306,2156,2632,3128,3352,2948,2764,2080,3212,3004,2260,2528,2512,2386,1196,1156,993,335,73,1,0"
1101,terminating,"1101,371,61,1,0"
1102,terminating,"1102,698,352,404,310,266,214,110,106,56,64,63,41,1,0"
1103,terminating,"1103,1,0"
1722,terminating,"1722,2310,4602,5478,6618,6630,11514,12966,12978,19470,32370,52302,57138,59502,62610,87726,87738,112902,120570,168870,268602,275718,275730,546798,734226,753774,994962,1010958,1180650,1926294,2030874,2049126,2049138,3642702,4881330,8337870,13897170,32228910,63538866,74128716,118762164,183015312,289774368,620449632,1416903840,4054854816,7870368186,9662150214,11340711666,14487489018,18554153382,23036873634,28156179006,32848875546,32882197638,32900423082,32943086358,48147589098,71289230742,87345365274,105090603750,205305368994,279996796926,533690478594,944579422206,1504517742594,1958302517760,5222147904000,14193864391680,37049019761664,69929220811566,69954308863314,74468256717486,75216681410514,97063982013486,107205459228114,130354839100974,145996691368722,146041149298926,187817487657234,187817487657246,219246741383418,332549897371398,534246827612922,623287965548448,1226251323544320,3282324323158080,8839976547461184,16507279185669420,30434186808674004,41743064967090124,37981210363426868,28493737963133836,21393593543096564,16045196219536240,21259884990885704,18602765995936696,21260303995356344,18841755934507336,16486536442693934,8243268766202266,4142563921535078,2981838562395730,2516392686024110,2015380035215890,2330497479761390,2106747513302866,1504855223772590,1313986907590738,689270887351982,430833990857650,370669847051054,225197248317586,132468969598634,66299826292954,34803692587046,17404838238754,8702579446154,6940493065846,3470273107514,1820676285766,1123097254298,561548627152,526487365908,1014058710252,1936827564084,3658452066220,5177758327700,7899711027880,13144910325080,16431137906440,22149503978360,32217460333240,57662530757960,72078163447540,79285979792336,80331256729264,75887578742416,95149859572934,52496474247226,26248237123616,28480861264600,37737141176060,41511525182116,38847713731292,29135785298476,21851838973864,19792034481356,14947274211124,11257500712084,10621912585196,9990669879124,9279057037484,9007096444756,6755343471936,14272318897344,29461549452880,39036553025252,29277414768946,14638742657258,7319399520922,3720318431078,1904099984794,1360071417734,701159766922,364987276154,182496486406,112305530138,56162127994,41760728966,26575009378,13287504692,15703415308,15703415364,29417402812,29417402868,52439723532,99052811844,170478660156,284131100484,712621103292,1400299306308,2645140771644,4408567952964,7347613255164,16299877986756,36159499747644,68602128197316,114336880329084,209135880175236,356414669047164,721006192912516,721359714196604,726845339414404,830680387910156,918123922176244,969078521390924,976297728028084,1162035509885516,1174613209149940,1655894296613900,2450858960459476,2450884317966700,4180019818506644,4285843105055596,4447573033551284,5131909471419724,6127290288836276,6310194476566540,9631349464239860,13975702839615244,16298747616202996,16943157128096780,23720419979335828,23924028734536364,24019666153504084,25193615969970476,26931106726521844,37017732168740876,40394526387739636,45146823609827660,69709131595716340,114881837465485580,162025049863434100,267018592793960588,298432544887368724,298434278815241324,299356795905896596,299356795905896652,650224459778199348,1084520946836015052,2030136710466764340,5106794598442062540,12709521503809152372,18446744073709551615,12975236915480337153,4795611492407455743,1611886117489773057,731499588401765823,361234489444355745,268405918824104415,196944792516298785,169658910938402655,168779278729818273,82427089612238943,53283595548004257,20054455049299551,6685052046318369,3134557278711135,2300444557735905,2425406978173599,1578441311884641,526147103961551,4625535833569,755298850931,2440141,221843,1525,397,1,0"
1723,terminating,"1723,1,0"
1724,terminating,"1724,1300,1738,1142,574,434,334,170,154,134,70,74,40,50,43,1,0"
1725,terminating,"1725,1251,569,1,0"
1726,terminating,"1726,866,436,334,170,154,134,70,74,40,50,43,1,0"
1727,terminating,"1727,169,14,10,8,7,1,0"
1728,terminating,"1728,3352,2948,2764,2080,3212,3004,2260,2528,2512,2386,1196,1156,993,335,73,1,0"
1729,terminating,"1729,511,81,40,50,43,1,0"
1730,terminating,"1730,1402,704,820,944,916,694,350,394,200,265,59,1,0"
1731,terminating,"1731,581,91,21,11,1,0"
1732,terminating,"1732,1306,656,646,434,334,170,154,134,70,74,40,50,43,1,0"
1733,terminating,"1733,1,0"
1488,terminating,"1488,2480,3472,4464,8432,9424,10416,21328,22320,55056,95728,96720,236592,459792,881392,882384,1474608,2461648,3172912,3173904,6428656,7431568,7432560,19934736,33228528,56575248,95843568,166139664,276903408,472191504,786989808,1767752928,3445018272,6652268928,12490331172,19303239420,39600629604,60506998380,144391923540,321626338092,520092149364,822779038476,1257023531096,1133091634744,1106903166056,968666676184,870573849416,761752118254,403442757266,241768078366,122079618914,86372537566,61698986114,30849493060,35583254972,26771709868,20078782408,17980273592,15738465808,17100448860,35913399972,48888067548,65212362532,49136157404,37966520356,28476974412,46745237268,76106294892,138310853508,220554000252,364000407108,557203199292,858432358044,1311493880436,1777837507980,3640535693940,6552964249260,15003080414292,21032726920620,37859437546068,55675643450604,84251718326676,112546984226028,173936248349652,266179600238764,199783190574140,241842809643220,268244863107380,295069988325268,263372827514732,232987009689268,199098219440972,191145176064628,145112770565516,128496605870068,96708537370100,113180753063884,105030923868932,79422677415244,59572710840900,113543679348220,163552817953796,122664613465354,78873595272446,50305819352962,25152909676484,18932630361916,14199906445916,10649929834444,8339304867476,7969816507756,6714014962244,5035660429756,4636189790276,4362659454844,3276349796820,5910516456108,9489268959060,19821813277740,37786149469140,68031191009388,91325917899204,122009219898396,162718211160948,236943305639052,328847235642228,468106280785932,626743369620468,1021236299971788,1361960336908852,1125097669620524,845206893069940,929727582376976,893322586684096,879703562357352,1590711380536728,2523203666793672,3786787928127288,7235134429405272,12478762903799208,19031234931463992,31911594858738408,55131328011979032,104141042173423848,156213863425117752,242630043192207048,450598771965404472,676959889267598808,1071795108141143592,1726898797709772888,2739219532269253512,4108852492726128888,6953443441245839112,11137363339427553528,18446744073709551615,12975236915480337153,4795611492407455743,1611886117489773057,731499588401765823,361234489444355745,268405918824104415,196944792516298785,169658910938402655,168779278729818273,82427089612238943,53283595548004257,20054455049299551,6685052046318369,3134557278711135,2300444557735905,2425406978173599,1578441311884641,526147103961551,4625535833569,755298850931,2440141,221843,1525,397,1,0"
1489,terminating,"1489,1,0"
1490,non-terminating,"1490,1210,1184,1210"
1491,terminating,"1491,813,275,97,1,0"
1492,terminating,"1492,1126,566,286,218,112,136,134,70,74,40,50,43,1,0"
1493,terminating,"1493,1,0"
1494,terminating,"1494,1782,2574,3978,5850,11076,17148,22892,18268,13708,11492,11566,5786,3718,2870,3178,2294,1354,680,940,1076,814,554,280,440,640,890,730,602,454,230,202,104,106,56,64,63,41,1,0"
1495,terminating,"1495,521,1,0"
1496,terminating,"1496,1744,1666,1412,1066,698,352,404,310,266,214,110,106,56,64,63,41,1,0"
1497,terminating,"1497,503,1,0"
1498,terminating,"1498,1094,550,566,286,218,112,136,134,70,74,40,50,43,1,0"
1499,terminating,"1499,1,0"
1500,terminating,"1500,2868,3852,5976,10404,17533,287,49,8,7,1,0"
1501,terminating,"1501,99,57,23,1,0"
1502,terminating,"1502,754,506,358,182,154,134,70,74,40,50,43,1,0"
1503,terminating,"1503,681,231,153,81,40,50,43,1,0"
1504,terminating,"1504,1520,2200,3380,4306,2156,2632,3128,3352,2948,2764,2080,3212,3004,2260,2528,2512,2386,1196,1156,993,335,73,1,0"
1505,terminating,"1505,607,1,0"
1506,terminating,"1506,1518,1938,2382,2394,3846,3858,3870,6426,10854,13830,19434,20886,21606,25098,26742,26754,40446,63234,77406,110754,171486,253458,295740,647748,1077612,1467588,1956812,2109796,1889486,953914,668966,353578,176792,254128,308832,502104,753216,1240176,2422288,2697920,3727264,3655076,2760844,2100740,2310856,2455544,3212776,3751064,3282196,2723020,3035684,2299240,2988440,5297320,8325080,11222920,15359480,19199440,28875608,25266172,19406148,26552604,40541052,54202884,72270540,147793668,228408732,348957876,508132204,404465636,303708376,290504024,312058216,294959384,290622016,286081174,151737434,75868720,108199856,101437396,76247552,76099654,42387146,21679318,12752594,7278382,3660794,1855066,927536,932464,1013592,1546008,2425752,5084088,8436192,13709064,20563656,33082104,57142536,99483384,245978376,487384824,745600776,1118401224,1677601896,2538372504,4119772776,8030724504,14097017496,21148436904,40381357656,60572036544,100039354704,179931895322,94685963278,51399021218,28358080762,18046051430,17396081338,8698040672,8426226964,6319670230,5422685354,3217383766,1739126474,996366646,636221402,318217798,195756362,101900794,54202694,49799866,24930374,17971642,11130830,8904682,4913018,3126502,1574810,1473382,736694,541162,312470,249994,127286,69898,34952,34708,26038,13994,7000,11720,14740,19532,16588,18692,14026,7016,6154,3674,2374,1190,1402,704,820,944,916,694,350,394,200,265,59,1,0"
1507,terminating,"1507,149,1,0"
1508,terminating,"1508,1432,1268,958,482,244,190,170,154,134,70,74,40,50,43,1,0"
1509,terminating,"1509,507,225,178,92,76,64,63,41,1,0"
1510,terminating,"1510,1226,616,824,736,776,694,350,394,200,265,59,1,0"
1511,terminating,"1511,1,0"
1266,terminating,"1266,1278,1530,2682,3168,6660,14088,21192,31848,47832,71808,148512,359520,946848,1895712,4539360,12180336,23781648,44267568,76111632,139130668,104348008,92030552,80526748,62286692,55099864,51042536,47249404,35492780,39042100,45679474,22839740,36962884,38008124,53126668,54930932,54930988,60686612,62153644,62153700,155582364,259304164,266871836,327310564,327768476,327768532,396478124,397718356,398447980,557827508,557827564,583593332,645414448,787922384,739137616,953968304,894345316,774937460,1009670092,763542524,617043844,462782890,370226330,300597094,254298266,127318438,78349850,67380964,67381020,170849700,455276892,785095332,1353047388,2730005796,4680011532,8989919988,15034639116,25057732084,30907073036,33007287796,34078491020,50530186420,70844827340,99182758612,106237222700,165551444212,195690975116,228113158756,254901208604,263632807396,274851227420,507715459300,751418881500,1749303191076,3480682068444,6604825822756,7467599613404,7483271439364,7483271439420,19285028182980,48485555197884,91621492377156,191982873147324,371492151175236,719488350665532,1652151220493508,3368985514491324,6306049809179204,6306049809179260,8828469732851300,13066135204621660,18405797678228324,21945449165668756,26323036089475244,27487354482052276,27492212193118540,38489217056547572,39864013609492492,41491116205801108,49034955515947436,58804502365944916,71372078274996884,93526580908250476,101659327074186644,111202674691272556,112182433939666580,158408361492762220,225535865174877908,232980109946018092,241300936709076188,260041794337473316,282654124279863644,341008402262784676,364526223108495644,368599141802455396,368822249063390108,370877736802670692,377810030948521052,398232194783578372,398239194643966844,408534386130917956,486602641614267836,486602641614267892,486602641614267948,934231026364583892,1557425833260726828,2595709978031227092,4326183296718712044,9780311870838919956,18446744073709551615,12975236915480337153,4795611492407455743,1611886117489773057,731499588401765823,361234489444355745,268405918824104415,196944792516298785,169658910938402655,168779278729818273,82427089612238943,53283595548004257,20054455049299551,6685052046318369,3134557278711135,2300444557735905,2425406978173599,1578441311884641,526147103961551,4625535833569,755298850931,2440141,221843,1525,397,1,0"
1267,terminating,"1267,189,131,1,0"
1268,terminating,"1268,958,482,244,190,170,154,134,70,74,40,50,43,1,0"
1269,terminating,"1269,651,373,1,0"
1270,terminating,"1270,1034,694,350,394,200,265,59,1,0"
1271,terminating,"1271,73,1,0"
1272,terminating,"1272,1968,3240,7650,14112,32571,27333,12161,1,0"
1273,terminating,"1273,87,33,15,9,4,3,1,0"
1274,terminating,"1274,1120,1904,2560,3578,1792,2296,2744,3256,3584,4600,6560,9316,8072,7078,3542,3370,2714,1606,1058,601,1,0"
1275,terminating,"1275,957,483,285,195,141,51,21,11,1,0"
1276,terminating,"1276,1244,940,1076,814,554,280,440,640,890,730,602,454,230,202,104,106,56,64,63,41,1,0"
1277,terminating,"1277,1,0"
1962,terminating,"1962,2328,3552,6024,9096,13704,20616,30984,46536,86904,165816,367704,628356,837836,628384,630356,491884,368920,499400,772840,978650,975652,744248,696712,628628,857836,857892,1472268,2688756,4481484,7861812,13263180,31056564,68937036,114895284,203960652,339934644,701117004,1249822644,2083037964,3854840052,6526189068,11759221236,19756324364,19756324420,27737950268,27752432932,30133761756,50222936484,100157868636,166929781284,328413416156,330146489764,405458444636,405894291460,568376568956,572377346884,572430445244,692479821124,817894924476,1398913190724,2331521984764,2411296390916,2714402747644,2714402747700,7422008758220,10390812261844,10390812261900,28107781639140,61872298992924,103356642882276,203715137475612,410587488188388,784423195587612,1484132490684900,3939472659035676,7183744260598500,17150676297837852,33120176542135396,33216357817288604,33452773175434564,34143329714105276,34366804465445956,34366804465446012,57290443977092228,59801180565830284,62278898937033716,64820894812017484,66157408107116116,68132256110317420,95385158554444724,103679520167876044,103838904518706644,104280432112151596,109244625572337108,187276500981150924,312283200116973876,520472208892277964,947162005047505716,1728907301581674060,4315968018644437428,8312466706445987148,13875018154734078132,18446744073709551615,12975236915480337153,4795611492407455743,1611886117489773057,731499588401765823,361234489444355745,268405918824104415,196944792516298785,169658910938402655,168779278729818273,82427089612238943,53283595548004257,20054455049299551,6685052046318369,3134557278711135,2300444557735905,2425406978173599,1578441311884641,526147103961551,4625535833569,755298850931,2440141,221843,1525,397,1,0"
1963,terminating,"1963,165,123,45,33,15,9,4,3,1,0"
1964,terminating,"1964,1480,1940,2176,2414,1474,974,490,536,484,447,153,81,40,50,43,1,0"
1965,terminating,"1965,1203,405,321,111,41,1,0"
1966,terminating,"1966,986,634,320,442,314,160,218,112,136,134,70,74,40,50,43,1,0"
1967,terminating,"1967,289,18,21,11,1,0"
1968,terminating,"1968,3240,7650,14112,32571,27333,12161,1,0"
1969,terminating,"1969,191,1,0"
1970,terminating,"1970,1594,800,1153,1,0"
1971,terminating,"1971,989,67,1,0"
1972,terminating,"1972,1808,1726,866,436,334,170,154,134,70,74,40,50,43,1,0"
1973,terminating,"1973,1,0"
1974,terminating,"1974,2634,2646,4194,4932,7626,8502,9978,9990,17370,28026,35136,67226,33616,37808,40312,35288,37072,45264,79728,146448,281166,281178,363942,424638,526338,722961,321329,1,0"
1975,terminating,"1975,505,107,1,0"
1976,terminating,"1976,2224,2116,1755,1605,987,549,257,1,0"
1977,terminating,"1977,663,345,231,153,81,40,50,43,1,0"
1978,terminating,"1978,1190,1402,704,820,944,916,694,350,394,200,265,59,1,0"
1979,terminating,"1979,1,0"
1980,terminating,"1980,4572,7076,5944,5216,5116,3844,3107,253,35,13,1,0"
1981,terminating,"1981,291,101,1,0"
1982,terminating,"1982,994,734,370,314,160,218,112,136,134,70,74,40,50,43,1,0"
1983,terminating,"1983,665,295,65,19,1,0"
1984,terminating,"1984,2080,3212,3004,2260,2528,2512,2386,1196,1156,993,335,73,1,0"
1985,terminating,"1985,403,45,33,15,9,4,3,1,0"
1578,terminating,"1578,1590,2298,2310,4602,5478,6618,6630,11514,12966,12978,19470,32370,52302,57138,59502,62610,87726,87738,112902,120570,168870,268602,275718,275730,546798,734226,753774,994962,1010958,1180650,1926294,2030874,2049126,2049138,3642702,4881330,8337870,13897170,32228910,63538866,74128716,118762164,183015312,289774368,620449632,1416903840,4054854816,7870368186,9662150214,11340711666,14487489018,18554153382,23036873634,28156179006,32848875546,32882197638,32900423082,32943086358,48147589098,71289230742,87345365274,105090603750,205305368994,279996796926,533690478594,944579422206,1504517742594,1958302517760,5222147904000,14193864391680,37049019761664,69929220811566,69954308863314,74468256717486,75216681410514,97063982013486,107205459228114,130354839100974,145996691368722,146041149298926,187817487657234,187817487657246,219246741383418,332549897371398,534246827612922,623287965548448,1226251323544320,3282324323158080,8839976547461184,16507279185669420,30434186808674004,41743064967090124,37981210363426868,28493737963133836,21393593543096564,16045196219536240,21259884990885704,18602765995936696,21260303995356344,18841755934507336,16486536442693934,8243268766202266,4142563921535078,2981838562395730,2516392686024110,2015380035215890,2330497479761390,2106747513302866,1504855223772590,1313986907590738,689270887351982,430833990857650,370669847051054,225197248317586,132468969598634,66299826292954,34803692587046,17404838238754,8702579446154,6940493065846,3470273107514,1820676285766,1123097254298,561548627152,526487365908,1014058710252,1936827564084,3658452066220,5177758327700,7899711027880,13144910325080,16431137906440,22149503978360,32217460333240,57662530757960,72078163447540,79285979792336,80331256729264,75887578742416,95149859572934,52496474247226,26248237123616,28480861264600,37737141176060,41511525182116,38847713731292,29135785298476,21851838973864,19792034481356,14947274211124,11257500712084,10621912585196,9990669879124,9279057037484,9007096444756,6755343471936,14272318897344,29461549452880,39036553025252,29277414768946,14638742657258,7319399520922,3720318431078,1904099984794,1360071417734,701159766922,364987276154,182496486406,112305530138,56162127994,41760728966,26575009378,13287504692,15703415308,15703415364,29417402812,29417402868,52439723532,99052811844,170478660156,284131100484,712621103292,1400299306308,2645140771644,4408567952964,7347613255164,16299877986756,36159499747644,68602128197316,114336880329084,209135880175236,356414669047164,721006192912516,721359714196604,726845339414404,830680387910156,918123922176244,969078521390924,976297728028084,1162035509885516,1174613209149940,1655894296613900,2450858960459476,2450884317966700,4180019818506644,4285843105055596,4447573033551284,5131909471419724,6127290288836276,6310194476566540,9631349464239860,13975702839615244,16298747616202996,16943157128096780,23720419979335828,23924028734536364,24019666153504084,25193615969970476,26931106726521844,37017732168740876,40394526387739636,45146823609827660,69709131595716340,114881837465485580,162025049863434100,267018592793960588,298432544887368724,298434278815241324,299356795905896596,299356795905896652,650224459778199348,1084520946836015052,2030136710466764340,5106794598442062540,12709521503809152372,18446744073709551615,12975236915480337153,4795611492407455743,1611886117489773057,731499588401765823,361234489444355745,268405918824104415,196944792516298785,169658910938402655,168779278729818273,82427089612238943,53283595548004257,20054455049299551,6685052046318369,3134557278711135,2300444557735905,2425406978173599,1578441311884641,526147103961551,4625535833569,755298850931,2440141,221843,1525,397,1,0"
1579,terminating,"1579,1,0"
1580,terminating,"1580,1780,2000,2836,2134,1394,874,566,286,218,112,136,134,70,74,40,50,43,1,0"
1581,terminating,"1581,723,245,97,1,0"
1582,terminating,"1582,1154,580,680,940,1076,814,554,280,440,640,890,730,602,454,230,202,104,106,56,64,63,41,1,0"
1583,terminating,"1583,1,0"
1584,terminating,"1584,3252,4364,3280,4532,4204,3160,4040,5140,5696,5734,3194,1600,2337,1023,513,287,49,8,7,1,0"
1585,terminating,"1585,323,37,1,0"
1586,terminating,"1586,1018,512,511,81,40,50,43,1,0"
1587,terminating,"1587,625,156,236,184,176,196,203,37,1,0"
1588,terminating,"1588,1198,602,454,230,202,104,106,56,64,63,41,1,0"
1589,terminating,"1589,235,53,1,0"
1872,terminating,"1872,3770,3790,3050,2716,2772,5964,10164,19628,19684,22876,26404,30044,33796,38780,54628,54684,111300,263676,465668,465724,465780,1026060,2325540,5335260,11738916,23117724,45956820,121129260,266485716,558454764,1092873236,1470806764,1471882804,1642613196,2737688884,2740114636,2791337780,4946860492,4946860548,9344070652,9344070708,15573451404,27078171764,27284104204,27410152084,27410152140,76787720100,220578719452,254903331620,361672366300,603062136740,921203207260,1381419996068,1395444575644,1395478688996,1395546402460,2069258468900,3065057872156,3277068463844,3429776547484,3597527970596,4028517592540,5641400009252,5641400009308,5641400009364,9709348326636,16331909651988,31948891146732,54770416120644,100509779504316,208751080955844,388416032284476,749365894850244,1414070378301756,2556878765995204,2556878765995260,6726041614128900,15626498692840700,23762659088671300,35168735451235260,78257359358590020,186897487211247036,340813223900632644,592585414385033916,1326583294186844484,2594892903616159356,4946738730471899844,8244565422068579772,13740942370114299844,13780400058385352252,13780400058385352308,14272557426581383244,14272557426581383300,18446744073709551615,12975236915480337153,4795611492407455743,1611886117489773057,731499588401765823,361234489444355745,268405918824104415,196944792516298785,169658910938402655,168779278729818273,82427089612238943,53283595548004257,20054455049299551,6685052046318369,3134557278711135,2300444557735905,2425406978173599,1578441311884641,526147103961551,4625535833569,755298850931,2440141,221843,1525,397,1,0"
1873,terminating,"1873,1,0"
1874,terminating,"1874,940,1076,814,554,280,440,640,890,730,602,454,230,202,104,106,56,64,63,41,1,0"
1875,terminating,"1875,1249,1,0"
1620,terminating,"1620,3462,3474,4092,6660,14088,21192,31848,47832,71808,148512,359520,946848,1895712,4539360,12180336,23781648,44267568,76111632,139130668,104348008,92030552,80526748,62286692,55099864,51042536,47249404,35492780,39042100,45679474,22839740,36962884,38008124,53126668,54930932,54930988,60686612,62153644,62153700,155582364,259304164,266871836,327310564,327768476,327768532,396478124,397718356,398447980,557827508,557827564,583593332,645414448,787922384,739137616,953968304,894345316,774937460,1009670092,763542524,617043844,462782890,370226330,300597094,254298266,127318438,78349850,67380964,67381020,170849700,455276892,785095332,1353047388,2730005796,4680011532,8989919988,15034639116,25057732084,30907073036,33007287796,34078491020,50530186420,70844827340,99182758612,106237222700,165551444212,195690975116,228113158756,254901208604,263632807396,274851227420,507715459300,751418881500,1749303191076,3480682068444,6604825822756,7467599613404,7483271439364,7483271439420,19285028182980,48485555197884,91621492377156,191982873147324,371492151175236,719488350665532,1652151220493508,3368985514491324,6306049809179204,6306049809179260,8828469732851300,13066135204621660,18405797678228324,21945449165668756,26323036089475244,27487354482052276,27492212193118540,38489217056547572,39864013609492492,41491116205801108,49034955515947436,58804502365944916,71372078274996884,93526580908250476,101659327074186644,111202674691272556,112182433939666580,158408361492762220,225535865174877908,232980109946018092,241300936709076188,260041794337473316,282654124279863644,341008402262784676,364526223108495644,368599141802455396,368822249063390108,370877736802670692,377810030948521052,398232194783578372,398239194643966844,408534386130917956,486602641614267836,486602641614267892,486602641614267948,934231026364583892,1557425833260726828,2595709978031227092,4326183296718712044,9780311870838919956,18446744073709551615,12975236915480337153,4795611492407455743,1611886117489773057,731499588401765823,361234489444355745,268405918824104415,196944792516298785,169658910938402655,168779278729818273,82427089612238943,53283595548004257,20054455049299551,6685052046318369,3134557278711135,2300444557735905,2425406978173599,1578441311884641,526147103961551,4625535833569,755298850931,2440141,221843,1525,397,1,0"
1621,terminating,"1621,1,0"
1622,terminating,"1622,814,554,280,440,640,890,730,602,454,230,202,104,106,56,64,63,41,1,0"
1623,terminating,"1623,545,115,29,1,0"
1624,terminating,"1624,1976,2224,2116,1755,1605,987,549,257,1,0"
1625,terminating,"1625,559,57,23,1,0"
1626,terminating,"1626,1638,2730,5334,6954,7926,7938,12753,7267,785,163,1,0"
1627,terminating,"1627,1,0"
1628,terminating,"1628,1564,1460,1648,1576,1394,874,566,286,218,112,136,134,70,74,40,50,43,1,0"
1629,terminating,"1629,737,79,1,0"
1630,terminating,"1630,1322,664,596,454,230,202,104,106,56,64,63,41,1,0"
1631,terminating,"1631,241,1,0"
1530,terminating,"1530,2682,3168,6660,14088,21192,31848,47832,71808,148512,359520,946848,1895712,4539360,12180336,23781648,44267568,76111632,139130668,104348008,92030552,80526748,62286692,55099864,51042536,47249404,35492780,39042100,45679474,22839740,36962884,38008124,53126668,54930932,54930988,60686612,62153644,62153700,155582364,259304164,266871836,327310564,327768476,327768532,396478124,397718356,398447980,557827508,557827564,583593332,645414448,787922384,739137616,953968304,894345316,774937460,1009670092,763542524,617043844,462782890,370226330,300597094,254298266,127318438,78349850,67380964,67381020,170849700,455276892,785095332,1353047388,2730005796,4680011532,8989919988,15034639116,25057732084,30907073036,33007287796,34078491020,50530186420,70844827340,99182758612,106237222700,165551444212,195690975116,228113158756,254901208604,263632807396,274851227420,507715459300,751418881500,1749303191076,3480682068444,6604825822756,7467599613404,7483271439364,7483271439420,19285028182980,48485555197884,91621492377156,191982873147324,371492151175236,719488350665532,1652151220493508,3368985514491324,6306049809179204,6306049809179260,8828469732851300,13066135204621660,18405797678228324,21945449165668756,26323036089475244,27487354482052276,27492212193118540,38489217056547572,39864013609492492,41491116205801108,49034955515947436,58804502365944916,71372078274996884,93526580908250476,101659327074186644,111202674691272556,112182433939666580,158408361492762220,225535865174877908,232980109946018092,241300936709076188,260041794337473316,282654124279863644,341008402262784676,364526223108495644,368599141802455396,368822249063390108,370877736802670692,377810030948521052,398232194783578372,398239194643966844,408534386130917956,486602641614267836,486602641614267892,486602641614267948,934231026364583892,1557425833260726828,2595709978031227092,4326183296718712044,9780311870838919956,18446744073709551615,12975236915480337153,4795611492407455743,1611886117489773057,731499588401765823,361234489444355745,268405918824104415,196944792516298785,169658910938402655,168779278729818273,82427089612238943,53283595548004257,20054455049299551,6685052046318369,3134557278711135,2300444557735905,2425406978173599,1578441311884641,526147103961551,4625535833569,755298850931,2440141,221843,1525,397,1,0"
1531,terminating,"1531,1,0"
1532,terminating,"1532,1156,993,335,73,1,0"
1533,terminating,"1533,835,173,1,0"
1534,terminating,"1534,986,634,320,442,314,160,218,112,136,134,70,74,40,50,43,1,0"
1535,terminating,"1535,313,1,0"
1536,terminating,"1536,2556,3996,6644,6124,4600,6560,9316,8072,7078,3542,3370,2714,1606,1058,601,1,0"
1537,terminating,"1537,83,1,0"
1538,terminating,"1538,772,586,296,274,140,196,203,37,1,0"
1539,terminating,"1539,881,1,0"
1540,terminating,"1540,2492,2548,3038,2434,1220,1384,1226,616,824,736,776,694,350,394,200,265,59,1,0"
1541,terminating,"1541,91,21,11,1,0"
1542,terminating,"1542,1554,2094,2106,2976,5088,8520,17400,38400,88452,196924,228004,255836,255892,339948,708372,1392748,1392804,2631580,3684548,3684604,4502876,4502932,4630444,5343604,5343660,13185396,26489484,54204276,91794444,159862836,267246924,448180404,751570764,1364852916,2941349292,5570458740,15496055820,38223608724,83083812588,167486431812,279144053244,569939236356,949898727484,992342373932,1145297512660,1658425537580,2348154885076,3199503255788,3314812365844,3443559550676,3613591553824,4516989442784,7101552358432,9725794352288,12183704104096,15564708569312,19455885712144,25405109000432,34158129752944,32023246643416,41683781196584,36476416191436,33944282238548,30858438398764,25921786028036,21678093130684,18919760053316,14997606112444,11248204584340,12373380835820,13923780365764,10442835274330,8354268219482,4193688144154,2096844072080,3034905897520,5029272631664,4714943092216,5388506391224,5636718469816,6478455493064,5783258140336,5422024396664,4785649630456,4187443426664,3873977867416,3650103060584,3354164516536,2934893951984,3103316995192,2715705134768,2550923435680,3699796104560,4919635981360,6518690066240,10944586970560,15137399032496,16447366256896,16383118732966,8435206044602,4559964181318,3995517910202,4217251922758,3185421778106,1610123870662,805068389234,467969903566,321729552434,160864776220,178104221924,133578166450,114910112318,58832690626,30072665078,15588948682,7795374614,3897687310,3932309234,2808792334,1450089314,731104606,365552306,264575374,188982434,96655534,48327770,45176038,28515386,14257696,15464444,11626060,12788708,9591538,6154862,4476658,2274062,1658098,1020410,844966,476954,238480,368624,345616,324046,195794,99886,49946,36238,18122,13630,12290,9850,8564,6430,5162,2938,1850,1684,1270,1034,694,350,394,200,265,59,1,0"
1543,terminating,"1543,1,0"
1544,terminating,"1544,1366,686,514,260,328,302,154,134,70,74,40,50,43,1,0"
1545,terminating,"1545,951,321,111,41,1,0"
1440,terminating,"1440,3474,4092,6660,14088,21192,31848,47832,71808,148512,359520,946848,1895712,4539360,12180336,23781648,44267568,76111632,139130668,104348008,92030552,80526748,62286692,55099864,51042536,47249404,35492780,39042100,45679474,22839740,36962884,38008124,53126668,54930932,54930988,60686612,62153644,62153700,155582364,259304164,266871836,327310564,327768476,327768532,396478124,397718356,398447980,557827508,557827564,583593332,645414448,787922384,739137616,953968304,894345316,774937460,1009670092,763542524,617043844,462782890,370226330,300597094,254298266,127318438,78349850,67380964,67381020,170849700,455276892,785095332,1353047388,2730005796,4680011532,8989919988,15034639116,25057732084,30907073036,33007287796,34078491020,50530186420,70844827340,99182758612,106237222700,165551444212,195690975116,228113158756,254901208604,263632807396,274851227420,507715459300,751418881500,1749303191076,3480682068444,6604825822756,7467599613404,7483271439364,7483271439420,19285028182980,48485555197884,91621492377156,191982873147324,371492151175236,719488350665532,1652151220493508,3368985514491324,6306049809179204,6306049809179260,8828469732851300,13066135204621660,18405797678228324,21945449165668756,26323036089475244,27487354482052276,27492212193118540,38489217056547572,39864013609492492,41491116205801108,49034955515947436,58804502365944916,71372078274996884,93526580908250476,101659327074186644,111202674691272556,112182433939666580,158408361492762220,225535865174877908,232980109946018092,241300936709076188,260041794337473316,282654124279863644,341008402262784676,364526223108495644,368599141802455396,368822249063390108,370877736802670692,377810030948521052,398232194783578372,398239194643966844,408534386130917956,486602641614267836,486602641614267892,486602641614267948,934231026364583892,1557425833260726828,2595709978031227092,4326183296718712044,9780311870838919956,18446744073709551615,12975236915480337153,4795611492407455743,1611886117489773057,731499588401765823,361234489444355745,268405918824104415,196944792516298785,169658910938402655,168779278729818273,82427089612238943,53283595548004257,20054455049299551,6685052046318369,3134557278711135,2300444557735905,2425406978173599,1578441311884641,526147103961551,4625535833569,755298850931,2440141,221843,1525,397,1,0"
1441,aspiring,"1441,143,25,6"
1442,terminating,"1442,1054,674,340,416,466,236,184,176,196,203,37,1,0"
1443,aspiring,"1443,685,143,25,6"
1444,terminating,"1444,1223,1,0"
1445,terminating,"1445,397,1,0"
1446,terminating,"1446,1458,1821,611,61,1,0"
1447,terminating,"1447,1,0"
1448,terminating,"1448,1282,644,700,1036,1092,2044,2100,4844,4900,7469,1939,285,195,141,51,21,11,1,0"
1449,terminating,"1449,1047,353,1,0"
1062,terminating,"1062,1278,1530,2682,3168,6660,14088,21192,31848,47832,71808,148512,359520,946848,1895712,4539360,12180336,23781648,44267568,76111632,139130668,104348008,92030552,80526748,62286692,55099864,51042536,47249404,35492780,39042100,45679474,22839740,36962884,38008124,53126668,54930932,54930988,60686612,62153644,62153700,155582364,259304164,266871836,327310564,327768476,327768532,396478124,397718356,398447980,557827508,557827564,583593332,645414448,787922384,739137616,953968304,894345316,774937460,1009670092,763542524,617043844,462782890,370226330,300597094,254298266,127318438,78349850,67380964,67381020,170849700,455276892,785095332,1353047388,2730005796,4680011532,8989919988,15034639116,25057732084,30907073036,33007287796,34078491020,50530186420,70844827340,99182758612,106237222700,165551444212,195690975116,228113158756,254901208604,263632807396,274851227420,507715459300,751418881500,1749303191076,3480682068444,6604825822756,7467599613404,7483271439364,7483271439420,19285028182980,48485555197884,91621492377156,191982873147324,371492151175236,719488350665532,1652151220493508,3368985514491324,6306049809179204,6306049809179260,8828469732851300,13066135204621660,18405797678228324,21945449165668756,26323036089475244,27487354482052276,27492212193118540,38489217056547572,39864013609492492,41491116205801108,49034955515947436,58804502365944916,71372078274996884,93526580908250476,101659327074186644,111202674691272556,112182433939666580,158408361492762220,225535865174877908,232980109946018092,241300936709076188,260041794337473316,282654124279863644,341008402262784676,364526223108495644,368599141802455396,368822249063390108,370877736802670692,377810030948521052,398232194783578372,398239194643966844,408534386130917956,486602641614267836,486602641614267892,486602641614267948,934231026364583892,1557425833260726828,2595709978031227092,4326183296718712044,9780311870838919956,18446744073709551615,12975236915480337153,4795611492407455743,1611886117489773057,731499588401765823,361234489444355745,268405918824104415,196944792516298785,169658910938402655,168779278729818273,82427089612238943,53283595548004257,20054455049299551,6685052046318369,3134557278711135,2300444557735905,2425406978173599,1578441311884641,526147103961551,4625535833569,755298850931,2440141,221843,1525,397,1,0"
1063,terminating,"1063,1,0"
1064,non-terminating,"1064,1336,1184,1210,1184"
1065,terminating,"1065,663,345,231,153,81,40,50,43,1,0"
1086,terminating,"1086,1098,1320,3000,6360,13080,26520,64200,136680,303960,668040,1448760,2897880,6778920,14760600,31761720,75003840,189623520,475142400,1262108388,1723154620,2250655556,1742856988,1307142748,981329732,781783228,602034452,452009644,339361524,535304268,852521892,1136695884,1577276916,2103035916,2946439284,3929652204,5827787796,7776685324,5832514000,8270509688,9780127192,10224678608,9793816912,12503327408,16831795024,19014020506,12221530694,6110765350,5783821562,2905321894,1452890954,744018046,372009026,201086074,143851526,122320954,92574746,58911238,34006922,22117558,13087562,6543784,6669836,6131764,5230160,8268976,7752196,6404156,5822044,4468124,3351100,4648388,4195132,3146356,2359774,1194434,645754,322880,446740,625772,625828,702044,702100,1172780,1642228,1684172,1684228,2013704,2787976,2457224,3288376,4301864,4916536,4844504,5536696,6457784,5680216,4970204,3746140,4205972,3204928,3154978,1577492,1640044,1640100,4359516,7266084,12110364,24392676,46570524,99366372,195054748,195054804,422103276,797306916,1342422620,2235075220,3224896640,5607585280,9550475792,12501867976,12760963184,11965178200,15862181360,21663592432,20325713384,17824425016,16461769784,16036899016,14032286654,7711071682,4472805758,2343120898,1261972022,647738194,323869100,404185864,353662646,176831326,126308114,68001166,37291058,29372266,26984888,36791272,42336728,48840232,56049368,49043212,36782416,40962608,40438804,40962796,40962852,79646364,156839340,346805844,681018156,1483273428,2776386732,4677034068,9318279852,18521525988,36357071772,60595119844,68250359324,70728331156,79049312300,126976667860,178494788780,288837025876,308756822444,341257541716,411685960364,414595417684,415679481644,415679481700,615205634652,1257496160004,2478974179836,4788190286852,4861847826556,4895034517604,5972872008796,7058848738340,9955885684444,10598770346276,11520402551644,13319262935636,14043705196864,17805411947040,40657250727264,66068032432056,99102848550744,148654272826176,298467742920384,491242519484736,808577733701664,1549773989597376,3137854204931904,5938864114056416,5753971111146184,5680675321307216,5353926965755684,4016029726304476,3012022294728364,2259016721046280,3459552466294520,4534818773389480,5669425540271960,7957633840080040,10725528329270360,13406910411588040,17591723856678680,22006278667630360,28186124046903080,36272307175118560,71186377015632032,103543821113652640,176024495893212512,259202877730739488,383652561944631392,496503074914110712,601349017996529288,620269712133230872,554725747706782688,538701707142877312,581154095025798848,622213895217842032,755545444193094144,1363212750460319136,3286505158087392864,7759817303994965664,18446744073709551615,12975236915480337153,4795611492407455743,1611886117489773057,731499588401765823,361234489444355745,268405918824104415,196944792516298785,169658910938402655,168779278729818273,82427089612238943,53283595548004257,20054455049299551,6685052046318369,3134557278711135,2300444557735905,2425406978173599,1578441311884641,526147103961551,4625535833569,755298850931,2440141,221843,1525,397,1,0"
1087,terminating,"1087,1,0"
1088,terminating,"1088,1198,602,454,230,202,104,106,56,64,63,41,1,0"
1089,terminating,"1089,640,890,730,602,454,230,202,104,106,56,64,63,41,1,0"
1090,terminating,"1090,890,730,602,454,230,202,104,106,56,64,63,41,1,0"
1091,terminating,"1091,1,0"
1092,terminating,"1092,2044,2100,4844,4900,7469,1939,285,195,141,51,21,11,1,0"
1093,terminating,"1093,1,0"
1094,terminating,"1094,550,566,286,218,112,136,134,70,74,40,50,43,1,0"
1095,terminating,"1095,681,231,153,81,40,50,43,1,0"
1096,terminating,"1096,974,490,536,484,447,153,81,40,50,43,1,0"
1097,terminating,"1097,1,0"
1818,terminating,"1818,2160,5280,12864,21680,28912,31848,47832,71808,148512,359520,946848,1895712,4539360,12180336,23781648,44267568,76111632,139130668,104348008,92030552,80526748,62286692,55099864,51042536,47249404,35492780,39042100,45679474,22839740,36962884,38008124,53126668,54930932,54930988,60686612,62153644,62153700,155582364,259304164,266871836,327310564,327768476,327768532,396478124,397718356,398447980,557827508,557827564,583593332,645414448,787922384,739137616,953968304,894345316,774937460,1009670092,763542524,617043844,462782890,370226330,300597094,254298266,127318438,78349850,67380964,67381020,170849700,455276892,785095332,1353047388,2730005796,4680011532,8989919988,15034639116,25057732084,30907073036,33007287796,34078491020,50530186420,70844827340,99182758612,106237222700,165551444212,195690975116,228113158756,254901208604,263632807396,274851227420,507715459300,751418881500,1749303191076,3480682068444,6604825822756,7467599613404,7483271439364,7483271439420,19285028182980,48485555197884,91621492377156,191982873147324,371492151175236,719488350665532,1652151220493508,3368985514491324,6306049809179204,6306049809179260,8828469732851300,13066135204621660,18405797678228324,21945449165668756,26323036089475244,27487354482052276,27492212193118540,38489217056547572,39864013609492492,41491116205801108,49034955515947436,58804502365944916,71372078274996884,93526580908250476,101659327074186644,111202674691272556,112182433939666580,158408361492762220,225535865174877908,232980109946018092,241300936709076188,260041794337473316,282654124279863644,341008402262784676,364526223108495644,368599141802455396,368822249063390108,370877736802670692,377810030948521052,398232194783578372,398239194643966844,408534386130917956,486602641614267836,486602641614267892,486602641614267948,934231026364583892,1557425833260726828,2595709978031227092,4326183296718712044,9780311870838919956,18446744073709551615,12975236915480337153,4795611492407455743,1611886117489773057,731499588401765823,361234489444355745,268405918824104415,196944792516298785,169658910938402655,168779278729818273,82427089612238943,53283595548004257,20054455049299551,6685052046318369,3134557278711135,2300444557735905,2425406978173599,1578441311884641,526147103961551,4625535833569,755298850931,2440141,221843,1525,397,1,0"
1819,terminating,"1819,125,31,1,0"
1820,terminating,"1820,2884,2940,6636,11284,13804,16436,16492,19348,19404,42840,125640,283860,633420,1562004,2535180,5206260,9371436,12495276,20190804,26921100,55087540,60803732,56587948,45117684,69280236,116780184,208518216,312777384,469166136,772745304,1187955816,1781933784,2716157736,4851795384,8337024936,14614443864,27722614536,48023931924,82013245164,134692975476,205780934846,107492498242,53746249124,42348933724,35852825156,27118586620,29830445324,24116652916,18087489694,10639699874,5379726934,2706299954,1471210894,735605450,632620780,816656420,898322104,809756216,781610824,685415096,602212744,711287846,355643926,246590714,123608986,61804496,72770224,68943920,91350880,128146160,170324320,242956688,264953512,248965388,248965444,290225852,310243108,343261436,345226084,363478556,363478612,383892908,438979156,520540076,520540132,539131250,616169806,498886994,249443500,314159540,346712980,406492340,486797260,537866996,403400254,201700130,166294750,145009490,131361862,68478170,54782554,27444794,17643046,8821526,6384874,3696566,1888594,944300,1555540,2282924,2282980,3442460,4965604,5062876,6042092,6693988,8128904,9877396,8355308,7779412,5834566,2942234,1471120,2600048,3337072,3287504,3661456,3432646,2557142,1826554,1027814,519394,259700,408226,345758,246994,164846,111634,55820,61444,46090,44630,35722,19034,10534,6026,3478,1994,1000,1340,1516,1144,1376,1396,1054,674,340,416,466,236,184,176,196,203,37,1,0"
1821,terminating,"1821,611,61,1,0"
1822,terminating,"1822,914,460,548,418,302,154,134,70,74,40,50,43,1,0"
1823,terminating,"1823,1,0"
1824,terminating,"1824,3216,5216,5116,3844,3107,253,35,13,1,0"
1825,terminating,"1825,469,75,49,8,7,1,0"
1826,terminating,"1826,1198,602,454,230,202,104,106,56,64,63,41,1,0"
1827,terminating,"1827,1293,435,285,195,141,51,21,11,1,0"
1828,terminating,"1828,1378,890,730,602,454,230,202,104,106,56,64,63,41,1,0"
1829,terminating,"1829,91,21,11,1,0"
1830,terminating,"1830,2634,2646,4194,4932,7626,8502,9978,9990,17370,28026,35136,67226,33616,37808,40312,35288,37072,45264,79728,146448,281166,281178,363942,424638,526338,722961,321329,1,0"
1831,terminating,"1831,1,0"
1832,terminating,"1832,1618,812,868,924,1764,3423,1825,469,75,49,8,7,1,0"
1833,terminating,"1833,855,705,447,153,81,40,50,43,1,0"
1662,terminating,"1662,1674,2166,2406,2418,2958,3522,3534,4146,4158,7362,8628,11532,16272,29670,46362,46374,48666,48678,70362,86118,92058,95622,95634,180846,246834,381006,460458,562902,612138,612150,1316298,1350582,1509690,3086790,5380410,9377862,10943418,10943430,17188410,24257670,33960810,58388118,58565418,60170838,88970154,134757462,189472938,191888502,224449770,331833750,506247978,506508342,562778058,565133622,565133634,796862898,1062484410,1698730854,1819934946,2224365054,2224365066,3830671350,7551551034,8827348698,13041916902,19252353834,32643218646,39960429354,49580533080,128400918120,304645135320,711022807080,1659053220120,4078018845000,10533873852600,30016180777800,77847244092600,163672430657400,480817022949000,1199905593109200,3393419069805840,8404630008510960,23853140405126640,63141458686321680,186225026017186800,552563341771003920,1568438182455267312,3614099400835940880,8524457181249131376,15332500480534755264,18446744073709551615,12975236915480337153,4795611492407455743,1611886117489773057,731499588401765823,361234489444355745,268405918824104415,196944792516298785,169658910938402655,168779278729818273,82427089612238943,53283595548004257,20054455049299551,6685052046318369,3134557278711135,2300444557735905,2425406978173599,1578441311884641,526147103961551,4625535833569,755298850931,2440141,221843,1525,397,1,0"
1663,terminating,"1663,1,0"
1664,terminating,"1664,1906,956,724,550,566,286,218,112,136,134,70,74,40,50,43,1,0"
1665,terminating,"1665,1299,437,43,1,0"
1666,terminating,"1666,1412,1066,698,352,404,310,266,214,110,106,56,64,63,41,1,0"
1667,terminating,"1667,1,0"
1668,terminating,"1668,2252,1696,1706,856,764,580,680,940,1076,814,554,280,440,640,890,730,602,454,230,202,104,106,56,64,63,41,1,0"
1669,terminating,"1669,1,0"
1670,terminating,"1670,1354,680,940,1076,814,554,280,440,640,890,730,602,454,230,202,104,106,56,64,63,41,1,0"
1671,terminating,"1671,561,303,105,87,33,15,9,4,3,1,0"
1672,terminating,"1672,1928,1702,1034,694,350,394,200,265,59,1,0"
1673,terminating,"1673,247,33,15,9,4,3,1,0"
1932,terminating,"1932,3444,5964,10164,19628,19684,22876,26404,30044,33796,38780,54628,54684,111300,263676,465668,465724,465780,1026060,2325540,5335260,11738916,23117724,45956820,121129260,266485716,558454764,1092873236,1470806764,1471882804,1642613196,2737688884,2740114636,2791337780,4946860492,4946860548,9344070652,9344070708,15573451404,27078171764,27284104204,27410152084,27410152140,76787720100,220578719452,254903331620,361672366300,603062136740,921203207260,1381419996068,1395444575644,1395478688996,1395546402460,2069258468900,3065057872156,3277068463844,3429776547484,3597527970596,4028517592540,5641400009252,5641400009308,5641400009364,9709348326636,16331909651988,31948891146732,54770416120644,100509779504316,208751080955844,388416032284476,749365894850244,1414070378301756,2556878765995204,2556878765995260,6726041614128900,15626498692840700,23762659088671300,35168735451235260,78257359358590020,186897487211247036,340813223900632644,592585414385033916,1326583294186844484,2594892903616159356,4946738730471899844,8244565422068579772,13740942370114299844,13780400058385352252,13780400058385352308,14272557426581383244,14272557426581383300,18446744073709551615,12975236915480337153,4795611492407455743,1611886117489773057,731499588401765823,361234489444355745,268405918824104415,196944792516298785,169658910938402655,168779278729818273,82427089612238943,53283595548004257,20054455049299551,6685052046318369,3134557278711135,2300444557735905,2425406978173599,1578441311884641,526147103961551,4625535833569,755298850931,2440141,221843,1525,397,1,0"
1933,terminating,"1933,1,0"
1934,terminating,"1934,970,794,400,561,303,105,87,33,15,9,4,3,1,0"
1935,terminating,"1935,1497,503,1,0"
1936,terminating,"1936,2187,1093,1,0"
1937,terminating,"1937,163,1,0"
1938,terminating,"1938,2382,2394,3846,3858,3870,6426,10854,13830,19434,20886,21606,25098,26742,26754,40446,63234,77406,110754,171486,253458,295740,647748,1077612,1467588,1956812,2109796,1889486,953914,668966,353578,176792,254128,308832,502104,753216,1240176,2422288,2697920,3727264,3655076,2760844,2100740,2310856,2455544,3212776,3751064,3282196,2723020,3035684,2299240,2988440,5297320,8325080,11222920,15359480,19199440,28875608,25266172,19406148,26552604,40541052,54202884,72270540,147793668,228408732,348957876,508132204,404465636,303708376,290504024,312058216,294959384,290622016,286081174,151737434,75868720,108199856,101437396,76247552,76099654,42387146,21679318,12752594,7278382,3660794,1855066,927536,932464,1013592,1546008,2425752,5084088,8436192,13709064,20563656,33082104,57142536,99483384,245978376,487384824,745600776,1118401224,1677601896,2538372504,4119772776,8030724504,14097017496,21148436904,40381357656,60572036544,100039354704,179931895322,94685963278,51399021218,28358080762,18046051430,17396081338,8698040672,8426226964,6319670230,5422685354,3217383766,1739126474,996366646,636221402,318217798,195756362,101900794,54202694,49799866,24930374,17971642,11130830,8904682,4913018,3126502,1574810,1473382,736694,541162,312470,249994,127286,69898,34952,34708,26038,13994,7000,11720,14740,19532,16588,18692,14026,7016,6154,3674,2374,1190,1402,704,820,944,916,694,350,394,200,265,59,1,0"
1939,terminating,"1939,285,195,141,51,21,11,1,0"
1940,terminating,"1940,2176,2414,1474,974,490,536,484,447,153,81,40,50,43,1,0"
1941,terminating,"1941,651,373,1,0"
1942,terminating,"1942,974,490,536,484,447,153,81,40,50,43,1,0"
1943,terminating,"1943,97,1,0"
1944,terminating,"1944,3516,4716,7296,13104,32032,52640,92512,122948,123004,135044,166600,310490,258670,206954,147286,73646,41698,20852,18544,19896,29904,59376,94136,112624,105616,144368,175552,201384,344226,352158,352170,800982,1403178,1804182,1818138,2401638,2654682,2654694,4146474,4146486,4507338,5648694,5648706,8488638,10866522,11091750,17841882,19393638,23241906,27115596,43102188,68798692,51599026,25799516,19587364,14722380,30486420,61989600,148746912,241713984,397821440,556023760,812779256,712420744,814195256,956557384,847010216,950724184,936743216,882541384,794892836,599077084,450226724,354434140,428483492,332554828,249416128,292731632,305511328,303582752,386179552,443229560,554037040,736491968,724984408,661942952,692031448,605527532,504885268,379241612,284431216,343385744,374219368,395604632,346154068,351606716,299899972,225565388,169174048,170481632,165154144,160325024,156650656,153116564,128182636,96136984,84119876,71749432,63099368,55211962,34911878,17482162,9881294,5576194,3431546,1724134,862070,934186,594518,351658,175832,164968,162812,157060,172808,151222,75614,66082,43358,35362,17684,13270,10634,6586,3674,2374,1190,1402,704,820,944,916,694,350,394,200,265,59,1,0"
1945,terminating,"1945,395,85,23,1,0"
1946,terminating,"1946,1414,1034,694,350,394,200,265,59,1,0"
1947,terminating,"1947,933,315,309,107,1,0"
1948,terminating,"1948,1468,1108,838,422,214,110,106,56,64,63,41,1,0"
1949,terminating,"1949,1,0"
1398,terminating,"1398,1410,2046,2562,3390,4818,5838,7602,9870,17778,17790,24978,27438,30882,30894,34386,40782,52530,82254,82266,82278,121770,241110,450090,750870,1295226,1572678,1919538,2760984,4964136,8773464,16294056,26949144,44734056,72988344,181027656,321827544,605739096,1034804484,2238816636,4252939908,7290755724,12676727924,12676727980,17832287060,24990818860,34987146740,57135989260,79990385300,119649586924,124794509588,124805244844,124935833204,162705788812,164126812948,164378807404,183717491636,190312143532,205203187028,205224335596,205253358100,305960047148,306235687156,306235687212,697570315988,826050278956,826050279012,1420258206108,2424219279972,4420635161628,7367725269604,8114683604636,8390187016036,9444824970140,16861410677860,23605974949340,33553353522724,35197996504412,35198204947108,36957068348508,84849006934692,214951923416412,472309093543588,544197351525212,705658837558948,898102224841052,1078649061108388,1274767072219676,1336957876077796,1337585703447644,1490159075109796,1720187201522524,1721293787223556,2000630746699004,2059038893341444,2059038893341500,4842740976195780,12376098146115900,33452640218013380,53164796729714236,53164796729714292,88607994549524044,91037016491635956,151728360819393484,168238177711473716,198826978159159756,203618076881829428,234949136523951052,262590257088172916,262914642828953164,269152494516040436,278865355777423660,403033039571208788,423985430144663212,423985494155819092,424153375959370988,439301881643084404,446867471841084812,458181326195512948,475691440573119372,897499076008871028,1828831521604471692,3901656477550216308,7512026260230483852,13212188065033142388,18446744073709551615,12975236915480337153,4795611492407455743,1611886117489773057,731499588401765823,361234489444355745,268405918824104415,196944792516298785,169658910938402655,168779278729818273,82427089612238943,53283595548004257,20054455049299551,6685052046318369,3134557278711135,2300444557735905,2425406978173599,1578441311884641,526147103961551,4625535833569,755298850931,2440141,221843,1525,397,1,0"
1399,terminating,"1399,1,0"
1400,terminating,"1400,2320,3260,3628,2728,3032,2668,2372,1786,1094,550,566,286,218,112,136,134,70,74,40,50,43,1,0"
1401,terminating,"1401,471,161,31,1,0"
1402,terminating,"1402,704,820,944,916,694,350,394,200,265,59,1,0"
1403,terminating,"1403,85,23,1,0"
1404,terminating,"1404,2516,2272,2264,1996,1504,1520,2200,3380,4306,2156,2632,3128,3352,2948,2764,2080,3212,3004,2260,2528,2512,2386,1196,1156,993,335,73,1,0"
1405,terminating,"1405,287,49,8,7,1,0"
1406,terminating,"1406,874,566,286,218,112,136,134,70,74,40,50,43,1,0"
1407,terminating,"1407,769,1,0"
1408,terminating,"1408,1652,1708,1764,3423,1825,469,75,49,8,7,1,0"
1409,terminating,"1409,1,0"
1914,terminating,"1914,2406,2418,2958,3522,3534,4146,4158,7362,8628,11532,16272,29670,46362,46374,48666,48678,70362,86118,92058,95622,95634,180846,246834,381006,460458,562902,612138,612150,1316298,1350582,1509690,3086790,5380410,9377862,10943418,10943430,17188410,24257670,33960810,58388118,58565418,60170838,88970154,134757462,189472938,191888502,224449770,331833750,506247978,506508342,562778058,565133622,565133634,796862898,1062484410,1698730854,1819934946,2224365054,2224365066,3830671350,7551551034,8827348698,13041916902,19252353834,32643218646,39960429354,49580533080,128400918120,304645135320,711022807080,1659053220120,4078018845000,10533873852600,30016180777800,77847244092600,163672430657400,480817022949000,1199905593109200,3393419069805840,8404630008510960,23853140405126640,63141458686321680,186225026017186800,552563341771003920,1568438182455267312,3614099400835940880,8524457181249131376,15332500480534755264,18446744073709551615,12975236915480337153,4795611492407455743,1611886117489773057,731499588401765823,361234489444355745,268405918824104415,196944792516298785,169658910938402655,168779278729818273,82427089612238943,53283595548004257,20054455049299551,6685052046318369,3134557278711135,2300444557735905,2425406978173599,1578441311884641,526147103961551,4625535833569,755298850931,2440141,221843,1525,397,1,0"
1915,terminating,"1915,389,1,0"
1916,terminating,"1916,1444,1223,1,0"
1917,terminating,"1917,963,441,300,568,512,511,81,40,50,43,1,0"
1918,terminating,"1918,1394,874,566,286,218,112,136,134,70,74,40,50,43,1,0"
1919,terminating,"1919,121,12,16,15,9,4,3,1,0"
1512,terminating,"1512,3288,4992,9288,17112,28968,48792,80808,174552,324648,592632,1012608,1986192,4005612,7338084,12192924,16725364,12738924,23293716,31804908,42406572,71392596,117305004,156645204,209373036,288095124,423669804,564893100,1205735760,3015898800,6645034200,16897387560,33829132440,68044243560,136088487480,329500704840,711027843960,1765160582280,3582166158840,7246592369160,14704250572920,30012785442600,63038711692920,126082900523400,264774091101000,710326543625400,1731629001216840,3935520457315320,7871040914631000,18131174248224360,36659381509233240,75907730339342760,157198059606609240,353749395421450920,707498790842902200,1544694754185474120,3595099823068652280,8249061079026999720,18446744073709551615,12975236915480337153,4795611492407455743,1611886117489773057,731499588401765823,361234489444355745,268405918824104415,196944792516298785,169658910938402655,168779278729818273,82427089612238943,53283595548004257,20054455049299551,6685052046318369,3134557278711135,2300444557735905,2425406978173599,1578441311884641,526147103961551,4625535833569,755298850931,2440141,221843,1525,397,1,0"
1513,terminating,"1513,107,1,0"
1350,terminating,"1350,2370,3390,4818,5838,7602,9870,17778,17790,24978,27438,30882,30894,34386,40782,52530,82254,82266,82278,121770,241110,450090,750870,1295226,1572678,1919538,2760984,4964136,8773464,16294056,26949144,44734056,72988344,181027656,321827544,605739096,1034804484,2238816636,4252939908,7290755724,12676727924,12676727980,17832287060,24990818860,34987146740,57135989260,79990385300,119649586924,124794509588,124805244844,124935833204,162705788812,164126812948,164378807404,183717491636,190312143532,205203187028,205224335596,205253358100,305960047148,306235687156,306235687212,697570315988,826050278956,826050279012,1420258206108,2424219279972,4420635161628,7367725269604,8114683604636,8390187016036,9444824970140,16861410677860,23605974949340,33553353522724,35197996504412,35198204947108,36957068348508,84849006934692,214951923416412,472309093543588,544197351525212,705658837558948,898102224841052,1078649061108388,1274767072219676,1336957876077796,1337585703447644,1490159075109796,1720187201522524,1721293787223556,2000630746699004,2059038893341444,2059038893341500,4842740976195780,12376098146115900,33452640218013380,53164796729714236,53164796729714292,88607994549524044,91037016491635956,151728360819393484,168238177711473716,198826978159159756,203618076881829428,234949136523951052,262590257088172916,262914642828953164,269152494516040436,278865355777423660,403033039571208788,423985430144663212,423985494155819092,424153375959370988,439301881643084404,446867471841084812,458181326195512948,475691440573119372,897499076008871028,1828831521604471692,3901656477550216308,7512026260230483852,13212188065033142388,18446744073709551615,12975236915480337153,4795611492407455743,1611886117489773057,731499588401765823,361234489444355745,268405918824104415,196944792516298785,169658910938402655,168779278729818273,82427089612238943,53283595548004257,20054455049299551,6685052046318369,3134557278711135,2300444557735905,2425406978173599,1578441311884641,526147103961551,4625535833569,755298850931,2440141,221843,1525,397,1,0"
1351,terminating,"1351,201,71,1,0"
1352,terminating,"1352,1393,207,105,87,33,15,9,4,3,1,0"
1353,terminating,"1353,663,345,231,153,81,40,50,43,1,0"
1476,terminating,"1476,2346,2838,3498,4278,4938,4950,9558,12222,18354,27726,27738,35910,79290,127098,161190,274410,439290,732870,1288890,2062458,2442042,3122118,4653882,5688198,6952362,6979638,6979650,12066750,21808962,32194494,38283186,38283198,38986962,53201838,56823378,56823390,106371810,176090526,210271554,245852478,296880570,588245958,686790090,1460543670,2434240170,3894784506,5058746694,6651000186,7109690214,8402361306,8599759014,13574152986,13576658118,13739254842,13747044390,21186622650,31385039334,37091410266,38631296742,38672438298,45430745958,63168244074,84403867158,118278180522,138005248698,176800005702,233567011098,275957820198,321950790270,538024264578,696319451262,889926176898,1267596268542,1558283984418,2003507980062,2114063980770,3779570159646,3779570159658,4463730768438,5455670939322,5465134389318,6127338859194,7981157160006,7981157160018,12288448326702,12968797428690,19079318457390,26721722382450,40780070898894,47576749382082,61324420395582,82064399351778,102217803728670,210402084460770,350078482302750,600413780879010,1183672882306206,1481213669688162,1810376571403998,2522148556744002,2522175514668798,2553947583142914,3770113098925566,4398579296324418,4486388421918462,4486390295148690,6280946413208238,6486888469835634,8340285175503054,8340285175503066,10416775929078096,20469098878489008,44380569091119696,82852878405887064,141540466229630136,243496346063622984,434024906211180216,776055922658963784,1512954162806681016,2936911021918862184,6386616031791816216,13331930705248823784,18446744073709551615,12975236915480337153,4795611492407455743,1611886117489773057,731499588401765823,361234489444355745,268405918824104415,196944792516298785,169658910938402655,168779278729818273,82427089612238943,53283595548004257,20054455049299551,6685052046318369,3134557278711135,2300444557735905,2425406978173599,1578441311884641,526147103961551,4625535833569,755298850931,2440141,221843,1525,397,1,0"
1477,terminating,"1477,219,77,19,1,0"
1478,terminating,"1478,742,554,280,440,640,890,730,602,454,230,202,104,106,56,64,63,41,1,0"
1479,terminating,"1479,681,231,153,81,40,50,43,1,0"
1480,terminating,"1480,1940,2176,2414,1474,974,490,536,484,447,153,81,40,50,43,1,0"
1481,terminating,"1481,1,0"
1278,terminating,"1278,1530,2682,3168,6660,14088,21192,31848,47832,71808,148512,359520,946848,1895712,4539360,12180336,23781648,44267568,76111632,139130668,104348008,92030552,80526748,62286692,55099864,51042536,47249404,35492780,39042100,45679474,22839740,36962884,38008124,53126668,54930932,54930988,60686612,62153644,62153700,155582364,259304164,266871836,327310564,327768476,327768532,396478124,397718356,398447980,557827508,557827564,583593332,645414448,787922384,739137616,953968304,894345316,774937460,1009670092,763542524,617043844,462782890,370226330,300597094,254298266,127318438,78349850,67380964,67381020,170849700,455276892,785095332,1353047388,2730005796,4680011532,8989919988,15034639116,25057732084,30907073036,33007287796,34078491020,50530186420,70844827340,99182758612,106237222700,165551444212,195690975116,228113158756,254901208604,263632807396,274851227420,507715459300,751418881500,1749303191076,3480682068444,6604825822756,7467599613404,7483271439364,7483271439420,19285028182980,48485555197884,91621492377156,191982873147324,371492151175236,719488350665532,1652151220493508,3368985514491324,6306049809179204,6306049809179260,8828469732851300,13066135204621660,18405797678228324,21945449165668756,26323036089475244,27487354482052276,27492212193118540,38489217056547572,39864013609492492,41491116205801108,49034955515947436,58804502365944916,71372078274996884,93526580908250476,101659327074186644,111202674691272556,112182433939666580,158408361492762220,225535865174877908,232980109946018092,241300936709076188,260041794337473316,282654124279863644,341008402262784676,364526223108495644,368599141802455396,368822249063390108,370877736802670692,377810030948521052,398232194783578372,398239194643966844,408534386130917956,486602641614267836,486602641614267892,486602641614267948,934231026364583892,1557425833260726828,2595709978031227092,4326183296718712044,9780311870838919956,18446744073709551615,12975236915480337153,4795611492407455743,1611886117489773057,731499588401765823,361234489444355745,268405918824104415,196944792516298785,169658910938402655,168779278729818273,82427089612238943,53283595548004257,20054455049299551,6685052046318369,3134557278711135,2300444557735905,2425406978173599,1578441311884641,526147103961551,4625535833569,755298850931,2440141,221843,1525,397,1,0"
1279,terminating,"1279,1,0"
1280,terminating,"1280,1786,1094,550,566,286,218,112,136,134,70,74,40,50,43,1,0"
1281,terminating,"1281,703,57,23,1,0"
1282,terminating,"1282,644,700,1036,1092,2044,2100,4844,4900,7469,1939,285,195,141,51,21,11,1,0"
1283,terminating,"1283,1,0"
1284,terminating,"1284,1740,3300,7116,9516,14788,11098,6182,3970,3194,1600,2337,1023,513,287,49,8,7,1,0"
1285,terminating,"1285,263,1,0"
1286,terminating,"1286,646,434,334,170,154,134,70,74,40,50,43,1,0"
1287,terminating,"1287,897,447,153,81,40,50,43,1,0"
1288,terminating,"1288,1592,1408,1652,1708,1764,3423,1825,469,75,49,8,7,1,0"
1289,terminating,"1289,1,0"
1632,terminating,"1632,2904,5076,8364,12804,20124,35932,31884,42540,76740,138300,262716,350316,562596,762588,1307172,1777084,1332820,1497644,1140460,1278740,1565332,1205408,1193632,1370720,2122000,3013832,2637118,1678202,845734,422870,463594,255866,160276,136832,136018,72494,38074,19040,35392,45888,76032,169248,296448,497400,1046400,2431800,6950040,13900440,27801240,55602840,116598120,233196600,656746440,1617543480,4156603080,10094610360,20189221080,54411895560,128785687800,374571381000,794568622200,1668594108480,4254108120768,8024794870272,13398376816128,22295736424680,45612520095000,97682720749800,205133713576440,466373728060680,1071692109062520,2435663884237320,5535685077651960,15539145609494280,32215301873356920,67597674965053320,135195349930107000,287556281675157000,691194593150693880,1385530428565023240,2812233609020213880,5624467456701703080,11457942755793247320,18446744073709551615,12975236915480337153,4795611492407455743,1611886117489773057,731499588401765823,361234489444355745,268405918824104415,196944792516298785,169658910938402655,168779278729818273,82427089612238943,53283595548004257,20054455049299551,6685052046318369,3134557278711135,2300444557735905,2425406978173599,1578441311884641,526147103961551,4625535833569,755298850931,2440141,221843,1525,397,1,0"
1633,aspiring,"1633,95,25,6"
1634,terminating,"1634,1006,506,358,182,154,134,70,74,40,50,43,1,0"
1635,terminating,"1635,1005,627,333,161,31,1,0"
1636,terminating,"1636,1234,620,724,550,566,286,218,112,136,134,70,74,40,50,43,1,0"
1637,terminating,"1637,1,0"
1638,terminating,"1638,2730,5334,6954,7926,7938,12753,7267,785,163,1,0"
1639,terminating,"1639,161,31,1,0"
1640,terminating,"1640,2140,2396,1804,1724,1300,1738,1142,574,434,334,170,154,134,70,74,40,50,43,1,0"
1641,terminating,"1641,551,49,8,7,1,0"
1842,terminating,"1842,1854,2202,2214,2826,3336,5064,7656,13944,26376,49464,88536,187944,295896,443904,812340,1652304,2767056,4803888,7914048,13495104,30725280,79741440,196505388,300216656,285162916,237325596,325831908,434442572,325831936,347001764,260735800,434766560,592369816,518323604,399201004,340495100,465552268,349164208,327341476,386858780,660449188,660449244,1275089956,1326589544,1591234456,1869454184,1907347936,2136597368,1927982632,1687830008,1476851272,1549164728,1355519152,1472824128,2428160704,2390220820,3015356084,2946399436,2219933204,1697726164,1273591500,2435111316,4505089644,8249900436,13250766444,17667688620,31801839684,50902645116,68311735764,100424225196,163782878804,157632369196,132743047884,179219034996,253378636524,469364621076,808466882964,1223065284876,1899182242068,2532933314892,4033930835108,3476984189596,2608558569252,3985297814226,4023073151502,4113479290818,4113479290830,8150663431218,12314223635406,19021855888434,24456828403662,24456828403674,33400095866406,41025955455450,87522179850270,160752206062530,257204778352830,582855787227042,886186681902414,1034002020631818,1454075262184182,1742529178082874,1742581706624934,2255275930841178,3011054068857126,3215358222394074,3423082058789670,5706879792828570,9610585471811430,16130542135671450,28318062860404710,40045378598887962,40536410262347238,40536444317790858,40550300562714198,43430502547685802,43430505981393750,69885402054320298,77241760165301622,92294863126228362,93496666024371318,93497001710637642,108230228021541558,110228150683152042,123245911376118102,166581668788799658,174707641076515734,209360680894795866,210327704825031078,210330301289003418,213153526809662982,224177998753304058,247775682832599462,254755279532110170,421642919684306598,421646091330059418,421646091330059430,616136355045125850,1060482535478260134,1060777613821292346,1385297851436906694,1790493068686394682,2133709360930628118,2941727912299551114,3432163722064897626,4086820243432760742,4992964806777394266,5877193519621131174,6890645886501113946,9398026399476218022,11666515530384271818,13610934872556650550,18446744073709551615,12975236915480337153,4795611492407455743,1611886117489773057,731499588401765823,361234489444355745,268405918824104415,196944792516298785,169658910938402655,168779278729818273,82427089612238943,53283595548004257,20054455049299551,6685052046318369,3134557278711135,2300444557735905,2425406978173599,1578441311884641,526147103961551,4625535833569,755298850931,2440141,221843,1525,397,1,0"
1843,terminating,"1843,117,65,19,1,0"
1844,terminating,"1844,1390,1130,922,464,466,236,184,176,196,203,37,1,0"
1845,terminating,"1845,1431,729,364,420,924,1764,3423,1825,469,75,49,8,7,1,0"
1846,terminating,"1846,1178,742,554,280,440,640,890,730,602,454,230,202,104,106,56,64,63,41,1,0"
1847,terminating,"1847,1,0"
1590,terminating,"1590,2298,2310,4602,5478,6618,6630,11514,12966,12978,19470,32370,52302,57138,59502,62610,87726,87738,112902,120570,168870,268602,275718,275730,546798,734226,753774,994962,1010958,1180650,1926294,2030874,2049126,2049138,3642702,4881330,8337870,13897170,32228910,63538866,74128716,118762164,183015312,289774368,620449632,1416903840,4054854816,7870368186,9662150214,11340711666,14487489018,18554153382,23036873634,28156179006,32848875546,32882197638,32900423082,32943086358,48147589098,71289230742,87345365274,105090603750,205305368994,279996796926,533690478594,944579422206,1504517742594,1958302517760,5222147904000,14193864391680,37049019761664,69929220811566,69954308863314,74468256717486,75216681410514,97063982013486,107205459228114,130354839100974,145996691368722,146041149298926,187817487657234,187817487657246,219246741383418,332549897371398,534246827612922,623287965548448,1226251323544320,3282324323158080,8839976547461184,16507279185669420,30434186808674004,41743064967090124,37981210363426868,28493737963133836,21393593543096564,16045196219536240,21259884990885704,18602765995936696,21260303995356344,18841755934507336,16486536442693934,8243268766202266,4142563921535078,2981838562395730,2516392686024110,2015380035215890,2330497479761390,2106747513302866,1504855223772590,1313986907590738,689270887351982,430833990857650,370669847051054,225197248317586,132468969598634,66299826292954,34803692587046,17404838238754,8702579446154,6940493065846,3470273107514,1820676285766,1123097254298,561548627152,526487365908,1014058710252,1936827564084,3658452066220,5177758327700,7899711027880,13144910325080,16431137906440,22149503978360,32217460333240,57662530757960,72078163447540,79285979792336,80331256729264,75887578742416,95149859572934,52496474247226,26248237123616,28480861264600,37737141176060,41511525182116,38847713731292,29135785298476,21851838973864,19792034481356,14947274211124,11257500712084,10621912585196,9990669879124,9279057037484,9007096444756,6755343471936,14272318897344,29461549452880,39036553025252,29277414768946,14638742657258,7319399520922,3720318431078,1904099984794,1360071417734,701159766922,364987276154,182496486406,112305530138,56162127994,41760728966,26575009378,13287504692,15703415308,15703415364,29417402812,29417402868,52439723532,99052811844,170478660156,284131100484,712621103292,1400299306308,2645140771644,4408567952964,7347613255164,16299877986756,36159499747644,68602128197316,114336880329084,209135880175236,356414669047164,721006192912516,721359714196604,726845339414404,830680387910156,918123922176244,969078521390924,976297728028084,1162035509885516,1174613209149940,1655894296613900,2450858960459476,2450884317966700,4180019818506644,4285843105055596,4447573033551284,5131909471419724,6127290288836276,6310194476566540,9631349464239860,13975702839615244,16298747616202996,16943157128096780,23720419979335828,23924028734536364,24019666153504084,25193615969970476,26931106726521844,37017732168740876,40394526387739636,45146823609827660,69709131595716340,114881837465485580,162025049863434100,267018592793960588,298432544887368724,298434278815241324,299356795905896596,299356795905896652,650224459778199348,1084520946836015052,2030136710466764340,5106794598442062540,12709521503809152372,18446744073709551615,12975236915480337153,4795611492407455743,1611886117489773057,731499588401765823,361234489444355745,268405918824104415,196944792516298785,169658910938402655,168779278729818273,82427089612238943,53283595548004257,20054455049299551,6685052046318369,3134557278711135,2300444557735905,2425406978173599,1578441311884641,526147103961551,4625535833569,755298850931,2440141,221843,1525,397,1,0"
1591,terminating,"1591,81,40,50,43,1,0"
1592,terminating,"1592,1408,1652,1708,1764,3423,1825,469,75,49,8,7,1,0"
1593,terminating,"1593,807,273,175,73,1,0"
1594,terminating,"1594,800,1153,1,0"
1595,aspiring,"1595,565,119,25,6"
1596,terminating,"1596,2884,2940,6636,11284,13804,16436,16492,19348,19404,42840,125640,283860,633420,1562004,2535180,5206260,9371436,12495276,20190804,26921100,55087540,60803732,56587948,45117684,69280236,116780184,208518216,312777384,469166136,772745304,1187955816,1781933784,2716157736,4851795384,8337024936,14614443864,27722614536,48023931924,82013245164,134692975476,205780934846,107492498242,53746249124,42348933724,35852825156,27118586620,29830445324,24116652916,18087489694,10639699874,5379726934,2706299954,1471210894,735605450,632620780,816656420,898322104,809756216,781610824,685415096,602212744,711287846,355643926,246590714,123608986,61804496,72770224,68943920,91350880,128146160,170324320,242956688,264953512,248965388,248965444,290225852,310243108,343261436,345226084,363478556,363478612,383892908,438979156,520540076,520540132,539131250,616169806,498886994,249443500,314159540,346712980,406492340,486797260,537866996,403400254,201700130,166294750,145009490,131361862,68478170,54782554,27444794,17643046,8821526,6384874,3696566,1888594,944300,1555540,2282924,2282980,3442460,4965604,5062876,6042092,6693988,8128904,9877396,8355308,7779412,5834566,2942234,1471120,2600048,3337072,3287504,3661456,3432646,2557142,1826554,1027814,519394,259700,408226,345758,246994,164846,111634,55820,61444,46090,44630,35722,19034,10534,6026,3478,1994,1000,1340,1516,1144,1376,1396,1054,674,340,416,466,236,184,176,196,203,37,1,0"
1597,terminating,"1597,1,0"
1598,terminating,"1598,994,734,370,314,160,218,112,136,134,70,74,40,50,43,1,0"
1599,terminating,"1599,753,255,177,63,41,1,0"
1600,terminating,"1600,2337,1023,513,287,49,8,7,1,0"
1601,terminating,"1601,1,0"
1602,terminating,"1602,1908,3006,3546,4176,7914,7926,7938,12753,7267,785,163,1,0"
1603,terminating,"1603,237,83,1,0"
1604,non-terminating,"1604,1210,1184,1210"
1605,terminating,"1605,987,549,257,1,0"
1606,terminating,"1606,1058,601,1,0"
1607,terminating,"1607,1,0"
1608,terminating,"1608,2472,3768,5712,12144,23568,37440,101244,180996,241356,321836,251044,188290,168830,135082,88478,59698,34622,24754,12380,13660,15068,11308,10364,7780,8600,11860,13088,12742,7274,3640,6440,10840,13640,20920,26240,38020,41864,36646,19298,9652,8268,12900,25292,18976,18446,10498,5882,3514,2534,1834,1334,826,614,310,266,214,110,106,56,64,63,41,1,0"
1609,terminating,"1609,1,0"
1986,terminating,"1986,1998,2562,3390,4818,5838,7602,9870,17778,17790,24978,27438,30882,30894,34386,40782,52530,82254,82266,82278,121770,241110,450090,750870,1295226,1572678,1919538,2760984,4964136,8773464,16294056,26949144,44734056,72988344,181027656,321827544,605739096,1034804484,2238816636,4252939908,7290755724,12676727924,12676727980,17832287060,24990818860,34987146740,57135989260,79990385300,119649586924,124794509588,124805244844,124935833204,162705788812,164126812948,164378807404,183717491636,190312143532,205203187028,205224335596,205253358100,305960047148,306235687156,306235687212,697570315988,826050278956,826050279012,1420258206108,2424219279972,4420635161628,7367725269604,8114683604636,8390187016036,9444824970140,16861410677860,23605974949340,33553353522724,35197996504412,35198204947108,36957068348508,84849006934692,214951923416412,472309093543588,544197351525212,705658837558948,898102224841052,1078649061108388,1274767072219676,1336957876077796,1337585703447644,1490159075109796,1720187201522524,1721293787223556,2000630746699004,2059038893341444,2059038893341500,4842740976195780,12376098146115900,33452640218013380,53164796729714236,53164796729714292,88607994549524044,91037016491635956,151728360819393484,168238177711473716,198826978159159756,203618076881829428,234949136523951052,262590257088172916,262914642828953164,269152494516040436,278865355777423660,403033039571208788,423985430144663212,423985494155819092,424153375959370988,439301881643084404,446867471841084812,458181326195512948,475691440573119372,897499076008871028,1828831521604471692,3901656477550216308,7512026260230483852,13212188065033142388,18446744073709551615,12975236915480337153,4795611492407455743,1611886117489773057,731499588401765823,361234489444355745,268405918824104415,196944792516298785,169658910938402655,168779278729818273,82427089612238943,53283595548004257,20054455049299551,6685052046318369,3134557278711135,2300444557735905,2425406978173599,1578441311884641,526147103961551,4625535833569,755298850931,2440141,221843,1525,397,1,0"
1987,terminating,"1987,1,0"
1988,terminating,"1988,2044,2100,4844,4900,7469,1939,285,195,141,51,21,11,1,0"
1989,terminating,"1989,1287,897,447,153,81,40,50,43,1,0"
1990,terminating,"1990,1610,1846,1178,742,554,280,440,640,890,730,602,454,230,202,104,106,56,64,63,41,1,0"
1991,terminating,"1991,193,1,0"
1572,terminating,"1572,2124,3336,5064,7656,13944,26376,49464,88536,187944,295896,443904,812340,1652304,2767056,4803888,7914048,13495104,30725280,79741440,196505388,300216656,285162916,237325596,325831908,434442572,325831936,347001764,260735800,434766560,592369816,518323604,399201004,340495100,465552268,349164208,327341476,386858780,660449188,660449244,1275089956,1326589544,1591234456,1869454184,1907347936,2136597368,1927982632,1687830008,1476851272,1549164728,1355519152,1472824128,2428160704,2390220820,3015356084,2946399436,2219933204,1697726164,1273591500,2435111316,4505089644,8249900436,13250766444,17667688620,31801839684,50902645116,68311735764,100424225196,163782878804,157632369196,132743047884,179219034996,253378636524,469364621076,808466882964,1223065284876,1899182242068,2532933314892,4033930835108,3476984189596,2608558569252,3985297814226,4023073151502,4113479290818,4113479290830,8150663431218,12314223635406,19021855888434,24456828403662,24456828403674,33400095866406,41025955455450,87522179850270,160752206062530,257204778352830,582855787227042,886186681902414,1034002020631818,1454075262184182,1742529178082874,1742581706624934,2255275930841178,3011054068857126,3215358222394074,3423082058789670,5706879792828570,9610585471811430,16130542135671450,28318062860404710,40045378598887962,40536410262347238,40536444317790858,40550300562714198,43430502547685802,43430505981393750,69885402054320298,77241760165301622,92294863126228362,93496666024371318,93497001710637642,108230228021541558,110228150683152042,123245911376118102,166581668788799658,174707641076515734,209360680894795866,210327704825031078,210330301289003418,213153526809662982,224177998753304058,247775682832599462,254755279532110170,421642919684306598,421646091330059418,421646091330059430,616136355045125850,1060482535478260134,1060777613821292346,1385297851436906694,1790493068686394682,2133709360930628118,2941727912299551114,3432163722064897626,4086820243432760742,4992964806777394266,5877193519621131174,6890645886501113946,9398026399476218022,11666515530384271818,13610934872556650550,18446744073709551615,12975236915480337153,4795611492407455743,1611886117489773057,731499588401765823,361234489444355745,268405918824104415,196944792516298785,169658910938402655,168779278729818273,82427089612238943,53283595548004257,20054455049299551,6685052046318369,3134557278711135,2300444557735905,2425406978173599,1578441311884641,526147103961551,4625535833569,755298850931,2440141,221843,1525,397,1,0"
1573,terminating,"1573,289,18,21,11,1,0"
1574,aspiring,"1574,790,650,652,496"
1575,terminating,"1575,1649,115,29,1,0"
1576,terminating,"1576,1394,874,566,286,218,112,136,134,70,74,40,50,43,1,0"
1577,terminating,"1577,103,1,0"
1734,terminating,"1734,1950,3258,3840,8424,16986,19014,19026,28398,28410,39846,42954,42966,76842,94038,121002,166230,266202,336582,446778,521280,1281612,1708844,1378324,1153996,865504,1030544,1035916,1035972,1957564,1992004,1992060,5749380,16632252,35122724,42173404,48662404,48836284,51988804,53845946,50110534,25055270,20044234,15667766,7833886,4717154,2938774,1482746,741376,749386,531062,395758,251882,125944,166376,190264,187736,176104,154106,85114,42560,79360,117056,126784,161760,349296,603024,1048656,2048368,2487552,4380288,9279552,16725984,32335392,52545264,83196792,175588488,301771512,637953768,1142584992,2204438688,4795770528,8842202730,14737005270,27584660970,46587429594,56914934670,104516519202,121943199582,142304875938,166776227562,214534937238,214549363482,216219011430,331455985674,434653730166,480438161034,554775016566,554785120122,588644921478,588653764458,588653764470,958468658922,1120493034198,1307564276130,2578921700958,3266516448162,4647758094558,6962954338242,10467255258558,16345418319522,22247469037278,27633221228322,37927950712074,46356384203766,80724482100234,124303525912566,254427059585034,375600380560758,466022694399822,717527005664178,717532378396782,827952425707410,1389821486064750,2636735850490770,5427627586086510,11115035210800530,18554434397877870,29754190348921170,61684538697694638,85450054888378962,99691730703108828,160922145548537628,237242105705521956,359024697217777244,269268522913332940,296195375204666276,249427736829417724,189994089936484676,142891860250210684,107169573834568724,83060347629571372,62822297227912820,79272603593368588,70126307649693620,90009690270561100,122735458228225076,115790010279716812,102502132890209748,156600480804487206,157059047366148378,186222404229934182,220081050788467098,220163409364958502,222053224037621898,222053224037621910,354833788982114154,362154334537714902,362154334537714914,483109743342447390,771893148226832610,1318751616876589470,1846252302256817538,1857408466854517182,2305748441612505258,2703116189998921302,3238783538279778858,3238783538279778870,5141779912614507978,5142036309010943478,5437529736459878922,5473719292110077430,9281577302877473370,18446744073709551615,12975236915480337153,4795611492407455743,1611886117489773057,731499588401765823,361234489444355745,268405918824104415,196944792516298785,169658910938402655,168779278729818273,82427089612238943,53283595548004257,20054455049299551,6685052046318369,3134557278711135,2300444557735905,2425406978173599,1578441311884641,526147103961551,4625535833569,755298850931,2440141,221843,1525,397,1,0"
1735,terminating,"1735,353,1,0"
1736,terminating,"1736,2104,1856,1954,980,1414,1034,694,350,394,200,265,59,1,0"
1737,terminating,"1737,785,163,1,0"
1104,terminating,"1104,1872,3770,3790,3050,2716,2772,5964,10164,19628,19684,22876,26404,30044,33796,38780,54628,54684,111300,263676,465668,465724,465780,1026060,2325540,5335260,11738916,23117724,45956820,121129260,266485716,558454764,1092873236,1470806764,1471882804,1642613196,2737688884,2740114636,2791337780,4946860492,4946860548,9344070652,9344070708,15573451404,27078171764,27284104204,27410152084,27410152140,76787720100,220578719452,254903331620,361672366300,603062136740,921203207260,1381419996068,1395444575644,1395478688996,1395546402460,2069258468900,3065057872156,3277068463844,3429776547484,3597527970596,4028517592540,5641400009252,5641400009308,5641400009364,9709348326636,16331909651988,31948891146732,54770416120644,100509779504316,208751080955844,388416032284476,749365894850244,1414070378301756,2556878765995204,2556878765995260,6726041614128900,15626498692840700,23762659088671300,35168735451235260,78257359358590020,186897487211247036,340813223900632644,592585414385033916,1326583294186844484,2594892903616159356,4946738730471899844,8244565422068579772,13740942370114299844,13780400058385352252,13780400058385352308,14272557426581383244,14272557426581383300,18446744073709551615,12975236915480337153,4795611492407455743,1611886117489773057,731499588401765823,361234489444355745,268405918824104415,196944792516298785,169658910938402655,168779278729818273,82427089612238943,53283595548004257,20054455049299551,6685052046318369,3134557278711135,2300444557735905,2425406978173599,1578441311884641,526147103961551,4625535833569,755298850931,2440141,221843,1525,397,1,0"
1105,terminating,"1105,407,49,8,7,1,0"
1106,terminating,"1106,814,554,280,440,640,890,730,602,454,230,202,104,106,56,64,63,41,1,0"
1107,terminating,"1107,573,195,141,51,21,11,1,0"
1108,terminating,"1108,838,422,214,110,106,56,64,63,41,1,0"
1109,terminating,"1109,1,0"
1110,terminating,"1110,1626,1638,2730,5334,6954,7926,7938,12753,7267,785,163,1,0"
1111,terminating,"1111,113,1,0"
1112,terminating,"1112,988,972,1576,1394,874,566,286,218,112,136,134,70,74,40,50,43,1,0"
1113,terminating,"1113,615,393,135,105,87,33,15,9,4,3,1,0"
1114,terminating,"1114,560,928,962,634,320,442,314,160,218,112,136,134,70,74,40,50,43,1,0"
1115,terminating,"1115,229,1,0"
1116,terminating,"1116,1796,1354,680,940,1076,814,554,280,440,640,890,730,602,454,230,202,104,106,56,64,63,41,1,0"
1117,terminating,"1117,1,0"
1118,terminating,"1118,730,602,454,230,202,104,106,56,64,63,41,1,0"
1119,terminating,"1119,377,43,1,0"
1120,terminating,"1120,1904,2560,3578,1792,2296,2744,3256,3584,4600,6560,9316,8072,7078,3542,3370,2714,1606,1058,601,1,0"
1121,terminating,"1121,79,1,0"
1122,terminating,"1122,1470,2634,2646,4194,4932,7626,8502,9978,9990,17370,28026,35136,67226,33616,37808,40312,35288,37072,45264,79728,146448,281166,281178,363942,424638,526338,722961,321329,1,0"
1123,terminating,"1123,1,0"
1124,terminating,"1124,850,824,736,776,694,350,394,200,265,59,1,0"
1125,terminating,"1125,903,505,107,1,0"
1126,terminating,"1126,566,286,218,112,136,134,70,74,40,50,43,1,0"
1127,terminating,"1127,241,1,0"
1128,terminating,"1128,1752,2688,5472,10908,17652,23564,18940,20876,17932,13456,13545,13911,4641,3423,1825,469,75,49,8,7,1,0"
1129,terminating,"1129,1,0"
1920,terminating,"1920,4200,10680,21720,43800,93840,227568,415248,688848,1120560,3164880,6646992,12086928,28342032,45117552,79735568,89795248,88427720,111382000,157944512,186388048,263850992,247360336,261167384,229819216,262113584,259363456,328890944,324464620,357299204,305866684,229607724,306143660,357125716,267844294,133922150,118592194,96641726,51692218,25846112,27252304,25549066,13314518,9615562,6119030,4895242,3115190,3126346,1735094,867550,746186,533014,292394,146200,222080,310360,388040,502960,666608,648040,897440,1279840,1910480,3339184,3130516,2977964,2819044,2114290,1915622,957814,838442,594070,475274,247894,164234,117334,103706,51856,63216,114104,112696,98624,108640,187712,239008,353696,442624,702016,891072,2437344,6594336,14843808,34951392,81573408,189993888,436429728,1018356192,2400295968,5756344524,10873095940,15222334652,17271966628,17271966684,29726593316,29726593372,29827909412,30185139292,35673347108,36947395618,27597238382,19918910578,14227793294,13852897906,6926448956,6966390340,11525861564,12167077636,12309928316,13740205444,14301032956,14301033012,33753955788,68987274804,140173209036,265015749684,456729281484,826502134836,1393359745484,1483253924404,1483253924460,3697577061780,8311270322796,15199437196692,30984149015148,54305551506836,56530424563564,57331881515412,108294282070380,278975898793620,771286308671340,2622609550349460,7262813621106540,18984614371469460,52073447924696940,134052304503437460,394370545237362540,1115036282015057556,2430121754135361132,5228443774048816020,11661227124949128300,18446744073709551615,12975236915480337153,4795611492407455743,1611886117489773057,731499588401765823,361234489444355745,268405918824104415,196944792516298785,169658910938402655,168779278729818273,82427089612238943,53283595548004257,20054455049299551,6685052046318369,3134557278711135,2300444557735905,2425406978173599,1578441311884641,526147103961551,4625535833569,755298850931,2440141,221843,1525,397,1,0"
1921,terminating,"1921,131,1,0"
1922,terminating,"1922,1057,159,57,23,1,0"
1923,terminating,"1923,645,411,141,51,21,11,1,0"
1924,terminating,"1924,1800,4245,2571,861,483,285,195,141,51,21,11,1,0"
1925,terminating,"1925,1051,1,0"
1926,terminating,"1926,2286,2706,3342,3354,4038,4050,7203,4001,1,0"
1927,terminating,"1927,89,1,0"
1928,terminating,"1928,1702,1034,694,350,394,200,265,59,1,0"
1929,terminating,"1929,647,1,0"
1876,terminating,"1876,1932,3444,5964,10164,19628,19684,22876,26404,30044,33796,38780,54628,54684,111300,263676,465668,465724,465780,1026060,2325540,5335260,11738916,23117724,45956820,121129260,266485716,558454764,1092873236,1470806764,1471882804,1642613196,2737688884,2740114636,2791337780,4946860492,4946860548,9344070652,9344070708,15573451404,27078171764,27284104204,27410152084,27410152140,76787720100,220578719452,254903331620,361672366300,603062136740,921203207260,1381419996068,1395444575644,1395478688996,1395546402460,2069258468900,3065057872156,3277068463844,3429776547484,3597527970596,4028517592540,5641400009252,5641400009308,5641400009364,9709348326636,16331909651988,31948891146732,54770416120644,100509779504316,208751080955844,388416032284476,749365894850244,1414070378301756,2556878765995204,2556878765995260,6726041614128900,15626498692840700,23762659088671300,35168735451235260,78257359358590020,186897487211247036,340813223900632644,592585414385033916,1326583294186844484,2594892903616159356,4946738730471899844,8244565422068579772,13740942370114299844,13780400058385352252,13780400058385352308,14272557426581383244,14272557426581383300,18446744073709551615,12975236915480337153,4795611492407455743,1611886117489773057,731499588401765823,361234489444355745,268405918824104415,196944792516298785,169658910938402655,168779278729818273,82427089612238943,53283595548004257,20054455049299551,6685052046318369,3134557278711135,2300444557735905,2425406978173599,1578441311884641,526147103961551,4625535833569,755298850931,2440141,221843,1525,397,1,0"
1877,terminating,"1877,1,0"
1878,terminating,"1878,1890,3870,6426,10854,13830,19434,20886,21606,25098,26742,26754,40446,63234,77406,110754,171486,253458,295740,647748,1077612,1467588,1956812,2109796,1889486,953914,668966,353578,176792,254128,308832,502104,753216,1240176,2422288,2697920,3727264,3655076,2760844,2100740,2310856,2455544,3212776,3751064,3282196,2723020,3035684,2299240,2988440,5297320,8325080,11222920,15359480,19199440,28875608,25266172,19406148,26552604,40541052,54202884,72270540,147793668,228408732,348957876,508132204,404465636,303708376,290504024,312058216,294959384,290622016,286081174,151737434,75868720,108199856,101437396,76247552,76099654,42387146,21679318,12752594,7278382,3660794,1855066,927536,932464,1013592,1546008,2425752,5084088,8436192,13709064,20563656,33082104,57142536,99483384,245978376,487384824,745600776,1118401224,1677601896,2538372504,4119772776,8030724504,14097017496,21148436904,40381357656,60572036544,100039354704,179931895322,94685963278,51399021218,28358080762,18046051430,17396081338,8698040672,8426226964,6319670230,5422685354,3217383766,1739126474,996366646,636221402,318217798,195756362,101900794,54202694,49799866,24930374,17971642,11130830,8904682,4913018,3126502,1574810,1473382,736694,541162,312470,249994,127286,69898,34952,34708,26038,13994,7000,11720,14740,19532,16588,18692,14026,7016,6154,3674,2374,1190,1402,704,820,944,916,694,350,394,200,265,59,1,0"
1879,terminating,"1879,1,0"
1880,terminating,"1880,2440,3140,3496,3704,3256,3584,4600,6560,9316,8072,7078,3542,3370,2714,1606,1058,601,1,0"
1881,terminating,"1881,1239,681,231,153,81,40,50,43,1,0"
1882,terminating,"1882,944,916,694,350,394,200,265,59,1,0"
1883,terminating,"1883,277,1,0"
1884,terminating,"1884,2540,2836,2134,1394,874,566,286,218,112,136,134,70,74,40,50,43,1,0"
1885,terminating,"1885,635,133,27,13,1,0"
1886,terminating,"1886,1138,572,604,460,548,418,302,154,134,70,74,40,50,43,1,0"
1887,terminating,"1887,849,287,49,8,7,1,0"
1888,terminating,"1888,1892,1804,1724,1300,1738,1142,574,434,334,170,154,134,70,74,40,50,43,1,0"
1889,terminating,"1889,1,0"
1890,terminating,"1890,3870,6426,10854,13830,19434,20886,21606,25098,26742,26754,40446,63234,77406,110754,171486,253458,295740,647748,1077612,1467588,1956812,2109796,1889486,953914,668966,353578,176792,254128,308832,502104,753216,1240176,2422288,2697920,3727264,3655076,2760844,2100740,2310856,2455544,3212776,3751064,3282196,2723020,3035684,2299240,2988440,5297320,8325080,11222920,15359480,19199440,28875608,25266172,19406148,26552604,40541052,54202884,72270540,147793668,228408732,348957876,508132204,404465636,303708376,290504024,312058216,294959384,290622016,286081174,151737434,75868720,108199856,101437396,76247552,76099654,42387146,21679318,12752594,7278382,3660794,1855066,927536,932464,1013592,1546008,2425752,5084088,8436192,13709064,20563656,33082104,57142536,99483384,245978376,487384824,745600776,1118401224,1677601896,2538372504,4119772776,8030724504,14097017496,21148436904,40381357656,60572036544,100039354704,179931895322,94685963278,51399021218,28358080762,18046051430,17396081338,8698040672,8426226964,6319670230,5422685354,3217383766,1739126474,996366646,636221402,318217798,195756362,101900794,54202694,49799866,24930374,17971642,11130830,8904682,4913018,3126502,1574810,1473382,736694,541162,312470,249994,127286,69898,34952,34708,26038,13994,7000,11720,14740,19532,16588,18692,14026,7016,6154,3674,2374,1190,1402,704,820,944,916,694,350,394,200,265,59,1,0"
1891,terminating,"1891,93,35,13,1,0"
1892,terminating,"1892,1804,1724,1300,1738,1142,574,434,334,170,154,134,70,74,40,50,43,1,0"
1893,terminating,"1893,635,133,27,13,1,0"
1894,terminating,"1894,950,910,1106,814,554,280,440,640,890,730,602,454,230,202,104,106,56,64,63,41,1,0"
1895,terminating,"1895,385,191,1,0"
1314,terminating,"1314,1572,2124,3336,5064,7656,13944,26376,49464,88536,187944,295896,443904,812340,1652304,2767056,4803888,7914048,13495104,30725280,79741440,196505388,300216656,285162916,237325596,325831908,434442572,325831936,347001764,260735800,434766560,592369816,518323604,399201004,340495100,465552268,349164208,327341476,386858780,660449188,660449244,1275089956,1326589544,1591234456,1869454184,1907347936,2136597368,1927982632,1687830008,1476851272,1549164728,1355519152,1472824128,2428160704,2390220820,3015356084,2946399436,2219933204,1697726164,1273591500,2435111316,4505089644,8249900436,13250766444,17667688620,31801839684,50902645116,68311735764,100424225196,163782878804,157632369196,132743047884,179219034996,253378636524,469364621076,808466882964,1223065284876,1899182242068,2532933314892,4033930835108,3476984189596,2608558569252,3985297814226,4023073151502,4113479290818,4113479290830,8150663431218,12314223635406,19021855888434,24456828403662,24456828403674,33400095866406,41025955455450,87522179850270,160752206062530,257204778352830,582855787227042,886186681902414,1034002020631818,1454075262184182,1742529178082874,1742581706624934,2255275930841178,3011054068857126,3215358222394074,3423082058789670,5706879792828570,9610585471811430,16130542135671450,28318062860404710,40045378598887962,40536410262347238,40536444317790858,40550300562714198,43430502547685802,43430505981393750,69885402054320298,77241760165301622,92294863126228362,93496666024371318,93497001710637642,108230228021541558,110228150683152042,123245911376118102,166581668788799658,174707641076515734,209360680894795866,210327704825031078,210330301289003418,213153526809662982,224177998753304058,247775682832599462,254755279532110170,421642919684306598,421646091330059418,421646091330059430,616136355045125850,1060482535478260134,1060777613821292346,1385297851436906694,1790493068686394682,2133709360930628118,2941727912299551114,3432163722064897626,4086820243432760742,4992964806777394266,5877193519621131174,6890645886501113946,9398026399476218022,11666515530384271818,13610934872556650550,18446744073709551615,12975236915480337153,4795611492407455743,1611886117489773057,731499588401765823,361234489444355745,268405918824104415,196944792516298785,169658910938402655,168779278729818273,82427089612238943,53283595548004257,20054455049299551,6685052046318369,3134557278711135,2300444557735905,2425406978173599,1578441311884641,526147103961551,4625535833569,755298850931,2440141,221843,1525,397,1,0"
1315,terminating,"1315,269,1,0"
1316,terminating,"1316,1372,1428,2604,4564,4620,11508,19404,42840,125640,283860,633420,1562004,2535180,5206260,9371436,12495276,20190804,26921100,55087540,60803732,56587948,45117684,69280236,116780184,208518216,312777384,469166136,772745304,1187955816,1781933784,2716157736,4851795384,8337024936,14614443864,27722614536,48023931924,82013245164,134692975476,205780934846,107492498242,53746249124,42348933724,35852825156,27118586620,29830445324,24116652916,18087489694,10639699874,5379726934,2706299954,1471210894,735605450,632620780,816656420,898322104,809756216,781610824,685415096,602212744,711287846,355643926,246590714,123608986,61804496,72770224,68943920,91350880,128146160,170324320,242956688,264953512,248965388,248965444,290225852,310243108,343261436,345226084,363478556,363478612,383892908,438979156,520540076,520540132,539131250,616169806,498886994,249443500,314159540,346712980,406492340,486797260,537866996,403400254,201700130,166294750,145009490,131361862,68478170,54782554,27444794,17643046,8821526,6384874,3696566,1888594,944300,1555540,2282924,2282980,3442460,4965604,5062876,6042092,6693988,8128904,9877396,8355308,7779412,5834566,2942234,1471120,2600048,3337072,3287504,3661456,3432646,2557142,1826554,1027814,519394,259700,408226,345758,246994,164846,111634,55820,61444,46090,44630,35722,19034,10534,6026,3478,1994,1000,1340,1516,1144,1376,1396,1054,674,340,416,466,236,184,176,196,203,37,1,0"
1317,terminating,"1317,443,1,0"
1318,terminating,"1318,662,334,170,154,134,70,74,40,50,43,1,0"
1319,terminating,"1319,1,0"
1410,terminating,"1410,2046,2562,3390,4818,5838,7602,9870,17778,17790,24978,27438,30882,30894,34386,40782,52530,82254,82266,82278,121770,241110,450090,750870,1295226,1572678,1919538,2760984,4964136,8773464,16294056,26949144,44734056,72988344,181027656,321827544,605739096,1034804484,2238816636,4252939908,7290755724,12676727924,12676727980,17832287060,24990818860,34987146740,57135989260,79990385300,119649586924,124794509588,124805244844,124935833204,162705788812,164126812948,164378807404,183717491636,190312143532,205203187028,205224335596,205253358100,305960047148,306235687156,306235687212,697570315988,826050278956,826050279012,1420258206108,2424219279972,4420635161628,7367725269604,8114683604636,8390187016036,9444824970140,16861410677860,23605974949340,33553353522724,35197996504412,35198204947108,36957068348508,84849006934692,214951923416412,472309093543588,544197351525212,705658837558948,898102224841052,1078649061108388,1274767072219676,1336957876077796,1337585703447644,1490159075109796,1720187201522524,1721293787223556,2000630746699004,2059038893341444,2059038893341500,4842740976195780,12376098146115900,33452640218013380,53164796729714236,53164796729714292,88607994549524044,91037016491635956,151728360819393484,168238177711473716,198826978159159756,203618076881829428,234949136523951052,262590257088172916,262914642828953164,269152494516040436,278865355777423660,403033039571208788,423985430144663212,423985494155819092,424153375959370988,439301881643084404,446867471841084812,458181326195512948,475691440573119372,897499076008871028,1828831521604471692,3901656477550216308,7512026260230483852,13212188065033142388,18446744073709551615,12975236915480337153,4795611492407455743,1611886117489773057,731499588401765823,361234489444355745,268405918824104415,196944792516298785,169658910938402655,168779278729818273,82427089612238943,53283595548004257,20054455049299551,6685052046318369,3134557278711135,2300444557735905,2425406978173599,1578441311884641,526147103961551,4625535833569,755298850931,2440141,221843,1525,397,1,0"
1411,terminating,"1411,101,1,0"
1412,terminating,"1412,1066,698,352,404,310,266,214,110,106,56,64,63,41,1,0"
1413,terminating,"1413,641,1,0"
1414,terminating,"1414,1034,694,350,394,200,265,59,1,0"
1415,terminating,"1415,289,18,21,11,1,0"
1416,terminating,"1416,2184,4536,9984,18632,18628,13978,7802,4294,2546,1534,986,634,320,442,314,160,218,112,136,134,70,74,40,50,43,1,0"
1417,terminating,"1417,123,45,33,15,9,4,3,1,0"
1848,terminating,"1848,3912,5928,10872,18768,34800,80520,187320,457800,1179000,2836440,6383160,18888840,43448760,97760880,309101472,584853408,1081739520,2661006396,4125333444,5705249724,9399783492,17552471292,28985126724,46161498396,71565365348,53688511624,56174769176,49454726824,43272885986,28249941214,18341233442,13100881054,7709642834,4535084074,2391847574,1248564586,624282296,750138664,784236056,688086784,1053204992,1351777984,1494017696,1519072468,1364337236,1078570924,892522676,724685644,559567956,746653324,646999412,485249566,244247234,214491838,136494842,86860390,72139370,57711514,42989360,58856800,84829316,89576188,79240572,134240388,180802620,381031380,777991212,1195621884,1929970740,3571612620,7046256180,12697923660,22863740436,38330390016,72293724156,96391632236,79627870276,59722893864,106210811736,220844810664,397725146946,506662789374,804847758714,938989051872,1525857209544,2289018176376,3454683373704,5182646928216,7812369062664,11859063837336,21319771922664,32731636008216,50441711672904,76463747640696,130445183080104,201013888684536,416068660665864,809726328566136,1443814123037064,2544214656733176,5107558746985224,7661338120477896,11493105991085304,19707992320108416,34496149965129984,57929378630513280,143506869789299520,386043903962508480,947028123890806080,2060242777110784704,3390816673435985664,6327894256756767888,10729907652761478960,18446744073709551615,12975236915480337153,4795611492407455743,1611886117489773057,731499588401765823,361234489444355745,268405918824104415,196944792516298785,169658910938402655,168779278729818273,82427089612238943,53283595548004257,20054455049299551,6685052046318369,3134557278711135,2300444557735905,2425406978173599,1578441311884641,526147103961551,4625535833569,755298850931,2440141,221843,1525,397,1,0"
1849,terminating,"1849,44,40,50,43,1,0"
1850,terminating,"1850,1684,1270,1034,694,350,394,200,265,59,1,0"
1851,terminating,"1851,621,339,117,65,19,1,0"
1852,terminating,"1852,1396,1054,674,340,416,466,236,184,176,196,203,37,1,0"
1853,terminating,"1853,127,1,0"
1992,terminating,"1992,3048,4632,7008,11640,23640,47640,95640,191640,383640,825960,1652280,4134360,8410920,24766680,50025480,112492920,242755080,494314680,988629720,2416707480,5492521320,13944299160,31691593320,63383187000,164283163080,328593024120,660027035400,1411956718200,4099121800200,11633698109880,39804458946120,109008389924280,363210858459720,879395893316280,1978879880168280,4617386387062920,10817016426217080,25395691893910920,59256751548601080,140766038489158920,328460752943410680,781886480670618120,2189880720382796280,6117022437787044360,13830064414752347640,18446744073709551615,12975236915480337153,4795611492407455743,1611886117489773057,731499588401765823,361234489444355745,268405918824104415,196944792516298785,169658910938402655,168779278729818273,82427089612238943,53283595548004257,20054455049299551,6685052046318369,3134557278711135,2300444557735905,2425406978173599,1578441311884641,526147103961551,4625535833569,755298850931,2440141,221843,1525,397,1,0"
1993,terminating,"1993,1,0"
1950,terminating,"1950,3258,3840,8424,16986,19014,19026,28398,28410,39846,42954,42966,76842,94038,121002,166230,266202,336582,446778,521280,1281612,1708844,1378324,1153996,865504,1030544,1035916,1035972,1957564,1992004,1992060,5749380,16632252,35122724,42173404,48662404,48836284,51988804,53845946,50110534,25055270,20044234,15667766,7833886,4717154,2938774,1482746,741376,749386,531062,395758,251882,125944,166376,190264,187736,176104,154106,85114,42560,79360,117056,126784,161760,349296,603024,1048656,2048368,2487552,4380288,9279552,16725984,32335392,52545264,83196792,175588488,301771512,637953768,1142584992,2204438688,4795770528,8842202730,14737005270,27584660970,46587429594,56914934670,104516519202,121943199582,142304875938,166776227562,214534937238,214549363482,216219011430,331455985674,434653730166,480438161034,554775016566,554785120122,588644921478,588653764458,588653764470,958468658922,1120493034198,1307564276130,2578921700958,3266516448162,4647758094558,6962954338242,10467255258558,16345418319522,22247469037278,27633221228322,37927950712074,46356384203766,80724482100234,124303525912566,254427059585034,375600380560758,466022694399822,717527005664178,717532378396782,827952425707410,1389821486064750,2636735850490770,5427627586086510,11115035210800530,18554434397877870,29754190348921170,61684538697694638,85450054888378962,99691730703108828,160922145548537628,237242105705521956,359024697217777244,269268522913332940,296195375204666276,249427736829417724,189994089936484676,142891860250210684,107169573834568724,83060347629571372,62822297227912820,79272603593368588,70126307649693620,90009690270561100,122735458228225076,115790010279716812,102502132890209748,156600480804487206,157059047366148378,186222404229934182,220081050788467098,220163409364958502,222053224037621898,222053224037621910,354833788982114154,362154334537714902,362154334537714914,483109743342447390,771893148226832610,1318751616876589470,1846252302256817538,1857408466854517182,2305748441612505258,2703116189998921302,3238783538279778858,3238783538279778870,5141779912614507978,5142036309010943478,5437529736459878922,5473719292110077430,9281577302877473370,18446744073709551615,12975236915480337153,4795611492407455743,1611886117489773057,731499588401765823,361234489444355745,268405918824104415,196944792516298785,169658910938402655,168779278729818273,82427089612238943,53283595548004257,20054455049299551,6685052046318369,3134557278711135,2300444557735905,2425406978173599,1578441311884641,526147103961551,4625535833569,755298850931,2440141,221843,1525,397,1,0"
1951,terminating,"1951,1,0"
1952,terminating,"1952,1954,980,1414,1034,694,350,394,200,265,59,1,0"
1953,terminating,"1953,1375,497,79,1,0"
1954,terminating,"1954,980,1414,1034,694,350,394,200,265,59,1,0"
1955,terminating,"1955,637,161,31,1,0"
1956,terminating,"1956,2636,1984,2080,3212,3004,2260,2528,2512,2386,1196,1156,993,335,73,1,0"
1957,terminating,"1957,123,45,33,15,9,4,3,1,0"
1958,terminating,"1958,1282,644,700,1036,1092,2044,2100,4844,4900,7469,1939,285,195,141,51,21,11,1,0"
1959,terminating,"1959,657,305,67,1,0"
1960,terminating,"1960,3170,2554,1280,1786,1094,550,566,286,218,112,136,134,70,74,40,50,43,1,0"
1961,terminating,"1961,91,21,11,1,0"
1896,terminating,"1896,2904,5076,8364,12804,20124,35932,31884,42540,76740,138300,262716,350316,562596,762588,1307172,1777084,1332820,1497644,1140460,1278740,1565332,1205408,1193632,1370720,2122000,3013832,2637118,1678202,845734,422870,463594,255866,160276,136832,136018,72494,38074,19040,35392,45888,76032,169248,296448,497400,1046400,2431800,6950040,13900440,27801240,55602840,116598120,233196600,656746440,1617543480,4156603080,10094610360,20189221080,54411895560,128785687800,374571381000,794568622200,1668594108480,4254108120768,8024794870272,13398376816128,22295736424680,45612520095000,97682720749800,205133713576440,466373728060680,1071692109062520,2435663884237320,5535685077651960,15539145609494280,32215301873356920,67597674965053320,135195349930107000,287556281675157000,691194593150693880,1385530428565023240,2812233609020213880,5624467456701703080,11457942755793247320,18446744073709551615,12975236915480337153,4795611492407455743,1611886117489773057,731499588401765823,361234489444355745,268405918824104415,196944792516298785,169658910938402655,168779278729818273,82427089612238943,53283595548004257,20054455049299551,6685052046318369,3134557278711135,2300444557735905,2425406978173599,1578441311884641,526147103961551,4625535833569,755298850931,2440141,221843,1525,397,1,0"
1897,terminating,"1897,279,137,1,0"
1320,terminating,"1320,3000,6360,13080,26520,64200,136680,303960,668040,1448760,2897880,6778920,14760600,31761720,75003840,189623520,475142400,1262108388,1723154620,2250655556,1742856988,1307142748,981329732,781783228,602034452,452009644,339361524,535304268,852521892,1136695884,1577276916,2103035916,2946439284,3929652204,5827787796,7776685324,5832514000,8270509688,9780127192,10224678608,9793816912,12503327408,16831795024,19014020506,12221530694,6110765350,5783821562,2905321894,1452890954,744018046,372009026,201086074,143851526,122320954,92574746,58911238,34006922,22117558,13087562,6543784,6669836,6131764,5230160,8268976,7752196,6404156,5822044,4468124,3351100,4648388,4195132,3146356,2359774,1194434,645754,322880,446740,625772,625828,702044,702100,1172780,1642228,1684172,1684228,2013704,2787976,2457224,3288376,4301864,4916536,4844504,5536696,6457784,5680216,4970204,3746140,4205972,3204928,3154978,1577492,1640044,1640100,4359516,7266084,12110364,24392676,46570524,99366372,195054748,195054804,422103276,797306916,1342422620,2235075220,3224896640,5607585280,9550475792,12501867976,12760963184,11965178200,15862181360,21663592432,20325713384,17824425016,16461769784,16036899016,14032286654,7711071682,4472805758,2343120898,1261972022,647738194,323869100,404185864,353662646,176831326,126308114,68001166,37291058,29372266,26984888,36791272,42336728,48840232,56049368,49043212,36782416,40962608,40438804,40962796,40962852,79646364,156839340,346805844,681018156,1483273428,2776386732,4677034068,9318279852,18521525988,36357071772,60595119844,68250359324,70728331156,79049312300,126976667860,178494788780,288837025876,308756822444,341257541716,411685960364,414595417684,415679481644,415679481700,615205634652,1257496160004,2478974179836,4788190286852,4861847826556,4895034517604,5972872008796,7058848738340,9955885684444,10598770346276,11520402551644,13319262935636,14043705196864,17805411947040,40657250727264,66068032432056,99102848550744,148654272826176,298467742920384,491242519484736,808577733701664,1549773989597376,3137854204931904,5938864114056416,5753971111146184,5680675321307216,5353926965755684,4016029726304476,3012022294728364,2259016721046280,3459552466294520,4534818773389480,5669425540271960,7957633840080040,10725528329270360,13406910411588040,17591723856678680,22006278667630360,28186124046903080,36272307175118560,71186377015632032,103543821113652640,176024495893212512,259202877730739488,383652561944631392,496503074914110712,601349017996529288,620269712133230872,554725747706782688,538701707142877312,581154095025798848,622213895217842032,755545444193094144,1363212750460319136,3286505158087392864,7759817303994965664,18446744073709551615,12975236915480337153,4795611492407455743,1611886117489773057,731499588401765823,361234489444355745,268405918824104415,196944792516298785,169658910938402655,168779278729818273,82427089612238943,53283595548004257,20054455049299551,6685052046318369,3134557278711135,2300444557735905,2425406978173599,1578441311884641,526147103961551,4625535833569,755298850931,2440141,221843,1525,397,1,0"
1321,terminating,"1321,1,0"
1854,terminating,"1854,2202,2214,2826,3336,5064,7656,13944,26376,49464,88536,187944,295896,443904,812340,1652304,2767056,4803888,7914048,13495104,30725280,79741440,196505388,300216656,285162916,237325596,325831908,434442572,325831936,347001764,260735800,434766560,592369816,518323604,399201004,340495100,465552268,349164208,327341476,386858780,660449188,660449244,1275089956,1326589544,1591234456,1869454184,1907347936,2136597368,1927982632,1687830008,1476851272,1549164728,1355519152,1472824128,2428160704,2390220820,3015356084,2946399436,2219933204,1697726164,1273591500,2435111316,4505089644,8249900436,13250766444,17667688620,31801839684,50902645116,68311735764,100424225196,163782878804,157632369196,132743047884,179219034996,253378636524,469364621076,808466882964,1223065284876,1899182242068,2532933314892,4033930835108,3476984189596,2608558569252,3985297814226,4023073151502,4113479290818,4113479290830,8150663431218,12314223635406,19021855888434,24456828403662,24456828403674,33400095866406,41025955455450,87522179850270,160752206062530,257204778352830,582855787227042,886186681902414,1034002020631818,1454075262184182,1742529178082874,1742581706624934,2255275930841178,3011054068857126,3215358222394074,3423082058789670,5706879792828570,9610585471811430,16130542135671450,28318062860404710,40045378598887962,40536410262347238,40536444317790858,40550300562714198,43430502547685802,43430505981393750,69885402054320298,77241760165301622,92294863126228362,93496666024371318,93497001710637642,108230228021541558,110228150683152042,123245911376118102,166581668788799658,174707641076515734,209360680894795866,210327704825031078,210330301289003418,213153526809662982,224177998753304058,247775682832599462,254755279532110170,421642919684306598,421646091330059418,421646091330059430,616136355045125850,1060482535478260134,1060777613821292346,1385297851436906694,1790493068686394682,2133709360930628118,2941727912299551114,3432163722064897626,4086820243432760742,4992964806777394266,5877193519621131174,6890645886501113946,9398026399476218022,11666515530384271818,13610934872556650550,18446744073709551615,12975236915480337153,4795611492407455743,1611886117489773057,731499588401765823,361234489444355745,268405918824104415,196944792516298785,169658910938402655,168779278729818273,82427089612238943,53283595548004257,20054455049299551,6685052046318369,3134557278711135,2300444557735905,2425406978173599,1578441311884641,526147103961551,4625535833569,755298850931,2440141,221843,1525,397,1,0"
1855,terminating,"1855,737,79,1,0"
1856,terminating,"1856,1954,980,1414,1034,694,350,394,200,265,59,1,0"
1857,terminating,"1857,623,97,1,0"
1858,terminating,"1858,932,706,356,274,140,196,203,37,1,0"
1859,terminating,"1859,337,1,0"
1860,terminating,"1860,3516,4716,7296,13104,32032,52640,92512,122948,123004,135044,166600,310490,258670,206954,147286,73646,41698,20852,18544,19896,29904,59376,94136,112624,105616,144368,175552,201384,344226,352158,352170,800982,1403178,1804182,1818138,2401638,2654682,2654694,4146474,4146486,4507338,5648694,5648706,8488638,10866522,11091750,17841882,19393638,23241906,27115596,43102188,68798692,51599026,25799516,19587364,14722380,30486420,61989600,148746912,241713984,397821440,556023760,812779256,712420744,814195256,956557384,847010216,950724184,936743216,882541384,794892836,599077084,450226724,354434140,428483492,332554828,249416128,292731632,305511328,303582752,386179552,443229560,554037040,736491968,724984408,661942952,692031448,605527532,504885268,379241612,284431216,343385744,374219368,395604632,346154068,351606716,299899972,225565388,169174048,170481632,165154144,160325024,156650656,153116564,128182636,96136984,84119876,71749432,63099368,55211962,34911878,17482162,9881294,5576194,3431546,1724134,862070,934186,594518,351658,175832,164968,162812,157060,172808,151222,75614,66082,43358,35362,17684,13270,10634,6586,3674,2374,1190,1402,704,820,944,916,694,350,394,200,265,59,1,0"
1861,terminating,"1861,1,0"
1862,terminating,"1862,1558,962,634,320,442,314,160,218,112,136,134,70,74,40,50,43,1,0"
1863,terminating,"1863,1041,351,209,31,1,0"
1864,terminating,"1864,1646,826,614,310,266,214,110,106,56,64,63,41,1,0"
1865,terminating,"1865,379,1,0"
2003,terminating,"2003,1,0"
2004,terminating,"2004,2700,5980,8132,6988,5248,5462,2734,1370,1114,560,928,962,634,320,442,314,160,218,112,136,134,70,74,40,50,43,1,0"
2005,terminating,"2005,407,49,8,7,1,0"
2006,terminating,"2006,1234,620,724,550,566,286,218,112,136,134,70,74,40,50,43,1,0"
2007,terminating,"2007,905,187,29,1,0"
2008,non-terminating,"2008,1772,1336,1184,1210,1184"
2009,terminating,"2009,385,191,1,0"
2035,terminating,"2035,701,1,0"
2036,terminating,"2036,1534,986,634,320,442,314,160,218,112,136,134,70,74,40,50,43,1,0"
2037,terminating,"2037,1099,165,123,45,33,15,9,4,3,1,0"
2038,terminating,"2038,1022,754,506,358,182,154,134,70,74,40,50,43,1,0"
2039,terminating,"2039,1,0"
2067,terminating,"2067,957,483,285,195,141,51,21,11,1,0"
2068,terminating,"2068,1964,1480,1940,2176,2414,1474,974,490,536,484,447,153,81,40,50,43,1,0"
2069,terminating,"2069,1,0"
2070,terminating,"2070,3546,4176,7914,7926,7938,12753,7267,785,163,1,0"
2071,terminating,"2071,129,47,1,0"
2072,terminating,"2072,2488,2192,2086,1514,760,1040,1564,1460,1648,1576,1394,874,566,286,218,112,136,134,70,74,40,50,43,1,0"
2073,terminating,"2073,695,145,35,13,1,0"
2099,terminating,"2099,1,0"
2100,terminating,"2100,4844,4900,7469,1939,285,195,141,51,21,11,1,0"
2101,terminating,"2101,203,37,1,0"
2102,terminating,"2102,1054,674,340,416,466,236,184,176,196,203,37,1,0"
2131,terminating,"2131,1,0"
2103,terminating,"2103,705,447,153,81,40,50,43,1,0"
2074,terminating,"2074,1274,1120,1904,2560,3578,1792,2296,2744,3256,3584,4600,6560,9316,8072,7078,3542,3370,2714,1606,1058,601,1,0"
2104,terminating,"2104,1856,1954,980,1414,1034,694,350,394,200,265,59,1,0"
2075,terminating,"2075,529,24,36,55,17,1,0"
2132,terminating,"2132,1984,2080,3212,3004,2260,2528,2512,2386,1196,1156,993,335,73,1,0"
2105,terminating,"2105,427,69,27,13,1,0"
2133,terminating,"2133,1067,109,1,0"
2076,terminating,"2076,2796,3756,5036,3784,4136,4504,3956,3436,2584,2816,3316,2494,1466,736,776,694,350,394,200,265,59,1,0"
2134,terminating,"2134,1394,874,566,286,218,112,136,134,70,74,40,50,43,1,0"
2077,terminating,"2077,99,57,23,1,0"
2135,terminating,"2135,841,30,42,54,66,78,90,144,259,45,33,15,9,4,3,1,0"
2078,terminating,"2078,1042,524,400,561,303,105,87,33,15,9,4,3,1,0"
2079,terminating,"2079,1761,591,201,71,1,0"
2080,terminating,"2080,3212,3004,2260,2528,2512,2386,1196,1156,993,335,73,1,0"
2081,terminating,"2081,1,0"
2163,terminating,"2163,1165,239,1,0"
2164,terminating,"2164,1630,1322,664,596,454,230,202,104,106,56,64,63,41,1,0"
2195,aspiring,"2195,445,95,25,6"
2165,terminating,"2165,439,1,0"
2196,terminating,"2196,3446,1726,866,436,334,170,154,134,70,74,40,50,43,1,0"
2197,terminating,"2197,183,65,19,1,0"
2198,terminating,"2198,1594,800,1153,1,0"
2199,terminating,"2199,737,79,1,0"
2200,terminating,"2200,3380,4306,2156,2632,3128,3352,2948,2764,2080,3212,3004,2260,2528,2512,2386,1196,1156,993,335,73,1,0"
2201,terminating,"2201,103,1,0"
2227,terminating,"2227,149,1,0"
2228,terminating,"2228,1678,842,424,386,196,203,37,1,0"
2229,terminating,"2229,747,345,231,153,81,40,50,43,1,0"
2230,terminating,"2230,1802,1114,560,928,962,634,320,442,314,160,218,112,136,134,70,74,40,50,43,1,0"
2231,terminating,"2231,121,12,16,15,9,4,3,1,0"
2323,terminating,"2323,125,31,1,0"
2324,terminating,"2324,2380,3668,3724,4256,5824,8400,22352,25264,23716,29351,4849,387,185,43,1,0"
2325,terminating,"2325,1643,85,23,1,0"
2291,terminating,"2291,109,1,0"
2326,terminating,"2326,1166,778,392,463,1,0"
2327,terminating,"2327,193,1,0"
2259,terminating,"2259,1017,465,303,105,87,33,15,9,4,3,1,0"
2260,terminating,"2260,2528,2512,2386,1196,1156,993,335,73,1,0"
2261,terminating,"2261,619,1,0"
2262,terminating,"2262,2778,2790,4698,6192,11540,12736,12664,11096,11104,10820,11944,10466,5236,6860,9940,14252,14308,15218,10894,6746,3376,3196,2852,2524,1900,2440,3140,3496,3704,3256,3584,4600,6560,9316,8072,7078,3542,3370,2714,1606,1058,601,1,0"
2263,terminating,"2263,105,87,33,15,9,4,3,1,0"
2264,terminating,"2264,1996,1504,1520,2200,3380,4306,2156,2632,3128,3352,2948,2764,2080,3212,3004,2260,2528,2512,2386,1196,1156,993,335,73,1,0"
2265,terminating,"2265,1383,465,303,105,87,33,15,9,4,3,1,0"
2266,terminating,"2266,1478,742,554,280,440,640,890,730,602,454,230,202,104,106,56,64,63,41,1,0"
2267,terminating,"2267,1,0"
2387,aspiring,"2387,685,143,25,6"
2388,terminating,"2388,3212,3004,2260,2528,2512,2386,1196,1156,993,335,73,1,0"
2389,terminating,"2389,1,0"
2390,terminating,"2390,1930,1562,1030,842,424,386,196,203,37,1,0"
2391,terminating,"2391,801,369,177,63,41,1,0"
2392,terminating,"2392,2648,2332,2204,1996,1504,1520,2200,3380,4306,2156,2632,3128,3352,2948,2764,2080,3212,3004,2260,2528,2512,2386,1196,1156,993,335,73,1,0"
2393,terminating,"2393,1,0"
2268,terminating,"2268,4508,5068,5124,8764,8820,22302,35298,44730,90054,105102,122658,122670,214290,343098,523872,1068264,1910556,2991796,2551952,2773228,2103252,2898444,3864620,4365364,3799436,2949292,2299868,1724908,1425092,1136488,994442,503194,284486,146698,78842,41158,25370,22150,19142,11314,5660,6268,4708,4364,3280,4532,4204,3160,4040,5140,5696,5734,3194,1600,2337,1023,513,287,49,8,7,1,0"
2269,terminating,"2269,1,0"
2270,terminating,"2270,1834,1334,826,614,310,266,214,110,106,56,64,63,41,1,0"
2271,terminating,"2271,761,1,0"
2272,terminating,"2272,2264,1996,1504,1520,2200,3380,4306,2156,2632,3128,3352,2948,2764,2080,3212,3004,2260,2528,2512,2386,1196,1156,993,335,73,1,0"
2273,terminating,"2273,1,0"
2274,terminating,"2274,2286,2706,3342,3354,4038,4050,7203,4001,1,0"
2275,terminating,"2275,1197,883,1,0"
2276,terminating,"2276,1714,860,988,972,1576,1394,874,566,286,218,112,136,134,70,74,40,50,43,1,0"
2277,terminating,"2277,1467,665,295,65,19,1,0"
2278,terminating,"2278,1394,874,566,286,218,112,136,134,70,74,40,50,43,1,0"
2279,terminating,"2279,97,1,0"
2355,terminating,"2355,1437,483,285,195,141,51,21,11,1,0"
2419,terminating,"2419,101,1,0"
2420,terminating,"2420,3166,1586,1018,512,511,81,40,50,43,1,0"
2421,terminating,"2421,1089,640,890,730,602,454,230,202,104,106,56,64,63,41,1,0"
2422,terminating,"2422,1754,880,1352,1393,207,105,87,33,15,9,4,3,1,0"
2423,terminating,"2423,1,0"
2451,terminating,"2451,1069,1,0"
2452,terminating,"2452,1846,1178,742,554,280,440,640,890,730,602,454,230,202,104,106,56,64,63,41,1,0"
2453,terminating,"2453,235,53,1,0"
2454,terminating,"2454,2466,2916,4735,953,1,0"
2455,terminating,"2455,497,79,1,0"
2456,terminating,"2456,2164,1630,1322,664,596,454,230,202,104,106,56,64,63,41,1,0"
2457,terminating,"2457,2023,433,1,0"
2458,terminating,"2458,1232,1744,1666,1412,1066,698,352,404,310,266,214,110,106,56,64,63,41,1,0"
2459,terminating,"2459,1,0"
2460,terminating,"2460,4596,6156,10784,10510,8426,5398,2702,1954,980,1414,1034,694,350,394,200,265,59,1,0"
2461,terminating,"2461,131,1,0"
2462,terminating,"2462,1234,620,724,550,566,286,218,112,136,134,70,74,40,50,43,1,0"
2483,terminating,"2483,205,47,1,0"
2463,terminating,"2463,825,663,345,231,153,81,40,50,43,1,0"
2464,terminating,"2464,3584,4600,6560,9316,8072,7078,3542,3370,2714,1606,1058,601,1,0"
2465,terminating,"2465,775,217,39,17,1,0"
2466,terminating,"2466,2916,4735,953,1,0"
2467,terminating,"2467,1,0"
2468,terminating,"2468,1858,932,706,356,274,140,196,203,37,1,0"
2515,terminating,"2515,509,1,0"
2469,terminating,"2469,827,1,0"
2516,terminating,"2516,2272,2264,1996,1504,1520,2200,3380,4306,2156,2632,3128,3352,2948,2764,2080,3212,3004,2260,2528,2512,2386,1196,1156,993,335,73,1,0"
2470,terminating,"2470,2570,2074,1274,1120,1904,2560,3578,1792,2296,2744,3256,3584,4600,6560,9316,8072,7078,3542,3370,2714,1606,1058,601,1,0"
2471,terminating,"2471,361,20,22,14,10,8,7,1,0"
2517,terminating,"2517,843,285,195,141,51,21,11,1,0"
2518,terminating,"2518,1262,634,320,442,314,160,218,112,136,134,70,74,40,50,43,1,0"
2519,terminating,"2519,241,1,0"
2520,terminating,"2520,6840,16560,41472,82311,27441,12209,451,53,1,0"
2521,terminating,"2521,1,0"
2522,terminating,"2522,1594,800,1153,1,0"
2523,terminating,"2523,961,32,31,1,0"
2472,terminating,"2472,3768,5712,12144,23568,37440,101244,180996,241356,321836,251044,188290,168830,135082,88478,59698,34622,24754,12380,13660,15068,11308,10364,7780,8600,11860,13088,12742,7274,3640,6440,10840,13640,20920,26240,38020,41864,36646,19298,9652,8268,12900,25292,18976,18446,10498,5882,3514,2534,1834,1334,826,614,310,266,214,110,106,56,64,63,41,1,0"
2473,terminating,"2473,1,0"
2474,terminating,"2474,1240,1640,2140,2396,1804,1724,1300,1738,1142,574,434,334,170,154,134,70,74,40,50,43,1,0"
2547,terminating,"2547,1145,235,53,1,0"
2475,terminating,"2475,2361,791,121,12,16,15,9,4,3,1,0"
2524,terminating,"2524,1900,2440,3140,3496,3704,3256,3584,4600,6560,9316,8072,7078,3542,3370,2714,1606,1058,601,1,0"
2476,terminating,"2476,1864,1646,826,614,310,266,214,110,106,56,64,63,41,1,0"
2525,terminating,"2525,637,161,31,1,0"
2548,terminating,"2548,3038,2434,1220,1384,1226,616,824,736,776,694,350,394,200,265,59,1,0"
2549,terminating,"2549,1,0"
2477,terminating,"2477,1,0"
2579,terminating,"2579,1,0"
2611,terminating,"2611,381,131,1,0"
2612,terminating,"2612,1966,986,634,320,442,314,160,218,112,136,134,70,74,40,50,43,1,0"
2613,terminating,"2613,1195,245,97,1,0"
2614,terminating,"2614,1310,1066,698,352,404,310,266,214,110,106,56,64,63,41,1,0"
2615,terminating,"2615,529,24,36,55,17,1,0"
2616,terminating,"2616,3984,6432,10704,17072,19384,16976,15946,13430,12490,10010,14182,10154,5080,6440,10840,13640,20920,26240,38020,41864,36646,19298,9652,8268,12900,25292,18976,18446,10498,5882,3514,2534,1834,1334,826,614,310,266,214,110,106,56,64,63,41,1,0"
2617,terminating,"2617,1,0"
2643,terminating,"2643,885,555,357,219,77,19,1,0"
2618,terminating,"2618,2566,1286,646,434,334,170,154,134,70,74,40,50,43,1,0"
2619,terminating,"2619,1301,1,0"
2644,terminating,"2644,1990,1610,1846,1178,742,554,280,440,640,890,730,602,454,230,202,104,106,56,64,63,41,1,0"
2620,amicable,"2620,2924"
2621,terminating,"2621,1,0"
2645,terminating,"2645,673,1,0"
2646,terminating,"2646,4194,4932,7626,8502,9978,9990,17370,28026,35136,67226,33616,37808,40312,35288,37072,45264,79728,146448,281166,281178,363942,424638,526338,722961,321329,1,0"
2647,terminating,"2647,1,0"
2675,terminating,"2675,673,1,0"
2676,non-terminating,"2676,3596,3124,2924,2620,2924"
2648,terminating,"2648,2332,2204,1996,1504,1520,2200,3380,4306,2156,2632,3128,3352,2948,2764,2080,3212,3004,2260,2528,2512,2386,1196,1156,993,335,73,1,0"
2677,terminating,"2677,1,0"
2649,terminating,"2649,887,1,0"
2678,non-terminating,"2678,1690,1604,1210,1184,1210"
2707,terminating,"2707,1,0"
2679,terminating,"2679,1161,599,1,0"
2650,terminating,"2650,2372,1786,1094,550,566,286,218,112,136,134,70,74,40,50,43,1,0"
2708,terminating,"2708,2038,1022,754,506,358,182,154,134,70,74,40,50,43,1,0"
2651,terminating,"2651,253,35,13,1,0"
2680,terminating,"2680,3440,4744,4166,2086,1514,760,1040,1564,1460,1648,1576,1394,874,566,286,218,112,136,134,70,74,40,50,43,1,0"
2709,terminating,"2709,1867,1,0"
2681,terminating,"2681,391,41,1,0"
2710,terminating,"2710,2186,1096,974,490,536,484,447,153,81,40,50,43,1,0"
2652,non-terminating,"2652,4404,5900,7120,9620,12724,9550,8306,4156,3124,2924,2620,2924"
2711,terminating,"2711,1,0"
2653,terminating,"2653,387,185,43,1,0"
2654,terminating,"2654,1330,1550,1426,878,442,314,160,218,112,136,134,70,74,40,50,43,1,0"
2655,terminating,"2655,2025,1726,866,436,334,170,154,134,70,74,40,50,43,1,0"
2656,terminating,"2656,2636,1984,2080,3212,3004,2260,2528,2512,2386,1196,1156,993,335,73,1,0"
2657,terminating,"2657,1,0"
2739,terminating,"2739,1293,435,285,195,141,51,21,11,1,0"
2740,terminating,"2740,3056,2896,2746,1376,1396,1054,674,340,416,466,236,184,176,196,203,37,1,0"
2741,terminating,"2741,1,0"
2771,terminating,"2771,181,1,0"
2803,terminating,"2803,1,0"
2804,terminating,"2804,2110,1706,856,764,580,680,940,1076,814,554,280,440,640,890,730,602,454,230,202,104,106,56,64,63,41,1,0"
2805,terminating,"2805,2379,1093,1,0"
2806,terminating,"2806,1658,832,946,638,442,314,160,218,112,136,134,70,74,40,50,43,1,0"
2807,terminating,"2807,409,1,0"
2808,terminating,"2808,5592,8448,16080,34512,54768,107920,159920,212080,328064,387976,339494,172906,86456,78784,77680,103112,90238,45122,39550,45266,27898,19982,10594,5300,6418,3212,3004,2260,2528,2512,2386,1196,1156,993,335,73,1,0"
2809,terminating,"2809,54,66,78,90,144,259,45,33,15,9,4,3,1,0"
2810,terminating,"2810,2266,1478,742,554,280,440,640,890,730,602,454,230,202,104,106,56,64,63,41,1,0"
2811,terminating,"2811,941,1,0"
2812,terminating,"2812,2508,4212,7646,3826,1916,1444,1223,1,0"
2813,terminating,"2813,127,1,0"
2835,terminating,"2835,2973,995,205,47,1,0"
2836,terminating,"2836,2134,1394,874,566,286,218,112,136,134,70,74,40,50,43,1,0"
2837,terminating,"2837,1,0"
2867,terminating,"2867,109,1,0"
2868,terminating,"2868,3852,5976,10404,17533,287,49,8,7,1,0"
2869,terminating,"2869,171,89,1,0"
2870,terminating,"2870,3178,2294,1354,680,940,1076,814,554,280,440,640,890,730,602,454,230,202,104,106,56,64,63,41,1,0"
2871,terminating,"2871,1809,911,1,0"
2872,terminating,"2872,2528,2512,2386,1196,1156,993,335,73,1,0"
2873,terminating,"2873,421,1,0"
2899,terminating,"2899,237,83,1,0"
2900,terminating,"2900,3610,3248,4192,4124,3100,3844,3107,253,35,13,1,0"
2901,terminating,"2901,971,1,0"
2902,terminating,"2902,1454,730,602,454,230,202,104,106,56,64,63,41,1,0"
2903,terminating,"2903,1,0"
2931,terminating,"2931,981,449,1,0"
2932,terminating,"2932,2206,1106,814,554,280,440,640,890,730,602,454,230,202,104,106,56,64,63,41,1,0"
2933,terminating,"2933,427,69,27,13,1,0"
2963,terminating,"2963,1,0"
2964,terminating,"2964,4876,4196,3154,1886,1138,572,604,460,548,418,302,154,134,70,74,40,50,43,1,0"
2965,terminating,"2965,599,1,0"
2966,terminating,"2966,1486,746,376,344,316,244,190,170,154,134,70,74,40,50,43,1,0"
2967,terminating,"2967,1257,423,201,71,1,0"
2968,terminating,"2968,3512,3088,2926,2834,1786,1094,550,566,286,218,112,136,134,70,74,40,50,43,1,0"
2969,terminating,"2969,1,0"
2995,terminating,"2995,605,193,1,0"
2996,terminating,"2996,3052,3108,5404,5460,13356,25956,49756,49812,83244,138964,144326,127978,67322,36250,34040,48040,60140,71572,58208,64264,60836,47692,35776,42456,69144,110376,244824,373356,594884,446170,356954,219706,118874,88720,117740,174916,174972,291844,302666,256438,217322,185014,92510,95626,49274,25894,17198,8602,6950,6070,4874,2440,3140,3496,3704,3256,3584,4600,6560,9316,8072,7078,3542,3370,2714,1606,1058,601,1,0"
2997,terminating,"2997,1601,1,0"
2998,terminating,"2998,1502,754,506,358,182,154,134,70,74,40,50,43,1,0"
2999,terminating,"2999,1,0"
2136,terminating,"2136,3264,5880,14640,31488,54360,123480,344520,951480,2223720,5552280,13498920,33157080,87457320,206507340,516027060,1074949236,1841653908,3090254304,5045128224,8384879136,13625428848,22170196752,40309450128,74733199568,70062374626,35031187316,26275937164,19706952880,26117685584,24498095632,22966964686,13305675122,8230516750,7191569618,3678131422,2844663938,1448510350,1630609538,817545850,861409190,689461738,492472694,401427754,356991446,254993914,208766726,149119114,81775094,41510794,26371958,13185982,7824338,4290862,2251130,2379910,2233706,1116856,1138544,1268296,1109774,554890,586742,361114,304166,152086,105962,52984,49616,60496,63504,150303,50105,15559,1,0"
2137,terminating,"2137,1,0"
2138,terminating,"2138,1072,1036,1092,2044,2100,4844,4900,7469,1939,285,195,141,51,21,11,1,0"
2139,terminating,"2139,933,315,309,107,1,0"
2140,terminating,"2140,2396,1804,1724,1300,1738,1142,574,434,334,170,154,134,70,74,40,50,43,1,0"
2141,terminating,"2141,1,0"
2622,terminating,"2622,3138,3150,6522,6534,9426,9438,12906,15894,18582,20778,20790,48330,81270,172170,275706,370836,566646,566658,661140,1344864,2185656,4138824,6259416,9389184,19680816,31387344,49696752,97793808,196093632,396860224,411948420,933320316,1249163988,1670483820,3070956660,5537899596,7383866156,6298003612,5205485924,3906072280,5688021320,7114324600,9437037920,12857964544,14653555856,13737708646,7117126418,3562182394,1838045486,919022746,492878822,284196778,167746646,83873326,44142674,22124074,16079126,11864458,6904502,4631386,2315696,2170996,1653552,2974500,6423252,9927180,20487204,34287516,55844484,74459340,152108820,321120300,615194772,820259724,1215079764,1620756876,2161009196,1844707204,1553010812,1164758116,876131672,950055208,831638072,745205128,652386872,570838528,668300912,626532136,564309164,424971436,343971284,260631820,287763524,215822650,209222690,167378170,133902554,67005466,50349926,32040898,16020452,16593010,17541326,11162698,5581352,6378808,6883592,6206008,6042992,5665336,5238344,4611256,4813544,4241176,3896624,3653116,2739844,2054890,1700342,1214554,772934,391306,233132,178468,133858,87326,46594,23300,27478,17522,8764,8820,22302,35298,44730,90054,105102,122658,122670,214290,343098,523872,1068264,1910556,2991796,2551952,2773228,2103252,2898444,3864620,4365364,3799436,2949292,2299868,1724908,1425092,1136488,994442,503194,284486,146698,78842,41158,25370,22150,19142,11314,5660,6268,4708,4364,3280,4532,4204,3160,4040,5140,5696,5734,3194,1600,2337,1023,513,287,49,8,7,1,0"
2623,terminating,"2623,105,87,33,15,9,4,3,1,0"
2624,terminating,"2624,2710,2186,1096,974,490,536,484,447,153,81,40,50,43,1,0"
2625,terminating,"2625,2367,1065,663,345,231,153,81,40,50,43,1,0"
2626,terminating,"2626,1658,832,946,638,442,314,160,218,112,136,134,70,74,40,50,43,1,0"
2627,terminating,"2627,109,1,0"
2628,terminating,"2628,4106,2056,1814,910,1106,814,554,280,440,640,890,730,602,454,230,202,104,106,56,64,63,41,1,0"
2629,terminating,"2629,251,1,0"
2630,non-terminating,"2630,2122,1064,1336,1184,1210,1184"
2631,terminating,"2631,881,1,0"
2632,terminating,"2632,3128,3352,2948,2764,2080,3212,3004,2260,2528,2512,2386,1196,1156,993,335,73,1,0"
2633,terminating,"2633,1,0"
2634,terminating,"2634,2646,4194,4932,7626,8502,9978,9990,17370,28026,35136,67226,33616,37808,40312,35288,37072,45264,79728,146448,281166,281178,363942,424638,526338,722961,321329,1,0"
2635,terminating,"2635,821,1,0"
2636,terminating,"2636,1984,2080,3212,3004,2260,2528,2512,2386,1196,1156,993,335,73,1,0"
2637,terminating,"2637,1185,735,633,215,49,8,7,1,0"
2638,terminating,"2638,1322,664,596,454,230,202,104,106,56,64,63,41,1,0"
2639,terminating,"2639,721,111,41,1,0"
2394,terminating,"2394,3846,3858,3870,6426,10854,13830,19434,20886,21606,25098,26742,26754,40446,63234,77406,110754,171486,253458,295740,647748,1077612,1467588,1956812,2109796,1889486,953914,668966,353578,176792,254128,308832,502104,753216,1240176,2422288,2697920,3727264,3655076,2760844,2100740,2310856,2455544,3212776,3751064,3282196,2723020,3035684,2299240,2988440,5297320,8325080,11222920,15359480,19199440,28875608,25266172,19406148,26552604,40541052,54202884,72270540,147793668,228408732,348957876,508132204,404465636,303708376,290504024,312058216,294959384,290622016,286081174,151737434,75868720,108199856,101437396,76247552,76099654,42387146,21679318,12752594,7278382,3660794,1855066,927536,932464,1013592,1546008,2425752,5084088,8436192,13709064,20563656,33082104,57142536,99483384,245978376,487384824,745600776,1118401224,1677601896,2538372504,4119772776,8030724504,14097017496,21148436904,40381357656,60572036544,100039354704,179931895322,94685963278,51399021218,28358080762,18046051430,17396081338,8698040672,8426226964,6319670230,5422685354,3217383766,1739126474,996366646,636221402,318217798,195756362,101900794,54202694,49799866,24930374,17971642,11130830,8904682,4913018,3126502,1574810,1473382,736694,541162,312470,249994,127286,69898,34952,34708,26038,13994,7000,11720,14740,19532,16588,18692,14026,7016,6154,3674,2374,1190,1402,704,820,944,916,694,350,394,200,265,59,1,0"
2395,terminating,"2395,485,103,1,0"
2396,terminating,"2396,1804,1724,1300,1738,1142,574,434,334,170,154,134,70,74,40,50,43,1,0"
2397,terminating,"2397,1059,357,219,77,19,1,0"
2398,terminating,"2398,1562,1030,842,424,386,196,203,37,1,0"
2399,terminating,"2399,1,0"
2400,terminating,"2400,5412,8700,17340,34236,54804,73100,98764,74080,101312,99856,96095,19225,4645,935,361,20,22,14,10,8,7,1,0"
2401,terminating,"2401,400,561,303,105,87,33,15,9,4,3,1,0"
2402,terminating,"2402,1204,1260,3108,5404,5460,13356,25956,49756,49812,83244,138964,144326,127978,67322,36250,34040,48040,60140,71572,58208,64264,60836,47692,35776,42456,69144,110376,244824,373356,594884,446170,356954,219706,118874,88720,117740,174916,174972,291844,302666,256438,217322,185014,92510,95626,49274,25894,17198,8602,6950,6070,4874,2440,3140,3496,3704,3256,3584,4600,6560,9316,8072,7078,3542,3370,2714,1606,1058,601,1,0"
2403,terminating,"2403,1197,883,1,0"
2404,terminating,"2404,1810,1466,736,776,694,350,394,200,265,59,1,0"
2405,terminating,"2405,787,1,0"
2106,terminating,"2106,2976,5088,8520,17400,38400,88452,196924,228004,255836,255892,339948,708372,1392748,1392804,2631580,3684548,3684604,4502876,4502932,4630444,5343604,5343660,13185396,26489484,54204276,91794444,159862836,267246924,448180404,751570764,1364852916,2941349292,5570458740,15496055820,38223608724,83083812588,167486431812,279144053244,569939236356,949898727484,992342373932,1145297512660,1658425537580,2348154885076,3199503255788,3314812365844,3443559550676,3613591553824,4516989442784,7101552358432,9725794352288,12183704104096,15564708569312,19455885712144,25405109000432,34158129752944,32023246643416,41683781196584,36476416191436,33944282238548,30858438398764,25921786028036,21678093130684,18919760053316,14997606112444,11248204584340,12373380835820,13923780365764,10442835274330,8354268219482,4193688144154,2096844072080,3034905897520,5029272631664,4714943092216,5388506391224,5636718469816,6478455493064,5783258140336,5422024396664,4785649630456,4187443426664,3873977867416,3650103060584,3354164516536,2934893951984,3103316995192,2715705134768,2550923435680,3699796104560,4919635981360,6518690066240,10944586970560,15137399032496,16447366256896,16383118732966,8435206044602,4559964181318,3995517910202,4217251922758,3185421778106,1610123870662,805068389234,467969903566,321729552434,160864776220,178104221924,133578166450,114910112318,58832690626,30072665078,15588948682,7795374614,3897687310,3932309234,2808792334,1450089314,731104606,365552306,264575374,188982434,96655534,48327770,45176038,28515386,14257696,15464444,11626060,12788708,9591538,6154862,4476658,2274062,1658098,1020410,844966,476954,238480,368624,345616,324046,195794,99886,49946,36238,18122,13630,12290,9850,8564,6430,5162,2938,1850,1684,1270,1034,694,350,394,200,265,59,1,0"
2107,terminating,"2107,401,1,0"
2108,terminating,"2108,1924,1800,4245,2571,861,483,285,195,141,51,21,11,1,0"
2109,terminating,"2109,931,209,31,1,0"
2110,terminating,"2110,1706,856,764,580,680,940,1076,814,554,280,440,640,890,730,602,454,230,202,104,106,56,64,63,41,1,0"
2111,terminating,"2111,1,0"
2112,terminating,"2112,3984,6432,10704,17072,19384,16976,15946,13430,12490,10010,14182,10154,5080,6440,10840,13640,20920,26240,38020,41864,36646,19298,9652,8268,12900,25292,18976,18446,10498,5882,3514,2534,1834,1334,826,614,310,266,214,110,106,56,64,63,41,1,0"
2113,terminating,"2113,1,0"
2114,terminating,"2114,1534,986,634,320,442,314,160,218,112,136,134,70,74,40,50,43,1,0"
2115,terminating,"2115,1629,737,79,1,0"
2116,terminating,"2116,1755,1605,987,549,257,1,0"
2117,terminating,"2117,103,1,0"
2118,terminating,"2118,2130,3054,3066,4038,4050,7203,4001,1,0"
2119,terminating,"2119,177,63,41,1,0"
2120,terminating,"2120,2740,3056,2896,2746,1376,1396,1054,674,340,416,466,236,184,176,196,203,37,1,0"
2121,terminating,"2121,1143,521,1,0"
2122,non-terminating,"2122,1064,1336,1184,1210,1184"
2123,terminating,"2123,205,47,1,0"
2082,terminating,"2082,2094,2106,2976,5088,8520,17400,38400,88452,196924,228004,255836,255892,339948,708372,1392748,1392804,2631580,3684548,3684604,4502876,4502932,4630444,5343604,5343660,13185396,26489484,54204276,91794444,159862836,267246924,448180404,751570764,1364852916,2941349292,5570458740,15496055820,38223608724,83083812588,167486431812,279144053244,569939236356,949898727484,992342373932,1145297512660,1658425537580,2348154885076,3199503255788,3314812365844,3443559550676,3613591553824,4516989442784,7101552358432,9725794352288,12183704104096,15564708569312,19455885712144,25405109000432,34158129752944,32023246643416,41683781196584,36476416191436,33944282238548,30858438398764,25921786028036,21678093130684,18919760053316,14997606112444,11248204584340,12373380835820,13923780365764,10442835274330,8354268219482,4193688144154,2096844072080,3034905897520,5029272631664,4714943092216,5388506391224,5636718469816,6478455493064,5783258140336,5422024396664,4785649630456,4187443426664,3873977867416,3650103060584,3354164516536,2934893951984,3103316995192,2715705134768,2550923435680,3699796104560,4919635981360,6518690066240,10944586970560,15137399032496,16447366256896,16383118732966,8435206044602,4559964181318,3995517910202,4217251922758,3185421778106,1610123870662,805068389234,467969903566,321729552434,160864776220,178104221924,133578166450,114910112318,58832690626,30072665078,15588948682,7795374614,3897687310,3932309234,2808792334,1450089314,731104606,365552306,264575374,188982434,96655534,48327770,45176038,28515386,14257696,15464444,11626060,12788708,9591538,6154862,4476658,2274062,1658098,1020410,844966,476954,238480,368624,345616,324046,195794,99886,49946,36238,18122,13630,12290,9850,8564,6430,5162,2938,1850,1684,1270,1034,694,350,394,200,265,59,1,0"
2083,terminating,"2083,1,0"
2084,terminating,"2084,1570,1274,1120,1904,2560,3578,1792,2296,2744,3256,3584,4600,6560,9316,8072,7078,3542,3370,2714,1606,1058,601,1,0"
2085,terminating,"2085,1275,957,483,285,195,141,51,21,11,1,0"
2086,terminating,"2086,1514,760,1040,1564,1460,1648,1576,1394,874,566,286,218,112,136,134,70,74,40,50,43,1,0"
2087,terminating,"2087,1,0"
2088,terminating,"2088,3762,5598,6570,10746,13254,13830,19434,20886,21606,25098,26742,26754,40446,63234,77406,110754,171486,253458,295740,647748,1077612,1467588,1956812,2109796,1889486,953914,668966,353578,176792,254128,308832,502104,753216,1240176,2422288,2697920,3727264,3655076,2760844,2100740,2310856,2455544,3212776,3751064,3282196,2723020,3035684,2299240,2988440,5297320,8325080,11222920,15359480,19199440,28875608,25266172,19406148,26552604,40541052,54202884,72270540,147793668,228408732,348957876,508132204,404465636,303708376,290504024,312058216,294959384,290622016,286081174,151737434,75868720,108199856,101437396,76247552,76099654,42387146,21679318,12752594,7278382,3660794,1855066,927536,932464,1013592,1546008,2425752,5084088,8436192,13709064,20563656,33082104,57142536,99483384,245978376,487384824,745600776,1118401224,1677601896,2538372504,4119772776,8030724504,14097017496,21148436904,40381357656,60572036544,100039354704,179931895322,94685963278,51399021218,28358080762,18046051430,17396081338,8698040672,8426226964,6319670230,5422685354,3217383766,1739126474,996366646,636221402,318217798,195756362,101900794,54202694,49799866,24930374,17971642,11130830,8904682,4913018,3126502,1574810,1473382,736694,541162,312470,249994,127286,69898,34952,34708,26038,13994,7000,11720,14740,19532,16588,18692,14026,7016,6154,3674,2374,1190,1402,704,820,944,916,694,350,394,200,265,59,1,0"
2089,terminating,"2089,1,0"
2090,terminating,"2090,2230,1802,1114,560,928,962,634,320,442,314,160,218,112,136,134,70,74,40,50,43,1,0"
2091,terminating,"2091,933,315,309,107,1,0"
2092,terminating,"2092,1576,1394,874,566,286,218,112,136,134,70,74,40,50,43,1,0"
2093,terminating,"2093,595,269,1,0"
2094,terminating,"2094,2106,2976,5088,8520,17400,38400,88452,196924,228004,255836,255892,339948,708372,1392748,1392804,2631580,3684548,3684604,4502876,4502932,4630444,5343604,5343660,13185396,26489484,54204276,91794444,159862836,267246924,448180404,751570764,1364852916,2941349292,5570458740,15496055820,38223608724,83083812588,167486431812,279144053244,569939236356,949898727484,992342373932,1145297512660,1658425537580,2348154885076,3199503255788,3314812365844,3443559550676,3613591553824,4516989442784,7101552358432,9725794352288,12183704104096,15564708569312,19455885712144,25405109000432,34158129752944,32023246643416,41683781196584,36476416191436,33944282238548,30858438398764,25921786028036,21678093130684,18919760053316,14997606112444,11248204584340,12373380835820,13923780365764,10442835274330,8354268219482,4193688144154,2096844072080,3034905897520,5029272631664,4714943092216,5388506391224,5636718469816,6478455493064,5783258140336,5422024396664,4785649630456,4187443426664,3873977867416,3650103060584,3354164516536,2934893951984,3103316995192,2715705134768,2550923435680,3699796104560,4919635981360,6518690066240,10944586970560,15137399032496,16447366256896,16383118732966,8435206044602,4559964181318,3995517910202,4217251922758,3185421778106,1610123870662,805068389234,467969903566,321729552434,160864776220,178104221924,133578166450,114910112318,58832690626,30072665078,15588948682,7795374614,3897687310,3932309234,2808792334,1450089314,731104606,365552306,264575374,188982434,96655534,48327770,45176038,28515386,14257696,15464444,11626060,12788708,9591538,6154862,4476658,2274062,1658098,1020410,844966,476954,238480,368624,345616,324046,195794,99886,49946,36238,18122,13630,12290,9850,8564,6430,5162,2938,1850,1684,1270,1034,694,350,394,200,265,59,1,0"
2095,terminating,"2095,425,133,27,13,1,0"
2096,terminating,"2096,1996,1504,1520,2200,3380,4306,2156,2632,3128,3352,2948,2764,2080,3212,3004,2260,2528,2512,2386,1196,1156,993,335,73,1,0"
2097,terminating,"2097,945,975,761,1,0"
2098,terminating,"2098,1052,796,604,460,548,418,302,154,134,70,74,40,50,43,1,0"
2970,terminating,"2970,5670,11754,13752,23688,51192,94008,141072,223488,427526,272098,147194,73600,116120,145240,181640,250360,365240,494440,646040,857320,1071740,1235572,1093104,1966472,1735828,1311104,1301116,987044,840796,789140,1134124,951316,812684,620860,719780,958540,1237892,1046908,808932,1078604,808960,1156640,1576300,2157836,1646524,1635524,1486924,1127324,1024924,789476,592114,302954,151480,238760,314200,416780,665140,931532,1165108,1165164,2522772,5218668,11903892,25427052,53825940,132775020,331001748,760541292,1492916628,2490326636,2492988820,3524827628,3530360596,3702575660,5183606260,7370428940,10560940852,12481112588,12481112644,17623960508,20935668292,25605989948,30285997252,30573080188,34370987924,39658833004,41211587732,41211587788,42695114924,53420518564,53420518620,131770616964,220630419324,433833337476,968456265084,2100700764036,4076359821114,5241034055814,5337199819626,5337199819638,6979141213722,8147569309254,9516864662658,11103131607930,19721291643270,42357371012730,71543356060590,121564608079410,206732590044966,258936054156522,302135189842458,487524897248742,571581342231066,666844899269616,1279728304928784,2513206992836016,4880141275173072,7726890352357488,13769727091931408,14973900865721200,27505094545817360,36445367869087816,31889696885451854,15948418727906146,8799127574017274,5780231679986326,2898674919482858,1482596328952342,806143636415978,575816883154294,287908441577150,248301335229250,216812581415582,110503352862562,70973108494430,56778486795562,41059244737238,37356288988522,26728513811798,14761479258202,9917154796838,5036957229082,2520587315174,1260309373186,651395856074,334344776026,181254214670,145105289410,116095329590,95399615434,47731154774,23865577390,19258918514,12330904366,7846939178,4887146074,2531895206,1265947606,1156609322,736024150,695142062,361854994,181589486,116174938,74998022,48284410,38851502,19470874,9735440,18762736,17590096,18277648,17135326,10638098,6092398,3749210,3182446,1601594,807994,584486,431578,334502,238954,122234,87334,53786,26896,26517,8843,277,1,0"
2971,terminating,"2971,1,0"
2972,terminating,"2972,2236,2076,2796,3756,5036,3784,4136,4504,3956,3436,2584,2816,3316,2494,1466,736,776,694,350,394,200,265,59,1,0"
2973,terminating,"2973,995,205,47,1,0"
2974,non-terminating,"2974,1490,1210,1184,1210"
2975,terminating,"2975,1489,1,0"
2976,terminating,"2976,5088,8520,17400,38400,88452,196924,228004,255836,255892,339948,708372,1392748,1392804,2631580,3684548,3684604,4502876,4502932,4630444,5343604,5343660,13185396,26489484,54204276,91794444,159862836,267246924,448180404,751570764,1364852916,2941349292,5570458740,15496055820,38223608724,83083812588,167486431812,279144053244,569939236356,949898727484,992342373932,1145297512660,1658425537580,2348154885076,3199503255788,3314812365844,3443559550676,3613591553824,4516989442784,7101552358432,9725794352288,12183704104096,15564708569312,19455885712144,25405109000432,34158129752944,32023246643416,41683781196584,36476416191436,33944282238548,30858438398764,25921786028036,21678093130684,18919760053316,14997606112444,11248204584340,12373380835820,13923780365764,10442835274330,8354268219482,4193688144154,2096844072080,3034905897520,5029272631664,4714943092216,5388506391224,5636718469816,6478455493064,5783258140336,5422024396664,4785649630456,4187443426664,3873977867416,3650103060584,3354164516536,2934893951984,3103316995192,2715705134768,2550923435680,3699796104560,4919635981360,6518690066240,10944586970560,15137399032496,16447366256896,16383118732966,8435206044602,4559964181318,3995517910202,4217251922758,3185421778106,1610123870662,805068389234,467969903566,321729552434,160864776220,178104221924,133578166450,114910112318,58832690626,30072665078,15588948682,7795374614,3897687310,3932309234,2808792334,1450089314,731104606,365552306,264575374,188982434,96655534,48327770,45176038,28515386,14257696,15464444,11626060,12788708,9591538,6154862,4476658,2274062,1658098,1020410,844966,476954,238480,368624,345616,324046,195794,99886,49946,36238,18122,13630,12290,9850,8564,6430,5162,2938,1850,1684,1270,1034,694,350,394,200,265,59,1,0"
2977,terminating,"2977,243,121,12,16,15,9,4,3,1,0"
2978,terminating,"2978,1492,1126,566,286,218,112,136,134,70,74,40,50,43,1,0"
2979,terminating,"2979,1337,199,1,0"
2980,terminating,"2980,3320,4240,5804,4360,5540,6136,6464,6490,6470,5194,4040,5140,5696,5734,3194,1600,2337,1023,513,287,49,8,7,1,0"
2981,terminating,"2981,283,1,0"
2742,terminating,"2742,2754,3780,9660,22596,37884,75012,140028,233604,471100,698964,1212204,2020564,2506490,2743174,2049434,1032454,516230,635914,317960,397540,590300,690868,518158,298322,149164,115436,86584,79016,102424,127976,126364,126420,294924,491764,591920,1019584,1037816,1184824,1113776,1063168,1059526,652058,428806,315674,157840,209324,165820,182444,155740,197060,226300,287556,405948,541292,414124,348876,614268,962580,1787244,2628804,3822396,5338644,7118220,14170740,25910028,39584856,59377344,109817136,251316000,739346400,2141406720,5879731680,14870867112,27076609368,49683215592,89475792858,115085277702,139019627898,162189565920,421720037280,1072985101920,2723538034080,6812376829920,17036781887520,42628946721120,107502129758880,269285754273120,745855303992480,2106077271930720,6380814891238560,15952037228111520,39880093070293920,101892930751783728,194056849063723320,436639697413939800,1163049375839021280,3037630002554322720,7594075006385821920,18446744073709551615,12975236915480337153,4795611492407455743,1611886117489773057,731499588401765823,361234489444355745,268405918824104415,196944792516298785,169658910938402655,168779278729818273,82427089612238943,53283595548004257,20054455049299551,6685052046318369,3134557278711135,2300444557735905,2425406978173599,1578441311884641,526147103961551,4625535833569,755298850931,2440141,221843,1525,397,1,0"
2743,terminating,"2743,225,178,92,76,64,63,41,1,0"
2744,terminating,"2744,3256,3584,4600,6560,9316,8072,7078,3542,3370,2714,1606,1058,601,1,0"
2745,terminating,"2745,2091,933,315,309,107,1,0"
2746,terminating,"2746,1376,1396,1054,674,340,416,466,236,184,176,196,203,37,1,0"
2747,terminating,"2747,109,1,0"
2748,terminating,"2748,3692,3364,2733,915,573,195,141,51,21,11,1,0"
2749,terminating,"2749,1,0"
2750,terminating,"2750,2866,1436,1084,820,944,916,694,350,394,200,265,59,1,0"
2751,terminating,"2751,1473,495,441,300,568,512,511,81,40,50,43,1,0"
2752,terminating,"2752,2836,2134,1394,874,566,286,218,112,136,134,70,74,40,50,43,1,0"
2753,terminating,"2753,1,0"
2292,terminating,"2292,3084,4140,8964,14556,19436,15676,11764,10160,13648,12826,8720,11740,12956,10564,9036,13896,23934,23946,27798,29658,29670,46362,46374,48666,48678,70362,86118,92058,95622,95634,180846,246834,381006,460458,562902,612138,612150,1316298,1350582,1509690,3086790,5380410,9377862,10943418,10943430,17188410,24257670,33960810,58388118,58565418,60170838,88970154,134757462,189472938,191888502,224449770,331833750,506247978,506508342,562778058,565133622,565133634,796862898,1062484410,1698730854,1819934946,2224365054,2224365066,3830671350,7551551034,8827348698,13041916902,19252353834,32643218646,39960429354,49580533080,128400918120,304645135320,711022807080,1659053220120,4078018845000,10533873852600,30016180777800,77847244092600,163672430657400,480817022949000,1199905593109200,3393419069805840,8404630008510960,23853140405126640,63141458686321680,186225026017186800,552563341771003920,1568438182455267312,3614099400835940880,8524457181249131376,15332500480534755264,18446744073709551615,12975236915480337153,4795611492407455743,1611886117489773057,731499588401765823,361234489444355745,268405918824104415,196944792516298785,169658910938402655,168779278729818273,82427089612238943,53283595548004257,20054455049299551,6685052046318369,3134557278711135,2300444557735905,2425406978173599,1578441311884641,526147103961551,4625535833569,755298850931,2440141,221843,1525,397,1,0"
2293,terminating,"2293,1,0"
2294,terminating,"2294,1354,680,940,1076,814,554,280,440,640,890,730,602,454,230,202,104,106,56,64,63,41,1,0"
2295,terminating,"2295,2025,1726,866,436,334,170,154,134,70,74,40,50,43,1,0"
2296,terminating,"2296,2744,3256,3584,4600,6560,9316,8072,7078,3542,3370,2714,1606,1058,601,1,0"
2297,terminating,"2297,1,0"
2658,terminating,"2658,2670,3810,5406,6258,8142,9138,9150,13914,16272,29670,46362,46374,48666,48678,70362,86118,92058,95622,95634,180846,246834,381006,460458,562902,612138,612150,1316298,1350582,1509690,3086790,5380410,9377862,10943418,10943430,17188410,24257670,33960810,58388118,58565418,60170838,88970154,134757462,189472938,191888502,224449770,331833750,506247978,506508342,562778058,565133622,565133634,796862898,1062484410,1698730854,1819934946,2224365054,2224365066,3830671350,7551551034,8827348698,13041916902,19252353834,32643218646,39960429354,49580533080,128400918120,304645135320,711022807080,1659053220120,4078018845000,10533873852600,30016180777800,77847244092600,163672430657400,480817022949000,1199905593109200,3393419069805840,8404630008510960,23853140405126640,63141458686321680,186225026017186800,552563341771003920,1568438182455267312,3614099400835940880,8524457181249131376,15332500480534755264,18446744073709551615,12975236915480337153,4795611492407455743,1611886117489773057,731499588401765823,361234489444355745,268405918824104415,196944792516298785,169658910938402655,168779278729818273,82427089612238943,53283595548004257,20054455049299551,6685052046318369,3134557278711135,2300444557735905,2425406978173599,1578441311884641,526147103961551,4625535833569,755298850931,2440141,221843,1525,397,1,0"
2659,terminating,"2659,1,0"
2660,terminating,"2660,4060,6020,8764,8820,22302,35298,44730,90054,105102,122658,122670,214290,343098,523872,1068264,1910556,2991796,2551952,2773228,2103252,2898444,3864620,4365364,3799436,2949292,2299868,1724908,1425092,1136488,994442,503194,284486,146698,78842,41158,25370,22150,19142,11314,5660,6268,4708,4364,3280,4532,4204,3160,4040,5140,5696,5734,3194,1600,2337,1023,513,287,49,8,7,1,0"
2661,terminating,"2661,891,561,303,105,87,33,15,9,4,3,1,0"
2662,terminating,"2662,1730,1402,704,820,944,916,694,350,394,200,265,59,1,0"
2663,terminating,"2663,1,0"
2904,terminating,"2904,5076,8364,12804,20124,35932,31884,42540,76740,138300,262716,350316,562596,762588,1307172,1777084,1332820,1497644,1140460,1278740,1565332,1205408,1193632,1370720,2122000,3013832,2637118,1678202,845734,422870,463594,255866,160276,136832,136018,72494,38074,19040,35392,45888,76032,169248,296448,497400,1046400,2431800,6950040,13900440,27801240,55602840,116598120,233196600,656746440,1617543480,4156603080,10094610360,20189221080,54411895560,128785687800,374571381000,794568622200,1668594108480,4254108120768,8024794870272,13398376816128,22295736424680,45612520095000,97682720749800,205133713576440,466373728060680,1071692109062520,2435663884237320,5535685077651960,15539145609494280,32215301873356920,67597674965053320,135195349930107000,287556281675157000,691194593150693880,1385530428565023240,2812233609020213880,5624467456701703080,11457942755793247320,18446744073709551615,12975236915480337153,4795611492407455743,1611886117489773057,731499588401765823,361234489444355745,268405918824104415,196944792516298785,169658910938402655,168779278729818273,82427089612238943,53283595548004257,20054455049299551,6685052046318369,3134557278711135,2300444557735905,2425406978173599,1578441311884641,526147103961551,4625535833569,755298850931,2440141,221843,1525,397,1,0"
2905,terminating,"2905,1127,241,1,0"
2906,terminating,"2906,1456,2016,4536,9984,18632,18628,13978,7802,4294,2546,1534,986,634,320,442,314,160,218,112,136,134,70,74,40,50,43,1,0"
2907,terminating,"2907,1773,801,369,177,63,41,1,0"
2908,terminating,"2908,2188,1648,1576,1394,874,566,286,218,112,136,134,70,74,40,50,43,1,0"
2909,terminating,"2909,1,0"
2040,terminating,"2040,4440,9240,25320,51000,117480,271320,765480,1531320,3721800,7817640,15635640,32899560,65799480,139098120,349027320,699333000,1597611000,3386944680,9543610200,20041583280,42087325632,79471791168,191723155392,315638087440,543777843920,747405300784,700736849736,1487757870264,2238305057736,3868709598264,7669591188936,11504588078424,21365663574696,47408992609944,88971645982056,134132578396824,249103359880296,434438366357784,653470731402216,1357221457351704,2535255259253736,4136481669143064,6204724081172376,10431307739922024,17230550677561176,25845843399345624,43019970394727976,85647428664676824,159070221060271656,238605331590407544,450152326608754056,877611396609944184,1568188355355841416,2410819568068721784,4368852429085614216,6929903853032355384,12869821441345803336,18446744073709551615,12975236915480337153,4795611492407455743,1611886117489773057,731499588401765823,361234489444355745,268405918824104415,196944792516298785,169658910938402655,168779278729818273,82427089612238943,53283595548004257,20054455049299551,6685052046318369,3134557278711135,2300444557735905,2425406978173599,1578441311884641,526147103961551,4625535833569,755298850931,2440141,221843,1525,397,1,0"
2041,terminating,"2041,171,89,1,0"
2042,terminating,"2042,1024,1023,513,287,49,8,7,1,0"
2043,terminating,"2043,921,311,1,0"
2044,terminating,"2044,2100,4844,4900,7469,1939,285,195,141,51,21,11,1,0"
2045,terminating,"2045,415,89,1,0"
2280,terminating,"2280,4920,10200,23280,49632,95520,206880,446304,725496,1280904,2154696,3232104,4915416,8833704,15258936,34507464,54545976,93182904,163959696,321898716,505610148,674146892,505939204,405161756,315495244,238616580,429510012,574866900,1333065672,2293269768,4120351992,7066841688,12076539192,20630754648,49094045352,101907983448,174221418672,402501493104,637294030872,956700217128,1435050325752,2457534265608,3973648991352,5960473487088,9437719871712,17588477945760,37886383435872,61565373083544,110244970437096,196096113835224,294144170752896,489415023721104,872162670479088,1380924228258680,2259836804573320,3654940138014020,4102822893011260,5404798356190340,6612929753457172,4959697315092886,2517726470825834,1489368874968406,744684437484206,372404381893714,189009259152686,149219095531666,74655753134054,37639808684266,18819904342136,18018694691464,15766357855046,7888175674618,4479932229062,2241455137234,1127406678662,717934154938,738638295878,534026386906,269588884358,134921177962,67473452630,54602334250,51124931030,42857921770,36726758678,18494860642,11466729758,7297009882,3778472270,3024626578,1597916090,1278332890,1028744390,822995530,916393142,740029258,370014632,377130508,282847888,280062512,283554688,304038752,294537604,233475224,204835096,179419544,162507976,142368824,163475176,156062264,136554496,171651584,239790832,224803936,281005424,347287696,495444080,656463592,581959448,665096632,581959568,546814540,634811444,496466956,378342980,416177320,595869800,808539940,1030923980,1136001508,852440472,1764755928,3382451592,6410772408,9616158672,15284643408,28633795632,59672486432,66914072800,97859756000,153035875168,199671727520,274350024880,369829285184,364101890080,597752047328,582406098160,771688080248,675272753752,593351165048,519182269432,527548870568,565327312792,599784248108,530294833492,397721125126,262192061114,144519198022,73685700890,61770567142,32856684794,16678520794,11603620646,6095937754,3048300314,1525269946,818437658,462595270,370076234,235889302,150351098,75418042,55127750,48071866,24035936,23284876,18373748,13780318,7280330,6129814,3064910,2451946,1850198,1321594,746822,392578,227342,118690,135326,70738,36650,31612,31668,62412,104244,194124,323764,346444,346500,1016316,2026724,2026780,3005156,3608668,3628828,4132772,4218844,4587044,5646172,5848220,8579620,12011804,12115684,12356764,13658596,15242780,21340228,26640572,26640628,27001996,27002052,65895228,131511492,265126428,542079972,1124264988,2509749732,4182916444,4182916500,12307157100,31779837124,32396927164,32404667204,37390001404,38160934756,42650457500,66234207004,66245397316,68650131452,75370070020,106262901500,159287701636,189082832764,189082832820,443410018380,1157902974900,3233955303180,8473095397620,22016100918924,43779143228436,100203212536812,238709753709588,531664890770412,1175395785837588,2307266580042732,4404781652811540,12154733148473580,27378413736187668,52298268526803180,122199916048851732,248782879998364908,426496032848635092,827731879634859948,1563493550421402852,2674311476636871708,5919056926784619492,10793575954467703068,18446744073709551615,12975236915480337153,4795611492407455743,1611886117489773057,731499588401765823,361234489444355745,268405918824104415,196944792516298785,169658910938402655,168779278729818273,82427089612238943,53283595548004257,20054455049299551,6685052046318369,3134557278711135,2300444557735905,2425406978173599,1578441311884641,526147103961551,4625535833569,755298850931,2440141,221843,1525,397,1,0"
2281,terminating,"2281,1,0"
2282,terminating,"2282,1654,830,682,470,394,200,265,59,1,0"
2283,terminating,"2283,765,639,297,183,65,19,1,0"
2284,terminating,"2284,1720,2240,3856,3646,1826,1198,602,454,230,202,104,106,56,64,63,41,1,0"
2285,terminating,"2285,463,1,0"
2286,terminating,"2286,2706,3342,3354,4038,4050,7203,4001,1,0"
2287,terminating,"2287,1,0"
2288,terminating,"2288,2920,3740,5332,4524,7236,11804,10540,13652,10246,5594,2800,4888,5192,5608,4922,2854,1430,1594,800,1153,1,0"
2289,terminating,"2289,1231,1,0"
2290,terminating,"2290,1850,1684,1270,1034,694,350,394,200,265,59,1,0"
2550,terminating,"2550,4146,4158,7362,8628,11532,16272,29670,46362,46374,48666,48678,70362,86118,92058,95622,95634,180846,246834,381006,460458,562902,612138,612150,1316298,1350582,1509690,3086790,5380410,9377862,10943418,10943430,17188410,24257670,33960810,58388118,58565418,60170838,88970154,134757462,189472938,191888502,224449770,331833750,506247978,506508342,562778058,565133622,565133634,796862898,1062484410,1698730854,1819934946,2224365054,2224365066,3830671350,7551551034,8827348698,13041916902,19252353834,32643218646,39960429354,49580533080,128400918120,304645135320,711022807080,1659053220120,4078018845000,10533873852600,30016180777800,77847244092600,163672430657400,480817022949000,1199905593109200,3393419069805840,8404630008510960,23853140405126640,63141458686321680,186225026017186800,552563341771003920,1568438182455267312,3614099400835940880,8524457181249131376,15332500480534755264,18446744073709551615,12975236915480337153,4795611492407455743,1611886117489773057,731499588401765823,361234489444355745,268405918824104415,196944792516298785,169658910938402655,168779278729818273,82427089612238943,53283595548004257,20054455049299551,6685052046318369,3134557278711135,2300444557735905,2425406978173599,1578441311884641,526147103961551,4625535833569,755298850931,2440141,221843,1525,397,1,0"
2551,terminating,"2551,1,0"
2552,terminating,"2552,2848,2822,1714,860,988,972,1576,1394,874,566,286,218,112,136,134,70,74,40,50,43,1,0"
2553,terminating,"2553,1095,681,231,153,81,40,50,43,1,0"
2554,terminating,"2554,1280,1786,1094,550,566,286,218,112,136,134,70,74,40,50,43,1,0"
2555,terminating,"2555,997,1,0"
2556,terminating,"2556,3996,6644,6124,4600,6560,9316,8072,7078,3542,3370,2714,1606,1058,601,1,0"
2557,terminating,"2557,1,0"
2558,terminating,"2558,1282,644,700,1036,1092,2044,2100,4844,4900,7469,1939,285,195,141,51,21,11,1,0"
2559,terminating,"2559,857,1,0"
2560,terminating,"2560,3578,1792,2296,2744,3256,3584,4600,6560,9316,8072,7078,3542,3370,2714,1606,1058,601,1,0"
2561,terminating,"2561,211,1,0"
2166,terminating,"2166,2406,2418,2958,3522,3534,4146,4158,7362,8628,11532,16272,29670,46362,46374,48666,48678,70362,86118,92058,95622,95634,180846,246834,381006,460458,562902,612138,612150,1316298,1350582,1509690,3086790,5380410,9377862,10943418,10943430,17188410,24257670,33960810,58388118,58565418,60170838,88970154,134757462,189472938,191888502,224449770,331833750,506247978,506508342,562778058,565133622,565133634,796862898,1062484410,1698730854,1819934946,2224365054,2224365066,3830671350,7551551034,8827348698,13041916902,19252353834,32643218646,39960429354,49580533080,128400918120,304645135320,711022807080,1659053220120,4078018845000,10533873852600,30016180777800,77847244092600,163672430657400,480817022949000,1199905593109200,3393419069805840,8404630008510960,23853140405126640,63141458686321680,186225026017186800,552563341771003920,1568438182455267312,3614099400835940880,8524457181249131376,15332500480534755264,18446744073709551615,12975236915480337153,4795611492407455743,1611886117489773057,731499588401765823,361234489444355745,268405918824104415,196944792516298785,169658910938402655,168779278729818273,82427089612238943,53283595548004257,20054455049299551,6685052046318369,3134557278711135,2300444557735905,2425406978173599,1578441311884641,526147103961551,4625535833569,755298850931,2440141,221843,1525,397,1,0"
2167,terminating,"2167,209,31,1,0"
2168,terminating,"2168,1912,1688,1492,1126,566,286,218,112,136,134,70,74,40,50,43,1,0"
2169,terminating,"2169,977,1,0"
2170,terminating,"2170,2438,1450,1340,1516,1144,1376,1396,1054,674,340,416,466,236,184,176,196,203,37,1,0"
2171,terminating,"2171,181,1,0"
2172,non-terminating,"2172,2924,2620,2924"
2173,aspiring,"2173,95,25,6"
2174,terminating,"2174,1090,890,730,602,454,230,202,104,106,56,64,63,41,1,0"
2175,terminating,"2175,1545,951,321,111,41,1,0"
2176,terminating,"2176,2414,1474,974,490,536,484,447,153,81,40,50,43,1,0"
2177,terminating,"2177,319,41,1,0"
2178,terminating,"2178,3009,1311,609,351,209,31,1,0"
2179,terminating,"2179,1,0"
2180,terminating,"2180,2440,3140,3496,3704,3256,3584,4600,6560,9316,8072,7078,3542,3370,2714,1606,1058,601,1,0"
2181,terminating,"2181,731,61,1,0"
2182,terminating,"2182,1094,550,566,286,218,112,136,134,70,74,40,50,43,1,0"
2183,terminating,"2183,97,1,0"
2184,terminating,"2184,4536,9984,18632,18628,13978,7802,4294,2546,1534,986,634,320,442,314,160,218,112,136,134,70,74,40,50,43,1,0"
2185,terminating,"2185,695,145,35,13,1,0"
2186,terminating,"2186,1096,974,490,536,484,447,153,81,40,50,43,1,0"
2187,terminating,"2187,1093,1,0"
2188,terminating,"2188,1648,1576,1394,874,566,286,218,112,136,134,70,74,40,50,43,1,0"
2189,terminating,"2189,211,1,0"
2190,terminating,"2190,3138,3150,6522,6534,9426,9438,12906,15894,18582,20778,20790,48330,81270,172170,275706,370836,566646,566658,661140,1344864,2185656,4138824,6259416,9389184,19680816,31387344,49696752,97793808,196093632,396860224,411948420,933320316,1249163988,1670483820,3070956660,5537899596,7383866156,6298003612,5205485924,3906072280,5688021320,7114324600,9437037920,12857964544,14653555856,13737708646,7117126418,3562182394,1838045486,919022746,492878822,284196778,167746646,83873326,44142674,22124074,16079126,11864458,6904502,4631386,2315696,2170996,1653552,2974500,6423252,9927180,20487204,34287516,55844484,74459340,152108820,321120300,615194772,820259724,1215079764,1620756876,2161009196,1844707204,1553010812,1164758116,876131672,950055208,831638072,745205128,652386872,570838528,668300912,626532136,564309164,424971436,343971284,260631820,287763524,215822650,209222690,167378170,133902554,67005466,50349926,32040898,16020452,16593010,17541326,11162698,5581352,6378808,6883592,6206008,6042992,5665336,5238344,4611256,4813544,4241176,3896624,3653116,2739844,2054890,1700342,1214554,772934,391306,233132,178468,133858,87326,46594,23300,27478,17522,8764,8820,22302,35298,44730,90054,105102,122658,122670,214290,343098,523872,1068264,1910556,2991796,2551952,2773228,2103252,2898444,3864620,4365364,3799436,2949292,2299868,1724908,1425092,1136488,994442,503194,284486,146698,78842,41158,25370,22150,19142,11314,5660,6268,4708,4364,3280,4532,4204,3160,4040,5140,5696,5734,3194,1600,2337,1023,513,287,49,8,7,1,0"
2191,terminating,"2191,321,111,41,1,0"
2192,terminating,"2192,2086,1514,760,1040,1564,1460,1648,1576,1394,874,566,286,218,112,136,134,70,74,40,50,43,1,0"
2193,terminating,"2193,975,761,1,0"
2194,terminating,"2194,1100,1504,1520,2200,3380,4306,2156,2632,3128,3352,2948,2764,2080,3212,3004,2260,2528,2512,2386,1196,1156,993,335,73,1,0"
2232,terminating,"2232,4008,6072,11208,16872,28728,67272,100968,187992,395448,593232,1031664,1633592,1482208,2116352,2715664,3297840,9368016,18903984,34372368,72986832,140069968,131315626,80809658,40404832,45262064,42433216,55813984,54069860,76253956,57711512,56193088,74253184,78453056,91381504,91025056,88516628,66387478,33480122,20603194,10301600,15321760,24195872,24978400,36002072,31501828,25404924,33873260,37260628,29708064,57711996,88171196,69023044,51767290,41413850,35616004,26753996,20065504,19541336,17098684,12824020,17004716,12840316,10153116,15709084,11781820,13241780,15159628,14047172,11058748,8294068,6613104,10564368,16957680,35611872,63372720,133083456,257718912,562752768,1023129600,2359700760,4719401880,9438804120,19128237000,40551871800,96587207880,199792699320,399585399000,878716839720,1854307659480,3708744973320,7481805801720,15007708874280,30687404737560,61635699915240,140477438641560,302453259537000,854376699897240,1944794633606760,4339289913031320,9734504011527720,19469008023055800,46371637291300680,93066047000097720,191610312655807560,384626823679744440,770652752746087560,1562912592017805240,3148046690083333320,6387785257353620280,12794894635568876040,18446744073709551615,12975236915480337153,4795611492407455743,1611886117489773057,731499588401765823,361234489444355745,268405918824104415,196944792516298785,169658910938402655,168779278729818273,82427089612238943,53283595548004257,20054455049299551,6685052046318369,3134557278711135,2300444557735905,2425406978173599,1578441311884641,526147103961551,4625535833569,755298850931,2440141,221843,1525,397,1,0"
2233,terminating,"2233,647,1,0"
2234,terminating,"2234,1120,1904,2560,3578,1792,2296,2744,3256,3584,4600,6560,9316,8072,7078,3542,3370,2714,1606,1058,601,1,0"
2235,terminating,"2235,1365,1323,957,483,285,195,141,51,21,11,1,0"
2236,terminating,"2236,2076,2796,3756,5036,3784,4136,4504,3956,3436,2584,2816,3316,2494,1466,736,776,694,350,394,200,265,59,1,0"
2237,terminating,"2237,1,0"
2238,terminating,"2238,2250,3834,4806,5994,7800,18240,42720,93360,196800,464616,845784,1583136,3134304,5779692,8927364,11903180,13093540,14562452,10952044,8477100,18096720,38003856,69989232,111494688,181179120,382534800,850005360,2077798320,5436939456,13611841344,27151952160,58376698656,103064581344,183468805152,326466554880,719573109504,1200224007216,2575114581344,2541802824256,2732755713728,2690113709752,3074415668408,3538667495752,3125307868148,2367864259792,2269283363408,2127662291812,1634689178492,1226328809644,951927514964,806237780230,696106321658,500730919174,250872618914,130661857792,130447937924,106894566076,80229096132,121699471548,178969811604,247679526252,330239368364,247679526280,328899177320,516841565080,656343059720,820638723280,1150879813556,1138326313036,1219667926964,914750945230,754991626514,401719736686,200864100794,153724816966,110178630842,96135611206,48071354738,37586253262,19029024338,9515509150,10728373730,8648612374,4503610346,2251805176,2218690664,2019846556,2363905124,2516416924,2822447684,2833698364,2835423556,3018355900,4627961996,4793246752,5991558944,7856377312,9827394080,16882751200,30220140272,38327993200,74112389520,187470868080,394593127440,862560933360,2193369236496,4117823071344,7409571177312,13661396858988,21789269737812,33289162099526,16646505875818,14520387041174,10371705029434,7408714647302,4292472445738,2267721292250,2114394086950,1818378914870,1922286281578,1258935675734,801140884594,404892788366,275667459442,137861310314,131722241686,111639742130,118729538638,65505952442,46789966054,28793825306,14869486438,7874298938,5014758886,2508105098,1478982526,1056416114,659643406,401553794,204477214,105105434,75732454,54094634,39908566,19954286,12767122,6399134,4704994,3875102,3372130,2697722,1360678,888026,487078,243542,210058,107894,56386,36980,42526,27098,15994,10214,5110,5546,3094,2954,2134,1394,874,566,286,218,112,136,134,70,74,40,50,43,1,0"
2239,terminating,"2239,1,0"
2240,terminating,"2240,3856,3646,1826,1198,602,454,230,202,104,106,56,64,63,41,1,0"
2241,terminating,"2241,1119,377,43,1,0"
2242,terminating,"2242,1358,994,734,370,314,160,218,112,136,134,70,74,40,50,43,1,0"
2243,terminating,"2243,1,0"
2244,terminating,"2244,3804,5100,10524,14060,17860,22460,24748,20612,15466,11894,6946,3998,2002,2030,2290,1850,1684,1270,1034,694,350,394,200,265,59,1,0"
2245,terminating,"2245,455,217,39,17,1,0"
2246,terminating,"2246,1126,566,286,218,112,136,134,70,74,40,50,43,1,0"
2247,terminating,"2247,1209,583,65,19,1,0"
2248,terminating,"2248,1982,994,734,370,314,160,218,112,136,134,70,74,40,50,43,1,0"
2249,terminating,"2249,187,29,1,0"
2250,terminating,"2250,3834,4806,5994,7800,18240,42720,93360,196800,464616,845784,1583136,3134304,5779692,8927364,11903180,13093540,14562452,10952044,8477100,18096720,38003856,69989232,111494688,181179120,382534800,850005360,2077798320,5436939456,13611841344,27151952160,58376698656,103064581344,183468805152,326466554880,719573109504,1200224007216,2575114581344,2541802824256,2732755713728,2690113709752,3074415668408,3538667495752,3125307868148,2367864259792,2269283363408,2127662291812,1634689178492,1226328809644,951927514964,806237780230,696106321658,500730919174,250872618914,130661857792,130447937924,106894566076,80229096132,121699471548,178969811604,247679526252,330239368364,247679526280,328899177320,516841565080,656343059720,820638723280,1150879813556,1138326313036,1219667926964,914750945230,754991626514,401719736686,200864100794,153724816966,110178630842,96135611206,48071354738,37586253262,19029024338,9515509150,10728373730,8648612374,4503610346,2251805176,2218690664,2019846556,2363905124,2516416924,2822447684,2833698364,2835423556,3018355900,4627961996,4793246752,5991558944,7856377312,9827394080,16882751200,30220140272,38327993200,74112389520,187470868080,394593127440,862560933360,2193369236496,4117823071344,7409571177312,13661396858988,21789269737812,33289162099526,16646505875818,14520387041174,10371705029434,7408714647302,4292472445738,2267721292250,2114394086950,1818378914870,1922286281578,1258935675734,801140884594,404892788366,275667459442,137861310314,131722241686,111639742130,118729538638,65505952442,46789966054,28793825306,14869486438,7874298938,5014758886,2508105098,1478982526,1056416114,659643406,401553794,204477214,105105434,75732454,54094634,39908566,19954286,12767122,6399134,4704994,3875102,3372130,2697722,1360678,888026,487078,243542,210058,107894,56386,36980,42526,27098,15994,10214,5110,5546,3094,2954,2134,1394,874,566,286,218,112,136,134,70,74,40,50,43,1,0"
2251,terminating,"2251,1,0"
2252,terminating,"2252,1696,1706,856,764,580,680,940,1076,814,554,280,440,640,890,730,602,454,230,202,104,106,56,64,63,41,1,0"
2253,terminating,"2253,755,157,1,0"
2254,terminating,"2254,1850,1684,1270,1034,694,350,394,200,265,59,1,0"
2255,terminating,"2255,769,1,0"
2484,terminating,"2484,4236,5676,9108,17100,39320,49240,61640,85240,106640,155248,156240,462768,775248,1296048,2481488,2482480,5517008,7375024,7376016,12297328,12298320,34127280,95864400,247942960,382230992,571707952,571708944,1099612656,2077059024,4480299056,4509792208,4599196208,4669543888,4669544880,18382313040,57879472560,174521652816,367574269872,621616862288,621616863280,1186187429840,2238595274800,3319449737552,3830134326448,3830134327440,8573026105200,20025123496080,45348987912048,85676447828112,143249151424368,276407188850832,551601615193968,919336025327248,919370949180272,919370949181264,961096159379632,983478049961040,2520820723420080,6523350412579920,16579642376674224,33343191367469136,65451449721367984,65451472614989008,71165966845264688,78658360012191952,87331528357950768,155677941855572688,321994321138817712,837742800886213968,1723237389823277232,3280286375080880976,6283035778571220144,13073988789444979536,18446744073709551615,12975236915480337153,4795611492407455743,1611886117489773057,731499588401765823,361234489444355745,268405918824104415,196944792516298785,169658910938402655,168779278729818273,82427089612238943,53283595548004257,20054455049299551,6685052046318369,3134557278711135,2300444557735905,2425406978173599,1578441311884641,526147103961551,4625535833569,755298850931,2440141,221843,1525,397,1,0"
2485,terminating,"2485,971,1,0"
2486,terminating,"2486,1618,812,868,924,1764,3423,1825,469,75,49,8,7,1,0"
2487,terminating,"2487,833,193,1,0"
2488,terminating,"2488,2192,2086,1514,760,1040,1564,1460,1648,1576,1394,874,566,286,218,112,136,134,70,74,40,50,43,1,0"
2489,terminating,"2489,151,1,0"
2490,terminating,"2490,3558,3570,6798,8178,9102,10050,15246,26250,48726,56886,63114,65814,84714,109014,109026,135636,186924,262084,196570,189638,94822,80570,85318,47162,23584,27824,28720,38240,52480,76292,57226,39542,23314,11660,15556,11674,7226,3616,3566,1786,1094,550,566,286,218,112,136,134,70,74,40,50,43,1,0"
2491,terminating,"2491,101,1,0"
2492,terminating,"2492,2548,3038,2434,1220,1384,1226,616,824,736,776,694,350,394,200,265,59,1,0"
2493,terminating,"2493,1121,79,1,0"
2494,terminating,"2494,1466,736,776,694,350,394,200,265,59,1,0"
2495,terminating,"2495,505,107,1,0"
2496,terminating,"2496,4616,4054,2030,2290,1850,1684,1270,1034,694,350,394,200,265,59,1,0"
2497,terminating,"2497,239,1,0"
2498,terminating,"2498,1252,946,638,442,314,160,218,112,136,134,70,74,40,50,43,1,0"
2499,terminating,"2499,1605,987,549,257,1,0"
2500,terminating,"2500,2967,1257,423,201,71,1,0"
2501,terminating,"2501,103,1,0"
2406,terminating,"2406,2418,2958,3522,3534,4146,4158,7362,8628,11532,16272,29670,46362,46374,48666,48678,70362,86118,92058,95622,95634,180846,246834,381006,460458,562902,612138,612150,1316298,1350582,1509690,3086790,5380410,9377862,10943418,10943430,17188410,24257670,33960810,58388118,58565418,60170838,88970154,134757462,189472938,191888502,224449770,331833750,506247978,506508342,562778058,565133622,565133634,796862898,1062484410,1698730854,1819934946,2224365054,2224365066,3830671350,7551551034,8827348698,13041916902,19252353834,32643218646,39960429354,49580533080,128400918120,304645135320,711022807080,1659053220120,4078018845000,10533873852600,30016180777800,77847244092600,163672430657400,480817022949000,1199905593109200,3393419069805840,8404630008510960,23853140405126640,63141458686321680,186225026017186800,552563341771003920,1568438182455267312,3614099400835940880,8524457181249131376,15332500480534755264,18446744073709551615,12975236915480337153,4795611492407455743,1611886117489773057,731499588401765823,361234489444355745,268405918824104415,196944792516298785,169658910938402655,168779278729818273,82427089612238943,53283595548004257,20054455049299551,6685052046318369,3134557278711135,2300444557735905,2425406978173599,1578441311884641,526147103961551,4625535833569,755298850931,2440141,221843,1525,397,1,0"
2407,terminating,"2407,113,1,0"
2408,terminating,"2408,2872,2528,2512,2386,1196,1156,993,335,73,1,0"
2409,terminating,"2409,1143,521,1,0"
2410,terminating,"2410,1946,1414,1034,694,350,394,200,265,59,1,0"
2411,terminating,"2411,1,0"
2412,terminating,"2412,3776,3844,3107,253,35,13,1,0"
2413,terminating,"2413,147,81,40,50,43,1,0"
2414,terminating,"2414,1474,974,490,536,484,447,153,81,40,50,43,1,0"
2415,terminating,"2415,2193,975,761,1,0"
2416,terminating,"2416,2296,2744,3256,3584,4600,6560,9316,8072,7078,3542,3370,2714,1606,1058,601,1,0"
2417,terminating,"2417,1,0"
2478,terminating,"2478,3282,3294,4146,4158,7362,8628,11532,16272,29670,46362,46374,48666,48678,70362,86118,92058,95622,95634,180846,246834,381006,460458,562902,612138,612150,1316298,1350582,1509690,3086790,5380410,9377862,10943418,10943430,17188410,24257670,33960810,58388118,58565418,60170838,88970154,134757462,189472938,191888502,224449770,331833750,506247978,506508342,562778058,565133622,565133634,796862898,1062484410,1698730854,1819934946,2224365054,2224365066,3830671350,7551551034,8827348698,13041916902,19252353834,32643218646,39960429354,49580533080,128400918120,304645135320,711022807080,1659053220120,4078018845000,10533873852600,30016180777800,77847244092600,163672430657400,480817022949000,1199905593109200,3393419069805840,8404630008510960,23853140405126640,63141458686321680,186225026017186800,552563341771003920,1568438182455267312,3614099400835940880,8524457181249131376,15332500480534755264,18446744073709551615,12975236915480337153,4795611492407455743,1611886117489773057,731499588401765823,361234489444355745,268405918824104415,196944792516298785,169658910938402655,168779278729818273,82427089612238943,53283595548004257,20054455049299551,6685052046318369,3134557278711135,2300444557735905,2425406978173599,1578441311884641,526147103961551,4625535833569,755298850931,2440141,221843,1525,397,1,0"
2479,terminating,"2479,105,87,33,15,9,4,3,1,0"
2526,terminating,"2526,2538,3222,3798,4470,6330,8934,8946,13518,15810,25662,38850,74238,74250,150390,251370,569430,1085850,2009190,2812938,2832342,2832354,4540446,5842914,8727582,8727594,8727606,10182246,10182258,12211230,17596770,25077918,26163042,26273118,26371122,26508750,39751290,66252870,113459130,192466854,240737346,315959454,392024130,555711294,590535906,590868798,688265058,794152158,888434082,1173646224,2110933542,2112219978,2782087734,2799644154,2799644166,4158972954,4910516046,5731194618,7352662662,8742344994,10207564686,14314959522,17496061758,26998439202,41661696030,58844461314,60632626686,60728960514,60761911326,67910371698,78585707598,80206032642,82008416478,82017972258,90651443262,90799702338,100357565982,109084311138,128945751774,187523762466,187523762478,218592790410,306044225142,306060491130,430733912070,858111462906,864965157894,1102769371386,1286589731238,1899251508330,3508678095318,4922746315650,9464992810110,15376700340450,25935367908768,42396191889888,68894273282208,128393872938048,211404811628832,358531133244960,857716788014880,1844091094233504,3012213105771936,5661326691559200,14251057458288864,25310682824019744,41129859589032336,66467241445576944,133273601469964920,268576750170508200,600574312019991000,1273217541482390280,3185018922746494200,7022794428462291720,14725241823144528120,18446744073709551615,12975236915480337153,4795611492407455743,1611886117489773057,731499588401765823,361234489444355745,268405918824104415,196944792516298785,169658910938402655,168779278729818273,82427089612238943,53283595548004257,20054455049299551,6685052046318369,3134557278711135,2300444557735905,2425406978173599,1578441311884641,526147103961551,4625535833569,755298850931,2440141,221843,1525,397,1,0"
2527,terminating,"2527,521,1,0"
2528,terminating,"2528,2512,2386,1196,1156,993,335,73,1,0"
2529,terminating,"2529,1137,383,1,0"
2530,terminating,"2530,2654,1330,1550,1426,878,442,314,160,218,112,136,134,70,74,40,50,43,1,0"
2531,terminating,"2531,1,0"
2532,terminating,"2532,3404,2980,3320,4240,5804,4360,5540,6136,6464,6490,6470,5194,4040,5140,5696,5734,3194,1600,2337,1023,513,287,49,8,7,1,0"
2533,terminating,"2533,167,1,0"
2534,terminating,"2534,1834,1334,826,614,310,266,214,110,106,56,64,63,41,1,0"
2535,terminating,"2535,1857,623,97,1,0"
2536,terminating,"2536,2234,1120,1904,2560,3578,1792,2296,2744,3256,3584,4600,6560,9316,8072,7078,3542,3370,2714,1606,1058,601,1,0"
2537,terminating,"2537,103,1,0"
2874,terminating,"2874,2886,3498,4278,4938,4950,9558,12222,18354,27726,27738,35910,79290,127098,161190,274410,439290,732870,1288890,2062458,2442042,3122118,4653882,5688198,6952362,6979638,6979650,12066750,21808962,32194494,38283186,38283198,38986962,53201838,56823378,56823390,106371810,176090526,210271554,245852478,296880570,588245958,686790090,1460543670,2434240170,3894784506,5058746694,6651000186,7109690214,8402361306,8599759014,13574152986,13576658118,13739254842,13747044390,21186622650,31385039334,37091410266,38631296742,38672438298,45430745958,63168244074,84403867158,118278180522,138005248698,176800005702,233567011098,275957820198,321950790270,538024264578,696319451262,889926176898,1267596268542,1558283984418,2003507980062,2114063980770,3779570159646,3779570159658,4463730768438,5455670939322,5465134389318,6127338859194,7981157160006,7981157160018,12288448326702,12968797428690,19079318457390,26721722382450,40780070898894,47576749382082,61324420395582,82064399351778,102217803728670,210402084460770,350078482302750,600413780879010,1183672882306206,1481213669688162,1810376571403998,2522148556744002,2522175514668798,2553947583142914,3770113098925566,4398579296324418,4486388421918462,4486390295148690,6280946413208238,6486888469835634,8340285175503054,8340285175503066,10416775929078096,20469098878489008,44380569091119696,82852878405887064,141540466229630136,243496346063622984,434024906211180216,776055922658963784,1512954162806681016,2936911021918862184,6386616031791816216,13331930705248823784,18446744073709551615,12975236915480337153,4795611492407455743,1611886117489773057,731499588401765823,361234489444355745,268405918824104415,196944792516298785,169658910938402655,168779278729818273,82427089612238943,53283595548004257,20054455049299551,6685052046318369,3134557278711135,2300444557735905,2425406978173599,1578441311884641,526147103961551,4625535833569,755298850931,2440141,221843,1525,397,1,0"
2875,terminating,"2875,869,91,21,11,1,0"
2876,terminating,"2876,2164,1630,1322,664,596,454,230,202,104,106,56,64,63,41,1,0"
2877,terminating,"2877,1539,881,1,0"
2878,terminating,"2878,1442,1054,674,340,416,466,236,184,176,196,203,37,1,0"
2879,terminating,"2879,1,0"
2010,terminating,"2010,2886,3498,4278,4938,4950,9558,12222,18354,27726,27738,35910,79290,127098,161190,274410,439290,732870,1288890,2062458,2442042,3122118,4653882,5688198,6952362,6979638,6979650,12066750,21808962,32194494,38283186,38283198,38986962,53201838,56823378,56823390,106371810,176090526,210271554,245852478,296880570,588245958,686790090,1460543670,2434240170,3894784506,5058746694,6651000186,7109690214,8402361306,8599759014,13574152986,13576658118,13739254842,13747044390,21186622650,31385039334,37091410266,38631296742,38672438298,45430745958,63168244074,84403867158,118278180522,138005248698,176800005702,233567011098,275957820198,321950790270,538024264578,696319451262,889926176898,1267596268542,1558283984418,2003507980062,2114063980770,3779570159646,3779570159658,4463730768438,5455670939322,5465134389318,6127338859194,7981157160006,7981157160018,12288448326702,12968797428690,19079318457390,26721722382450,40780070898894,47576749382082,61324420395582,82064399351778,102217803728670,210402084460770,350078482302750,600413780879010,1183672882306206,1481213669688162,1810376571403998,2522148556744002,2522175514668798,2553947583142914,3770113098925566,4398579296324418,4486388421918462,4486390295148690,6280946413208238,6486888469835634,8340285175503054,8340285175503066,10416775929078096,20469098878489008,44380569091119696,82852878405887064,141540466229630136,243496346063622984,434024906211180216,776055922658963784,1512954162806681016,2936911021918862184,6386616031791816216,13331930705248823784,18446744073709551615,12975236915480337153,4795611492407455743,1611886117489773057,731499588401765823,361234489444355745,268405918824104415,196944792516298785,169658910938402655,168779278729818273,82427089612238943,53283595548004257,20054455049299551,6685052046318369,3134557278711135,2300444557735905,2425406978173599,1578441311884641,526147103961551,4625535833569,755298850931,2440141,221843,1525,397,1,0"
2011,terminating,"2011,1,0"
2012,terminating,"2012,1516,1144,1376,1396,1054,674,340,416,466,236,184,176,196,203,37,1,0"
2013,terminating,"2013,963,441,300,568,512,511,81,40,50,43,1,0"
2014,terminating,"2014,1226,616,824,736,776,694,350,394,200,265,59,1,0"
2015,terminating,"2015,673,1,0"
2016,terminating,"2016,4536,9984,18632,18628,13978,7802,4294,2546,1534,986,634,320,442,314,160,218,112,136,134,70,74,40,50,43,1,0"
2017,terminating,"2017,1,0"
2018,terminating,"2018,1012,1004,760,1040,1564,1460,1648,1576,1394,874,566,286,218,112,136,134,70,74,40,50,43,1,0"
2019,terminating,"2019,677,1,0"
2020,terminating,"2020,2264,1996,1504,1520,2200,3380,4306,2156,2632,3128,3352,2948,2764,2080,3212,3004,2260,2528,2512,2386,1196,1156,993,335,73,1,0"
2021,terminating,"2021,91,21,11,1,0"
2022,terminating,"2022,2034,2412,3776,3844,3107,253,35,13,1,0"
2023,terminating,"2023,433,1,0"
2024,terminating,"2024,2296,2744,3256,3584,4600,6560,9316,8072,7078,3542,3370,2714,1606,1058,601,1,0"
2025,terminating,"2025,1726,866,436,334,170,154,134,70,74,40,50,43,1,0"
2026,terminating,"2026,1016,904,806,538,272,286,218,112,136,134,70,74,40,50,43,1,0"
2027,terminating,"2027,1,0"
2028,terminating,"2028,3096,5484,7340,8116,6094,3914,2326,1166,778,392,463,1,0"
2029,terminating,"2029,1,0"
2030,terminating,"2030,2290,1850,1684,1270,1034,694,350,394,200,265,59,1,0"
2031,terminating,"2031,681,231,153,81,40,50,43,1,0"
2032,terminating,"2032,1936,2187,1093,1,0"
2033,terminating,"2033,127,1,0"
2034,terminating,"2034,2412,3776,3844,3107,253,35,13,1,0"
2838,terminating,"2838,3498,4278,4938,4950,9558,12222,18354,27726,27738,35910,79290,127098,161190,274410,439290,732870,1288890,2062458,2442042,3122118,4653882,5688198,6952362,6979638,6979650,12066750,21808962,32194494,38283186,38283198,38986962,53201838,56823378,56823390,106371810,176090526,210271554,245852478,296880570,588245958,686790090,1460543670,2434240170,3894784506,5058746694,6651000186,7109690214,8402361306,8599759014,13574152986,13576658118,13739254842,13747044390,21186622650,31385039334,37091410266,38631296742,38672438298,45430745958,63168244074,84403867158,118278180522,138005248698,176800005702,233567011098,275957820198,321950790270,538024264578,696319451262,889926176898,1267596268542,1558283984418,2003507980062,2114063980770,3779570159646,3779570159658,4463730768438,5455670939322,5465134389318,6127338859194,7981157160006,7981157160018,12288448326702,12968797428690,19079318457390,26721722382450,40780070898894,47576749382082,61324420395582,82064399351778,102217803728670,210402084460770,350078482302750,600413780879010,1183672882306206,1481213669688162,1810376571403998,2522148556744002,2522175514668798,2553947583142914,3770113098925566,4398579296324418,4486388421918462,4486390295148690,6280946413208238,6486888469835634,8340285175503054,8340285175503066,10416775929078096,20469098878489008,44380569091119696,82852878405887064,141540466229630136,243496346063622984,434024906211180216,776055922658963784,1512954162806681016,2936911021918862184,6386616031791816216,13331930705248823784,18446744073709551615,12975236915480337153,4795611492407455743,1611886117489773057,731499588401765823,361234489444355745,268405918824104415,196944792516298785,169658910938402655,168779278729818273,82427089612238943,53283595548004257,20054455049299551,6685052046318369,3134557278711135,2300444557735905,2425406978173599,1578441311884641,526147103961551,4625535833569,755298850931,2440141,221843,1525,397,1,0"
2839,terminating,"2839,185,43,1,0"
2840,terminating,"2840,3640,6440,10840,13640,20920,26240,38020,41864,36646,19298,9652,8268,12900,25292,18976,18446,10498,5882,3514,2534,1834,1334,826,614,310,266,214,110,106,56,64,63,41,1,0"
2841,terminating,"2841,951,321,111,41,1,0"
2842,terminating,"2842,2288,2920,3740,5332,4524,7236,11804,10540,13652,10246,5594,2800,4888,5192,5608,4922,2854,1430,1594,800,1153,1,0"
2843,terminating,"2843,1,0"
2844,terminating,"2844,4436,3334,1670,1354,680,940,1076,814,554,280,440,640,890,730,602,454,230,202,104,106,56,64,63,41,1,0"
2845,terminating,"2845,575,169,14,10,8,7,1,0"
2846,terminating,"2846,1426,878,442,314,160,218,112,136,134,70,74,40,50,43,1,0"
2847,terminating,"2847,1297,1,0"
2848,terminating,"2848,2822,1714,860,988,972,1576,1394,874,566,286,218,112,136,134,70,74,40,50,43,1,0"
2849,terminating,"2849,799,65,19,1,0"
2424,terminating,"2424,3696,8208,16592,18004,18060,41076,78316,78372,148764,310884,518364,1224468,2427180,5341140,13982892,27896148,56214060,123672276,268029216,713319264,1826840736,4371512544,10259809056,24066945504,57047757984,131061734496,333994822560,989941190112,2228183159328,5013412115040,15355717786080,44534663601120,144940087464480,471714103310688,1130798979186912,2688948041357088,6050151708497568,13613157922639968,35513546724070632,74727605255142168,162658586225561832,353930992506879768,642678347124409032,1125102611548462968,1977286128289819992,3415126495450394808,7156435369823219592,14994436012962937848,18446744073709551615,12975236915480337153,4795611492407455743,1611886117489773057,731499588401765823,361234489444355745,268405918824104415,196944792516298785,169658910938402655,168779278729818273,82427089612238943,53283595548004257,20054455049299551,6685052046318369,3134557278711135,2300444557735905,2425406978173599,1578441311884641,526147103961551,4625535833569,755298850931,2440141,221843,1525,397,1,0"
2425,terminating,"2425,613,1,0"
2426,terminating,"2426,1216,1324,1000,1340,1516,1144,1376,1396,1054,674,340,416,466,236,184,176,196,203,37,1,0"
2427,terminating,"2427,813,275,97,1,0"
2428,terminating,"2428,1828,1378,890,730,602,454,230,202,104,106,56,64,63,41,1,0"
2429,terminating,"2429,355,77,19,1,0"
2430,terminating,"2430,4122,4848,7800,18240,42720,93360,196800,464616,845784,1583136,3134304,5779692,8927364,11903180,13093540,14562452,10952044,8477100,18096720,38003856,69989232,111494688,181179120,382534800,850005360,2077798320,5436939456,13611841344,27151952160,58376698656,103064581344,183468805152,326466554880,719573109504,1200224007216,2575114581344,2541802824256,2732755713728,2690113709752,3074415668408,3538667495752,3125307868148,2367864259792,2269283363408,2127662291812,1634689178492,1226328809644,951927514964,806237780230,696106321658,500730919174,250872618914,130661857792,130447937924,106894566076,80229096132,121699471548,178969811604,247679526252,330239368364,247679526280,328899177320,516841565080,656343059720,820638723280,1150879813556,1138326313036,1219667926964,914750945230,754991626514,401719736686,200864100794,153724816966,110178630842,96135611206,48071354738,37586253262,19029024338,9515509150,10728373730,8648612374,4503610346,2251805176,2218690664,2019846556,2363905124,2516416924,2822447684,2833698364,2835423556,3018355900,4627961996,4793246752,5991558944,7856377312,9827394080,16882751200,30220140272,38327993200,74112389520,187470868080,394593127440,862560933360,2193369236496,4117823071344,7409571177312,13661396858988,21789269737812,33289162099526,16646505875818,14520387041174,10371705029434,7408714647302,4292472445738,2267721292250,2114394086950,1818378914870,1922286281578,1258935675734,801140884594,404892788366,275667459442,137861310314,131722241686,111639742130,118729538638,65505952442,46789966054,28793825306,14869486438,7874298938,5014758886,2508105098,1478982526,1056416114,659643406,401553794,204477214,105105434,75732454,54094634,39908566,19954286,12767122,6399134,4704994,3875102,3372130,2697722,1360678,888026,487078,243542,210058,107894,56386,36980,42526,27098,15994,10214,5110,5546,3094,2954,2134,1394,874,566,286,218,112,136,134,70,74,40,50,43,1,0"
2431,terminating,"2431,593,1,0"
2432,terminating,"2432,2668,2372,1786,1094,550,566,286,218,112,136,134,70,74,40,50,43,1,0"
2433,terminating,"2433,815,169,14,10,8,7,1,0"
2434,terminating,"2434,1220,1384,1226,616,824,736,776,694,350,394,200,265,59,1,0"
2435,terminating,"2435,493,47,1,0"
2436,terminating,"2436,4284,8820,22302,35298,44730,90054,105102,122658,122670,214290,343098,523872,1068264,1910556,2991796,2551952,2773228,2103252,2898444,3864620,4365364,3799436,2949292,2299868,1724908,1425092,1136488,994442,503194,284486,146698,78842,41158,25370,22150,19142,11314,5660,6268,4708,4364,3280,4532,4204,3160,4040,5140,5696,5734,3194,1600,2337,1023,513,287,49,8,7,1,0"
2437,terminating,"2437,1,0"
2438,terminating,"2438,1450,1340,1516,1144,1376,1396,1054,674,340,416,466,236,184,176,196,203,37,1,0"
2439,terminating,"2439,1097,1,0"
2440,terminating,"2440,3140,3496,3704,3256,3584,4600,6560,9316,8072,7078,3542,3370,2714,1606,1058,601,1,0"
2441,terminating,"2441,1,0"
3000,terminating,"3000,6360,13080,26520,64200,136680,303960,668040,1448760,2897880,6778920,14760600,31761720,75003840,189623520,475142400,1262108388,1723154620,2250655556,1742856988,1307142748,981329732,781783228,602034452,452009644,339361524,535304268,852521892,1136695884,1577276916,2103035916,2946439284,3929652204,5827787796,7776685324,5832514000,8270509688,9780127192,10224678608,9793816912,12503327408,16831795024,19014020506,12221530694,6110765350,5783821562,2905321894,1452890954,744018046,372009026,201086074,143851526,122320954,92574746,58911238,34006922,22117558,13087562,6543784,6669836,6131764,5230160,8268976,7752196,6404156,5822044,4468124,3351100,4648388,4195132,3146356,2359774,1194434,645754,322880,446740,625772,625828,702044,702100,1172780,1642228,1684172,1684228,2013704,2787976,2457224,3288376,4301864,4916536,4844504,5536696,6457784,5680216,4970204,3746140,4205972,3204928,3154978,1577492,1640044,1640100,4359516,7266084,12110364,24392676,46570524,99366372,195054748,195054804,422103276,797306916,1342422620,2235075220,3224896640,5607585280,9550475792,12501867976,12760963184,11965178200,15862181360,21663592432,20325713384,17824425016,16461769784,16036899016,14032286654,7711071682,4472805758,2343120898,1261972022,647738194,323869100,404185864,353662646,176831326,126308114,68001166,37291058,29372266,26984888,36791272,42336728,48840232,56049368,49043212,36782416,40962608,40438804,40962796,40962852,79646364,156839340,346805844,681018156,1483273428,2776386732,4677034068,9318279852,18521525988,36357071772,60595119844,68250359324,70728331156,79049312300,126976667860,178494788780,288837025876,308756822444,341257541716,411685960364,414595417684,415679481644,415679481700,615205634652,1257496160004,2478974179836,4788190286852,4861847826556,4895034517604,5972872008796,7058848738340,9955885684444,10598770346276,11520402551644,13319262935636,14043705196864,17805411947040,40657250727264,66068032432056,99102848550744,148654272826176,298467742920384,491242519484736,808577733701664,1549773989597376,3137854204931904,5938864114056416,5753971111146184,5680675321307216,5353926965755684,4016029726304476,3012022294728364,2259016721046280,3459552466294520,4534818773389480,5669425540271960,7957633840080040,10725528329270360,13406910411588040,17591723856678680,22006278667630360,28186124046903080,36272307175118560,71186377015632032,103543821113652640,176024495893212512,259202877730739488,383652561944631392,496503074914110712,601349017996529288,620269712133230872,554725747706782688,538701707142877312,581154095025798848,622213895217842032,755545444193094144,1363212750460319136,3286505158087392864,7759817303994965664,18446744073709551615,12975236915480337153,4795611492407455743,1611886117489773057,731499588401765823,361234489444355745,268405918824104415,196944792516298785,169658910938402655,168779278729818273,82427089612238943,53283595548004257,20054455049299551,6685052046318369,3134557278711135,2300444557735905,2425406978173599,1578441311884641,526147103961551,4625535833569,755298850931,2440141,221843,1525,397,1,0"
3001,terminating,"3001,1,0"
3002,terminating,"3002,1798,1082,544,590,490,536,484,447,153,81,40,50,43,1,0"
3003,terminating,"3003,2373,1275,957,483,285,195,141,51,21,11,1,0"
2814,terminating,"2814,3714,3726,4986,5856,9768,17592,26448,47952,94586,47296,46684,42524,31900,46220,50884,38170,36998,22810,18266,9136,8596,8652,14644,14700,34776,80424,137586,149838,194898,230478,236082,371310,519906,535038,688002,884670,1298658,1325598,1325610,2762838,3684330,7008534,9646650,20210814,26948298,34511478,34511490,62694450,144750606,255162306,342150270,696170370,1249384830,1750467234,1750950654,1767059586,2062619514,2406389472,4821678144,9729473856,16013092896,29625927804,52112106756,88867512444,132169953156,212809257084,283893510484,258684665516,194044546804,145539838896,231825484368,416963892426,429538683702,450006271818,498711745782,645391671714,752956950372,1300776053916,1734368071916,1300786525972,986529219820,1152320207636,1027433371444,771941461196,594730889764,593612406236,459840596884,353581580684,265284900724,224453346316,168393495204,295964325996,394619101356,541369929012,836662617900,1876240047300,3615679614012,4820965110804,6508880956876,5376901660196,5630868636124,4223151477100,4942748313948,6590392339380,11984912187084,18311522839956,29163653272044,47079691612740,95728706279784,170405777160216,339359310806184,655955814004056,1186415291370744,2043144476440776,3608106203085624,6163848096938136,13098242895497064,23734515916326456,43372170345735144,78393390086384856,170474514949762344,305014219019504856,543557024002690344,966323598227005656,1902155466499906344,2853233199749859576,4828548491884378584,8327077638698841336,14355820912199800824,18446744073709551615,12975236915480337153,4795611492407455743,1611886117489773057,731499588401765823,361234489444355745,268405918824104415,196944792516298785,169658910938402655,168779278729818273,82427089612238943,53283595548004257,20054455049299551,6685052046318369,3134557278711135,2300444557735905,2425406978173599,1578441311884641,526147103961551,4625535833569,755298850931,2440141,221843,1525,397,1,0"
2815,terminating,"2815,569,1,0"
2816,terminating,"2816,3316,2494,1466,736,776,694,350,394,200,265,59,1,0"
2817,terminating,"2817,1265,463,1,0"
2818,terminating,"2818,1412,1066,698,352,404,310,266,214,110,106,56,64,63,41,1,0"
2819,terminating,"2819,1,0"
2820,terminating,"2820,5244,8196,10956,17268,23052,34404,48924,79820,101284,75970,63998,40762,21338,11494,8234,4726,2834,1786,1094,550,566,286,218,112,136,134,70,74,40,50,43,1,0"
2821,terminating,"2821,763,117,65,19,1,0"
2822,terminating,"2822,1714,860,988,972,1576,1394,874,566,286,218,112,136,134,70,74,40,50,43,1,0"
2823,terminating,"2823,945,975,761,1,0"
2824,terminating,"2824,2486,1618,812,868,924,1764,3423,1825,469,75,49,8,7,1,0"
2825,terminating,"2825,709,1,0"
2880,terminating,"2880,7026,7038,9810,15930,27270,46170,84870,151002,176208,279120,586896,929376,2097648,4614720,12941760,34680192,57440088,101753232,198662064,344755536,546556464,1022264256,2017347648,3795188352,6285781728,11589410880,29598091200,78298070960,119662981936,118491909104,111086164816,123709593008,117778232032,127737421904,119753833066,90312692438,52286295682,26171196794,13087103014,6544291706,3892220038,2899306934,1482852034,801541754,493256506,247729658,176053702,112034210,89627386,49476614,31654282,20143670,16176298,8088152,7447648,8343680,11604460,16246580,22745548,22745604,39766524,66277764,145257084,287331716,296755900,456390340,638946812,645379588,668429258,481189366,398270474,301132342,233228978,117471082,58735544,76048456,87512504,82052176,76923946,57911894,34065874,17032940,18736276,18519404,14025724,11980676,9431932,7927844,6076300,7109488,6665176,7956044,5990980,6770300,8124580,9011420,11633428,8833004,6677260,8563700,10666840,13333640,16667140,26878460,38784172,38784228,64640604,114622116,195358044,348252324,580420764,1293765732,2606299164,4923010260,12266816940,30893146452,58437986348,66910684372,67887490412,70327178908,70334785892,70683285148,73754696036,75105171484,78301138916,121259927068,121755325412,122774211868,147126129108,245297256876,489585080404,489585080460,1183750399860,2666349344652,4571815944612,7624157972060,11469385479076,11469592099420,18976094550308,20376038278876,20376038278932,38494266748140,84687386847252,141262487349228,268132950124340,409255555459660,671812398859700,1011100540318540,1485744049851572,1538822909507632,1959579638398928,2713272181360048,3855269835187280,5108232531623332,3888119897469788,2917256167668772,2497747914951668,1873446932793904,2149996395352016,2015621620642546,1501434075526634,767964888597526,383982444298766,235383006495922,119483759643194,60486466543942,31103490438842,17791766707270,14233413365834,8759023609786,4463355453734,2235240815626,2150720400374,2043692914186,1778278250294,1505450905546,1115645849654,831042316750,748194929330,598587583270,542371288730,434842130254,311349232274,195207483622,97603741814,48801870910,45798679106,24756042874,12378727814,6504077506,3295070654,1897439746,954868478,562468882,281384618,143282230,190889930,240273718,121845602,60922804,47578316,35732044,26799040,37849040,51369208,57332792,59939008,67619792,63949168,61651920,149655984,236955432,440060568,662225832,1140354168,1842346632,3430662648,7243193352,11503187448,17254781232,30748906752,51732674304,89538794496,177841798874,88923221914,48195598694,24098783794,12059846714,6247872646,3123936326,2355926458,1177963232,1142752144,1071330166,535665086,340877818,189178406,96397114,61858886,37737418,18897782,9478618,4774502,2686138,2273222,1643098,831110,938362,487238,248242,124124,176932,185948,200452,200508,412356,687484,721924,890876,890932,931532,1165108,1165164,2522772,5218668,11903892,25427052,53825940,132775020,331001748,760541292,1492916628,2490326636,2492988820,3524827628,3530360596,3702575660,5183606260,7370428940,10560940852,12481112588,12481112644,17623960508,20935668292,25605989948,30285997252,30573080188,34370987924,39658833004,41211587732,41211587788,42695114924,53420518564,53420518620,131770616964,220630419324,433833337476,968456265084,2100700764036,4076359821114,5241034055814,5337199819626,5337199819638,6979141213722,8147569309254,9516864662658,11103131607930,19721291643270,42357371012730,71543356060590,121564608079410,206732590044966,258936054156522,302135189842458,487524897248742,571581342231066,666844899269616,1279728304928784,2513206992836016,4880141275173072,7726890352357488,13769727091931408,14973900865721200,27505094545817360,36445367869087816,31889696885451854,15948418727906146,8799127574017274,5780231679986326,2898674919482858,1482596328952342,806143636415978,575816883154294,287908441577150,248301335229250,216812581415582,110503352862562,70973108494430,56778486795562,41059244737238,37356288988522,26728513811798,14761479258202,9917154796838,5036957229082,2520587315174,1260309373186,651395856074,334344776026,181254214670,145105289410,116095329590,95399615434,47731154774,23865577390,19258918514,12330904366,7846939178,4887146074,2531895206,1265947606,1156609322,736024150,695142062,361854994,181589486,116174938,74998022,48284410,38851502,19470874,9735440,18762736,17590096,18277648,17135326,10638098,6092398,3749210,3182446,1601594,807994,584486,431578,334502,238954,122234,87334,53786,26896,26517,8843,277,1,0"
2881,terminating,"2881,111,41,1,0"
2882,terminating,"2882,1870,2018,1012,1004,760,1040,1564,1460,1648,1576,1394,874,566,286,218,112,136,134,70,74,40,50,43,1,0"
2883,terminating,"2883,1089,640,890,730,602,454,230,202,104,106,56,64,63,41,1,0"
2580,terminating,"2580,4812,6444,9936,19824,39696,62976,108888,185112,329688,614112,998184,1881816,2880984,4321536,7893408,12827040,27579648,45824480,70768864,72325304,67961296,73842996,100236364,75177280,110034440,137543140,193250204,194104036,194104092,383264868,657027084,1231264356,2132095644,4163013540,10526508216,22055542584,33112896456,54026305944,91513303656,137449188984,206173783536,421238107152,787871275728,1247462853360,2657960531760,5865843954480,12320307771600,28342211535600,62447339420616,93671009130984,148200278126616,257685315074784,514288029904416,998649816713964,1661364580566276,2607041140548168,3958135454271192,5937228493188888,12025007400781032,22335973644322968,43540228468864872,74381223634311018,74381223634311030,104133713088035514,120946821425754630,178689174880633338,181417253886446118,186752803659491802,188110973677434918,222312968891514138,296065454648297190,416032975100178426,416032975100178438,459825919847565882,530571661387890246,622633795773420762,726406095068990928,1359513246090220272,2542793293613191008,5228895446969472672,9257502925577663328,18446744073709551615,12975236915480337153,4795611492407455743,1611886117489773057,731499588401765823,361234489444355745,268405918824104415,196944792516298785,169658910938402655,168779278729818273,82427089612238943,53283595548004257,20054455049299551,6685052046318369,3134557278711135,2300444557735905,2425406978173599,1578441311884641,526147103961551,4625535833569,755298850931,2440141,221843,1525,397,1,0"
2581,aspiring,"2581,119,25,6"
2582,aspiring,"2582,1294,650,652,496"
2583,terminating,"2583,1785,1671,561,303,105,87,33,15,9,4,3,1,0"
2584,terminating,"2584,2816,3316,2494,1466,736,776,694,350,394,200,265,59,1,0"
2585,terminating,"2585,871,81,40,50,43,1,0"
2586,terminating,"2586,2598,2610,4410,8928,17280,43920,105996,169580,194980,214520,286600,380210,311206,222314,122746,75578,48838,24422,12214,6794,3766,2714,1606,1058,601,1,0"
2587,terminating,"2587,213,75,49,8,7,1,0"
2588,terminating,"2588,1948,1468,1108,838,422,214,110,106,56,64,63,41,1,0"
2589,terminating,"2589,867,361,20,22,14,10,8,7,1,0"
2590,terminating,"2590,2882,1870,2018,1012,1004,760,1040,1564,1460,1648,1576,1394,874,566,286,218,112,136,134,70,74,40,50,43,1,0"
2591,terminating,"2591,1,0"
2592,terminating,"2592,5031,2977,243,121,12,16,15,9,4,3,1,0"
2593,terminating,"2593,1,0"
2594,terminating,"2594,1300,1738,1142,574,434,334,170,154,134,70,74,40,50,43,1,0"
2595,terminating,"2595,1581,723,245,97,1,0"
2596,terminating,"2596,2444,2260,2528,2512,2386,1196,1156,993,335,73,1,0"
2597,terminating,"2597,481,51,21,11,1,0"
2598,terminating,"2598,2610,4410,8928,17280,43920,105996,169580,194980,214520,286600,380210,311206,222314,122746,75578,48838,24422,12214,6794,3766,2714,1606,1058,601,1,0"
2599,terminating,"2599,137,1,0"
2600,terminating,"2600,3910,3866,1936,2187,1093,1,0"
2601,terminating,"2601,1390,1130,922,464,466,236,184,176,196,203,37,1,0"
2602,terminating,"2602,1304,1156,993,335,73,1,0"
2603,terminating,"2603,157,1,0"
2604,terminating,"2604,4564,4620,11508,19404,42840,125640,283860,633420,1562004,2535180,5206260,9371436,12495276,20190804,26921100,55087540,60803732,56587948,45117684,69280236,116780184,208518216,312777384,469166136,772745304,1187955816,1781933784,2716157736,4851795384,8337024936,14614443864,27722614536,48023931924,82013245164,134692975476,205780934846,107492498242,53746249124,42348933724,35852825156,27118586620,29830445324,24116652916,18087489694,10639699874,5379726934,2706299954,1471210894,735605450,632620780,816656420,898322104,809756216,781610824,685415096,602212744,711287846,355643926,246590714,123608986,61804496,72770224,68943920,91350880,128146160,170324320,242956688,264953512,248965388,248965444,290225852,310243108,343261436,345226084,363478556,363478612,383892908,438979156,520540076,520540132,539131250,616169806,498886994,249443500,314159540,346712980,406492340,486797260,537866996,403400254,201700130,166294750,145009490,131361862,68478170,54782554,27444794,17643046,8821526,6384874,3696566,1888594,944300,1555540,2282924,2282980,3442460,4965604,5062876,6042092,6693988,8128904,9877396,8355308,7779412,5834566,2942234,1471120,2600048,3337072,3287504,3661456,3432646,2557142,1826554,1027814,519394,259700,408226,345758,246994,164846,111634,55820,61444,46090,44630,35722,19034,10534,6026,3478,1994,1000,1340,1516,1144,1376,1396,1054,674,340,416,466,236,184,176,196,203,37,1,0"
2605,terminating,"2605,527,49,8,7,1,0"
2606,terminating,"2606,1306,656,646,434,334,170,154,134,70,74,40,50,43,1,0"
2607,terminating,"2607,1233,561,303,105,87,33,15,9,4,3,1,0"
2608,terminating,"2608,2476,1864,1646,826,614,310,266,214,110,106,56,64,63,41,1,0"
2609,terminating,"2609,1,0"
2610,terminating,"2610,4410,8928,17280,43920,105996,169580,194980,214520,286600,380210,311206,222314,122746,75578,48838,24422,12214,6794,3766,2714,1606,1058,601,1,0"
2884,terminating,"2884,2940,6636,11284,13804,16436,16492,19348,19404,42840,125640,283860,633420,1562004,2535180,5206260,9371436,12495276,20190804,26921100,55087540,60803732,56587948,45117684,69280236,116780184,208518216,312777384,469166136,772745304,1187955816,1781933784,2716157736,4851795384,8337024936,14614443864,27722614536,48023931924,82013245164,134692975476,205780934846,107492498242,53746249124,42348933724,35852825156,27118586620,29830445324,24116652916,18087489694,10639699874,5379726934,2706299954,1471210894,735605450,632620780,816656420,898322104,809756216,781610824,685415096,602212744,711287846,355643926,246590714,123608986,61804496,72770224,68943920,91350880,128146160,170324320,242956688,264953512,248965388,248965444,290225852,310243108,343261436,345226084,363478556,363478612,383892908,438979156,520540076,520540132,539131250,616169806,498886994,249443500,314159540,346712980,406492340,486797260,537866996,403400254,201700130,166294750,145009490,131361862,68478170,54782554,27444794,17643046,8821526,6384874,3696566,1888594,944300,1555540,2282924,2282980,3442460,4965604,5062876,6042092,6693988,8128904,9877396,8355308,7779412,5834566,2942234,1471120,2600048,3337072,3287504,3661456,3432646,2557142,1826554,1027814,519394,259700,408226,345758,246994,164846,111634,55820,61444,46090,44630,35722,19034,10534,6026,3478,1994,1000,1340,1516,1144,1376,1396,1054,674,340,416,466,236,184,176,196,203,37,1,0"
2885,terminating,"2885,583,65,19,1,0"
2640,terminating,"2640,6288,10080,29232,67488,124032,243168,437232,692408,638152,558398,304810,332822,237754,158822,79414,41906,23758,16994,9466,4736,4954,2480,3472,4464,8432,9424,10416,21328,22320,55056,95728,96720,236592,459792,881392,882384,1474608,2461648,3172912,3173904,6428656,7431568,7432560,19934736,33228528,56575248,95843568,166139664,276903408,472191504,786989808,1767752928,3445018272,6652268928,12490331172,19303239420,39600629604,60506998380,144391923540,321626338092,520092149364,822779038476,1257023531096,1133091634744,1106903166056,968666676184,870573849416,761752118254,403442757266,241768078366,122079618914,86372537566,61698986114,30849493060,35583254972,26771709868,20078782408,17980273592,15738465808,17100448860,35913399972,48888067548,65212362532,49136157404,37966520356,28476974412,46745237268,76106294892,138310853508,220554000252,364000407108,557203199292,858432358044,1311493880436,1777837507980,3640535693940,6552964249260,15003080414292,21032726920620,37859437546068,55675643450604,84251718326676,112546984226028,173936248349652,266179600238764,199783190574140,241842809643220,268244863107380,295069988325268,263372827514732,232987009689268,199098219440972,191145176064628,145112770565516,128496605870068,96708537370100,113180753063884,105030923868932,79422677415244,59572710840900,113543679348220,163552817953796,122664613465354,78873595272446,50305819352962,25152909676484,18932630361916,14199906445916,10649929834444,8339304867476,7969816507756,6714014962244,5035660429756,4636189790276,4362659454844,3276349796820,5910516456108,9489268959060,19821813277740,37786149469140,68031191009388,91325917899204,122009219898396,162718211160948,236943305639052,328847235642228,468106280785932,626743369620468,1021236299971788,1361960336908852,1125097669620524,845206893069940,929727582376976,893322586684096,879703562357352,1590711380536728,2523203666793672,3786787928127288,7235134429405272,12478762903799208,19031234931463992,31911594858738408,55131328011979032,104141042173423848,156213863425117752,242630043192207048,450598771965404472,676959889267598808,1071795108141143592,1726898797709772888,2739219532269253512,4108852492726128888,6953443441245839112,11137363339427553528,18446744073709551615,12975236915480337153,4795611492407455743,1611886117489773057,731499588401765823,361234489444355745,268405918824104415,196944792516298785,169658910938402655,168779278729818273,82427089612238943,53283595548004257,20054455049299551,6685052046318369,3134557278711135,2300444557735905,2425406978173599,1578441311884641,526147103961551,4625535833569,755298850931,2440141,221843,1525,397,1,0"
2641,terminating,"2641,159,57,23,1,0"
2642,terminating,"2642,1324,1000,1340,1516,1144,1376,1396,1054,674,340,416,466,236,184,176,196,203,37,1,0"
2328,terminating,"2328,3552,6024,9096,13704,20616,30984,46536,86904,165816,367704,628356,837836,628384,630356,491884,368920,499400,772840,978650,975652,744248,696712,628628,857836,857892,1472268,2688756,4481484,7861812,13263180,31056564,68937036,114895284,203960652,339934644,701117004,1249822644,2083037964,3854840052,6526189068,11759221236,19756324364,19756324420,27737950268,27752432932,30133761756,50222936484,100157868636,166929781284,328413416156,330146489764,405458444636,405894291460,568376568956,572377346884,572430445244,692479821124,817894924476,1398913190724,2331521984764,2411296390916,2714402747644,2714402747700,7422008758220,10390812261844,10390812261900,28107781639140,61872298992924,103356642882276,203715137475612,410587488188388,784423195587612,1484132490684900,3939472659035676,7183744260598500,17150676297837852,33120176542135396,33216357817288604,33452773175434564,34143329714105276,34366804465445956,34366804465446012,57290443977092228,59801180565830284,62278898937033716,64820894812017484,66157408107116116,68132256110317420,95385158554444724,103679520167876044,103838904518706644,104280432112151596,109244625572337108,187276500981150924,312283200116973876,520472208892277964,947162005047505716,1728907301581674060,4315968018644437428,8312466706445987148,13875018154734078132,18446744073709551615,12975236915480337153,4795611492407455743,1611886117489773057,731499588401765823,361234489444355745,268405918824104415,196944792516298785,169658910938402655,168779278729818273,82427089612238943,53283595548004257,20054455049299551,6685052046318369,3134557278711135,2300444557735905,2425406978173599,1578441311884641,526147103961551,4625535833569,755298850931,2440141,221843,1525,397,1,0"
2329,terminating,"2329,155,37,1,0"
2330,terminating,"2330,1882,944,916,694,350,394,200,265,59,1,0"
2331,terminating,"2331,1621,1,0"
2332,terminating,"2332,2204,1996,1504,1520,2200,3380,4306,2156,2632,3128,3352,2948,2764,2080,3212,3004,2260,2528,2512,2386,1196,1156,993,335,73,1,0"
2333,terminating,"2333,1,0"
2682,terminating,"2682,3168,6660,14088,21192,31848,47832,71808,148512,359520,946848,1895712,4539360,12180336,23781648,44267568,76111632,139130668,104348008,92030552,80526748,62286692,55099864,51042536,47249404,35492780,39042100,45679474,22839740,36962884,38008124,53126668,54930932,54930988,60686612,62153644,62153700,155582364,259304164,266871836,327310564,327768476,327768532,396478124,397718356,398447980,557827508,557827564,583593332,645414448,787922384,739137616,953968304,894345316,774937460,1009670092,763542524,617043844,462782890,370226330,300597094,254298266,127318438,78349850,67380964,67381020,170849700,455276892,785095332,1353047388,2730005796,4680011532,8989919988,15034639116,25057732084,30907073036,33007287796,34078491020,50530186420,70844827340,99182758612,106237222700,165551444212,195690975116,228113158756,254901208604,263632807396,274851227420,507715459300,751418881500,1749303191076,3480682068444,6604825822756,7467599613404,7483271439364,7483271439420,19285028182980,48485555197884,91621492377156,191982873147324,371492151175236,719488350665532,1652151220493508,3368985514491324,6306049809179204,6306049809179260,8828469732851300,13066135204621660,18405797678228324,21945449165668756,26323036089475244,27487354482052276,27492212193118540,38489217056547572,39864013609492492,41491116205801108,49034955515947436,58804502365944916,71372078274996884,93526580908250476,101659327074186644,111202674691272556,112182433939666580,158408361492762220,225535865174877908,232980109946018092,241300936709076188,260041794337473316,282654124279863644,341008402262784676,364526223108495644,368599141802455396,368822249063390108,370877736802670692,377810030948521052,398232194783578372,398239194643966844,408534386130917956,486602641614267836,486602641614267892,486602641614267948,934231026364583892,1557425833260726828,2595709978031227092,4326183296718712044,9780311870838919956,18446744073709551615,12975236915480337153,4795611492407455743,1611886117489773057,731499588401765823,361234489444355745,268405918824104415,196944792516298785,169658910938402655,168779278729818273,82427089612238943,53283595548004257,20054455049299551,6685052046318369,3134557278711135,2300444557735905,2425406978173599,1578441311884641,526147103961551,4625535833569,755298850931,2440141,221843,1525,397,1,0"
2683,terminating,"2683,1,0"
2684,terminating,"2684,2524,1900,2440,3140,3496,3704,3256,3584,4600,6560,9316,8072,7078,3542,3370,2714,1606,1058,601,1,0"
2685,terminating,"2685,1635,1005,627,333,161,31,1,0"
2686,terminating,"2686,1634,1006,506,358,182,154,134,70,74,40,50,43,1,0"
2687,terminating,"2687,1,0"
2688,terminating,"2688,5472,10908,17652,23564,18940,20876,17932,13456,13545,13911,4641,3423,1825,469,75,49,8,7,1,0"
2689,terminating,"2689,1,0"
2690,terminating,"2690,2170,2438,1450,1340,1516,1144,1376,1396,1054,674,340,416,466,236,184,176,196,203,37,1,0"
2691,terminating,"2691,1677,787,1,0"
2692,terminating,"2692,2026,1016,904,806,538,272,286,218,112,136,134,70,74,40,50,43,1,0"
2693,terminating,"2693,1,0"
2694,terminating,"2694,2706,3342,3354,4038,4050,7203,4001,1,0"
2695,terminating,"2695,1409,1,0"
2696,terminating,"2696,2374,1190,1402,704,820,944,916,694,350,394,200,265,59,1,0"
2697,terminating,"2697,1143,521,1,0"
2698,terminating,"2698,1622,814,554,280,440,640,890,730,602,454,230,202,104,106,56,64,63,41,1,0"
2699,terminating,"2699,1,0"
2700,terminating,"2700,5980,8132,6988,5248,5462,2734,1370,1114,560,928,962,634,320,442,314,160,218,112,136,134,70,74,40,50,43,1,0"
2701,terminating,"2701,111,41,1,0"
2702,terminating,"2702,1954,980,1414,1034,694,350,394,200,265,59,1,0"
2703,terminating,"2703,1185,735,633,215,49,8,7,1,0"
2704,terminating,"2704,2969,1,0"
2705,terminating,"2705,547,1,0"
2706,terminating,"2706,3342,3354,4038,4050,7203,4001,1,0"
2982,terminating,"2982,3930,5574,5586,8094,9186,9198,13890,19518,19530,40374,47142,59874,67134,69954,72606,72618,118902,169098,169110,270810,506790,845370,1504710,2508570,4635270,7416666,8652816,15563454,15990738,16771278,18229938,20477262,24173106,24173118,29892738,33039582,33039594,55643286,65547114,68021238,68306442,77509110,139638282,179535030,251349114,280919814,367084026,475050618,777227526,907634874,907634886,907634898,1078870662,1259291658,1259291670,2679120138,2694477462,2931468906,2931468918,3787031178,6432476022,10079013258,12908210742,20444689098,26969626422,33676799418,39289599360,110100212640,309772232352,678503143008,1314214864272,2531130535728,4552519505636,3446350341724,2792933378036,2382207881392,2517923686544,3427914505456,4424204935664,4236942969856,4233069599984,3990704044816,4036781460104,3532183777606,2499328600250,2179414539886,1089795642674,552099114814,363964479170,307863724990,254772575330,309646670494,248084270114,124042135060,152670557672,136494611608,119506868672,123154612984,143097700616,154756380664,135914732936,124550292664,146326684616,167779702264,146807239496,130149391504,144939095456,140409748786,71599673678,44258399842,25015617374,17698797346,8849398676,6787403596,5091164252,4125598828,4106932724,3081496720,4471734128,4997838352,5945151728,6484886032,6954253808,7335117328,11282333936,11282334928,12060456752,12121007440,19009857200,30616490320,48515444912,57336446800,89186746544,119695884112,153894716080,268216552784,271213564336,375457546064,380064549808,435804588368,436056323248,683983989584,907647472816,1180715752272,2469793457328,4343429992272,8949083041968,14915138407248,28772225422512,62875028777808,117799549309104,220586559260496,480104629633200,1410535041683280,3173483279509680,7047930364147536,11932820934781104,23118181521483600,59699191832157872,62786393633972560,88002001743911600,130242962581019920,183462516583293680,257159554570677520,398922858767383280,645530491039874320,1002650844120721136,1184950997597227792,1192574013325678832,1192574013325679824,1533408818291327792,1533899722890036688,1533957151937315632,1534368897254582480,3004285020303177520,5957774056324974800,11822470995144186160,18446744073709551615,12975236915480337153,4795611492407455743,1611886117489773057,731499588401765823,361234489444355745,268405918824104415,196944792516298785,169658910938402655,168779278729818273,82427089612238943,53283595548004257,20054455049299551,6685052046318369,3134557278711135,2300444557735905,2425406978173599,1578441311884641,526147103961551,4625535833569,755298850931,2440141,221843,1525,397,1,0"
2983,terminating,"2983,177,63,41,1,0"
2984,terminating,"2984,2626,1658,832,946,638,442,314,160,218,112,136,134,70,74,40,50,43,1,0"
2985,terminating,"2985,1815,1377,801,369,177,63,41,1,0"
2986,terminating,"2986,1496,1744,1666,1412,1066,698,352,404,310,266,214,110,106,56,64,63,41,1,0"
2987,terminating,"2987,133,27,13,1,0"
2988,terminating,"2988,4656,7496,6574,3866,1936,2187,1093,1,0"
2989,terminating,"2989,545,115,29,1,0"
2990,terminating,"2990,3058,1982,994,734,370,314,160,218,112,136,134,70,74,40,50,43,1,0"
2991,terminating,"2991,1001,343,57,23,1,0"
2992,terminating,"2992,3704,3256,3584,4600,6560,9316,8072,7078,3542,3370,2714,1606,1058,601,1,0"
2993,terminating,"2993,115,29,1,0"
2994,terminating,"2994,3006,3546,4176,7914,7926,7938,12753,7267,785,163,1,0"
2202,terminating,"2202,2214,2826,3336,5064,7656,13944,26376,49464,88536,187944,295896,443904,812340,1652304,2767056,4803888,7914048,13495104,30725280,79741440,196505388,300216656,285162916,237325596,325831908,434442572,325831936,347001764,260735800,434766560,592369816,518323604,399201004,340495100,465552268,349164208,327341476,386858780,660449188,660449244,1275089956,1326589544,1591234456,1869454184,1907347936,2136597368,1927982632,1687830008,1476851272,1549164728,1355519152,1472824128,2428160704,2390220820,3015356084,2946399436,2219933204,1697726164,1273591500,2435111316,4505089644,8249900436,13250766444,17667688620,31801839684,50902645116,68311735764,100424225196,163782878804,157632369196,132743047884,179219034996,253378636524,469364621076,808466882964,1223065284876,1899182242068,2532933314892,4033930835108,3476984189596,2608558569252,3985297814226,4023073151502,4113479290818,4113479290830,8150663431218,12314223635406,19021855888434,24456828403662,24456828403674,33400095866406,41025955455450,87522179850270,160752206062530,257204778352830,582855787227042,886186681902414,1034002020631818,1454075262184182,1742529178082874,1742581706624934,2255275930841178,3011054068857126,3215358222394074,3423082058789670,5706879792828570,9610585471811430,16130542135671450,28318062860404710,40045378598887962,40536410262347238,40536444317790858,40550300562714198,43430502547685802,43430505981393750,69885402054320298,77241760165301622,92294863126228362,93496666024371318,93497001710637642,108230228021541558,110228150683152042,123245911376118102,166581668788799658,174707641076515734,209360680894795866,210327704825031078,210330301289003418,213153526809662982,224177998753304058,247775682832599462,254755279532110170,421642919684306598,421646091330059418,421646091330059430,616136355045125850,1060482535478260134,1060777613821292346,1385297851436906694,1790493068686394682,2133709360930628118,2941727912299551114,3432163722064897626,4086820243432760742,4992964806777394266,5877193519621131174,6890645886501113946,9398026399476218022,11666515530384271818,13610934872556650550,18446744073709551615,12975236915480337153,4795611492407455743,1611886117489773057,731499588401765823,361234489444355745,268405918824104415,196944792516298785,169658910938402655,168779278729818273,82427089612238943,53283595548004257,20054455049299551,6685052046318369,3134557278711135,2300444557735905,2425406978173599,1578441311884641,526147103961551,4625535833569,755298850931,2440141,221843,1525,397,1,0"
2203,terminating,"2203,1,0"
2204,terminating,"2204,1996,1504,1520,2200,3380,4306,2156,2632,3128,3352,2948,2764,2080,3212,3004,2260,2528,2512,2386,1196,1156,993,335,73,1,0"
2205,terminating,"2205,2241,1119,377,43,1,0"
2206,terminating,"2206,1106,814,554,280,440,640,890,730,602,454,230,202,104,106,56,64,63,41,1,0"
2207,terminating,"2207,1,0"
2934,terminating,"2934,3462,3474,4092,6660,14088,21192,31848,47832,71808,148512,359520,946848,1895712,4539360,12180336,23781648,44267568,76111632,139130668,104348008,92030552,80526748,62286692,55099864,51042536,47249404,35492780,39042100,45679474,22839740,36962884,38008124,53126668,54930932,54930988,60686612,62153644,62153700,155582364,259304164,266871836,327310564,327768476,327768532,396478124,397718356,398447980,557827508,557827564,583593332,645414448,787922384,739137616,953968304,894345316,774937460,1009670092,763542524,617043844,462782890,370226330,300597094,254298266,127318438,78349850,67380964,67381020,170849700,455276892,785095332,1353047388,2730005796,4680011532,8989919988,15034639116,25057732084,30907073036,33007287796,34078491020,50530186420,70844827340,99182758612,106237222700,165551444212,195690975116,228113158756,254901208604,263632807396,274851227420,507715459300,751418881500,1749303191076,3480682068444,6604825822756,7467599613404,7483271439364,7483271439420,19285028182980,48485555197884,91621492377156,191982873147324,371492151175236,719488350665532,1652151220493508,3368985514491324,6306049809179204,6306049809179260,8828469732851300,13066135204621660,18405797678228324,21945449165668756,26323036089475244,27487354482052276,27492212193118540,38489217056547572,39864013609492492,41491116205801108,49034955515947436,58804502365944916,71372078274996884,93526580908250476,101659327074186644,111202674691272556,112182433939666580,158408361492762220,225535865174877908,232980109946018092,241300936709076188,260041794337473316,282654124279863644,341008402262784676,364526223108495644,368599141802455396,368822249063390108,370877736802670692,377810030948521052,398232194783578372,398239194643966844,408534386130917956,486602641614267836,486602641614267892,486602641614267948,934231026364583892,1557425833260726828,2595709978031227092,4326183296718712044,9780311870838919956,18446744073709551615,12975236915480337153,4795611492407455743,1611886117489773057,731499588401765823,361234489444355745,268405918824104415,196944792516298785,169658910938402655,168779278729818273,82427089612238943,53283595548004257,20054455049299551,6685052046318369,3134557278711135,2300444557735905,2425406978173599,1578441311884641,526147103961551,4625535833569,755298850931,2440141,221843,1525,397,1,0"
2935,terminating,"2935,593,1,0"
2936,terminating,"2936,2584,2816,3316,2494,1466,736,776,694,350,394,200,265,59,1,0"
2937,terminating,"2937,1383,465,303,105,87,33,15,9,4,3,1,0"
2938,terminating,"2938,1850,1684,1270,1034,694,350,394,200,265,59,1,0"
2939,terminating,"2939,1,0"
2940,terminating,"2940,6636,11284,13804,16436,16492,19348,19404,42840,125640,283860,633420,1562004,2535180,5206260,9371436,12495276,20190804,26921100,55087540,60803732,56587948,45117684,69280236,116780184,208518216,312777384,469166136,772745304,1187955816,1781933784,2716157736,4851795384,8337024936,14614443864,27722614536,48023931924,82013245164,134692975476,205780934846,107492498242,53746249124,42348933724,35852825156,27118586620,29830445324,24116652916,18087489694,10639699874,5379726934,2706299954,1471210894,735605450,632620780,816656420,898322104,809756216,781610824,685415096,602212744,711287846,355643926,246590714,123608986,61804496,72770224,68943920,91350880,128146160,170324320,242956688,264953512,248965388,248965444,290225852,310243108,343261436,345226084,363478556,363478612,383892908,438979156,520540076,520540132,539131250,616169806,498886994,249443500,314159540,346712980,406492340,486797260,537866996,403400254,201700130,166294750,145009490,131361862,68478170,54782554,27444794,17643046,8821526,6384874,3696566,1888594,944300,1555540,2282924,2282980,3442460,4965604,5062876,6042092,6693988,8128904,9877396,8355308,7779412,5834566,2942234,1471120,2600048,3337072,3287504,3661456,3432646,2557142,1826554,1027814,519394,259700,408226,345758,246994,164846,111634,55820,61444,46090,44630,35722,19034,10534,6026,3478,1994,1000,1340,1516,1144,1376,1396,1054,674,340,416,466,236,184,176,196,203,37,1,0"
2941,terminating,"2941,191,1,0"
2942,terminating,"2942,1474,974,490,536,484,447,153,81,40,50,43,1,0"
2943,terminating,"2943,1457,79,1,0"
2944,terminating,"2944,3176,2794,1814,910,1106,814,554,280,440,640,890,730,602,454,230,202,104,106,56,64,63,41,1,0"
2945,terminating,"2945,895,185,43,1,0"
2142,terminating,"2142,3474,4092,6660,14088,21192,31848,47832,71808,148512,359520,946848,1895712,4539360,12180336,23781648,44267568,76111632,139130668,104348008,92030552,80526748,62286692,55099864,51042536,47249404,35492780,39042100,45679474,22839740,36962884,38008124,53126668,54930932,54930988,60686612,62153644,62153700,155582364,259304164,266871836,327310564,327768476,327768532,396478124,397718356,398447980,557827508,557827564,583593332,645414448,787922384,739137616,953968304,894345316,774937460,1009670092,763542524,617043844,462782890,370226330,300597094,254298266,127318438,78349850,67380964,67381020,170849700,455276892,785095332,1353047388,2730005796,4680011532,8989919988,15034639116,25057732084,30907073036,33007287796,34078491020,50530186420,70844827340,99182758612,106237222700,165551444212,195690975116,228113158756,254901208604,263632807396,274851227420,507715459300,751418881500,1749303191076,3480682068444,6604825822756,7467599613404,7483271439364,7483271439420,19285028182980,48485555197884,91621492377156,191982873147324,371492151175236,719488350665532,1652151220493508,3368985514491324,6306049809179204,6306049809179260,8828469732851300,13066135204621660,18405797678228324,21945449165668756,26323036089475244,27487354482052276,27492212193118540,38489217056547572,39864013609492492,41491116205801108,49034955515947436,58804502365944916,71372078274996884,93526580908250476,101659327074186644,111202674691272556,112182433939666580,158408361492762220,225535865174877908,232980109946018092,241300936709076188,260041794337473316,282654124279863644,341008402262784676,364526223108495644,368599141802455396,368822249063390108,370877736802670692,377810030948521052,398232194783578372,398239194643966844,408534386130917956,486602641614267836,486602641614267892,486602641614267948,934231026364583892,1557425833260726828,2595709978031227092,4326183296718712044,9780311870838919956,18446744073709551615,12975236915480337153,4795611492407455743,1611886117489773057,731499588401765823,361234489444355745,268405918824104415,196944792516298785,169658910938402655,168779278729818273,82427089612238943,53283595548004257,20054455049299551,6685052046318369,3134557278711135,2300444557735905,2425406978173599,1578441311884641,526147103961551,4625535833569,755298850931,2440141,221843,1525,397,1,0"
2143,terminating,"2143,1,0"
2144,terminating,"2144,2140,2396,1804,1724,1300,1738,1142,574,434,334,170,154,134,70,74,40,50,43,1,0"
2145,terminating,"2145,1887,849,287,49,8,7,1,0"
2146,terminating,"2146,1274,1120,1904,2560,3578,1792,2296,2744,3256,3584,4600,6560,9316,8072,7078,3542,3370,2714,1606,1058,601,1,0"
2147,terminating,"2147,133,27,13,1,0"
2148,terminating,"2148,2892,3884,2920,3740,5332,4524,7236,11804,10540,13652,10246,5594,2800,4888,5192,5608,4922,2854,1430,1594,800,1153,1,0"
2149,terminating,"2149,315,309,107,1,0"
2150,terminating,"2150,1942,974,490,536,484,447,153,81,40,50,43,1,0"
2151,terminating,"2151,969,471,161,31,1,0"
2152,non-terminating,"2152,1898,1210,1184,1210"
2153,terminating,"2153,1,0"
2538,terminating,"2538,3222,3798,4470,6330,8934,8946,13518,15810,25662,38850,74238,74250,150390,251370,569430,1085850,2009190,2812938,2832342,2832354,4540446,5842914,8727582,8727594,8727606,10182246,10182258,12211230,17596770,25077918,26163042,26273118,26371122,26508750,39751290,66252870,113459130,192466854,240737346,315959454,392024130,555711294,590535906,590868798,688265058,794152158,888434082,1173646224,2110933542,2112219978,2782087734,2799644154,2799644166,4158972954,4910516046,5731194618,7352662662,8742344994,10207564686,14314959522,17496061758,26998439202,41661696030,58844461314,60632626686,60728960514,60761911326,67910371698,78585707598,80206032642,82008416478,82017972258,90651443262,90799702338,100357565982,109084311138,128945751774,187523762466,187523762478,218592790410,306044225142,306060491130,430733912070,858111462906,864965157894,1102769371386,1286589731238,1899251508330,3508678095318,4922746315650,9464992810110,15376700340450,25935367908768,42396191889888,68894273282208,128393872938048,211404811628832,358531133244960,857716788014880,1844091094233504,3012213105771936,5661326691559200,14251057458288864,25310682824019744,41129859589032336,66467241445576944,133273601469964920,268576750170508200,600574312019991000,1273217541482390280,3185018922746494200,7022794428462291720,14725241823144528120,18446744073709551615,12975236915480337153,4795611492407455743,1611886117489773057,731499588401765823,361234489444355745,268405918824104415,196944792516298785,169658910938402655,168779278729818273,82427089612238943,53283595548004257,20054455049299551,6685052046318369,3134557278711135,2300444557735905,2425406978173599,1578441311884641,526147103961551,4625535833569,755298850931,2440141,221843,1525,397,1,0"
2539,terminating,"2539,1,0"
2540,terminating,"2540,2836,2134,1394,874,566,286,218,112,136,134,70,74,40,50,43,1,0"
2541,aspiring,"2541,1715,685,143,25,6"
2542,non-terminating,"2542,1490,1210,1184,1210"
2543,terminating,"2543,1,0"
2910,terminating,"2910,4146,4158,7362,8628,11532,16272,29670,46362,46374,48666,48678,70362,86118,92058,95622,95634,180846,246834,381006,460458,562902,612138,612150,1316298,1350582,1509690,3086790,5380410,9377862,10943418,10943430,17188410,24257670,33960810,58388118,58565418,60170838,88970154,134757462,189472938,191888502,224449770,331833750,506247978,506508342,562778058,565133622,565133634,796862898,1062484410,1698730854,1819934946,2224365054,2224365066,3830671350,7551551034,8827348698,13041916902,19252353834,32643218646,39960429354,49580533080,128400918120,304645135320,711022807080,1659053220120,4078018845000,10533873852600,30016180777800,77847244092600,163672430657400,480817022949000,1199905593109200,3393419069805840,8404630008510960,23853140405126640,63141458686321680,186225026017186800,552563341771003920,1568438182455267312,3614099400835940880,8524457181249131376,15332500480534755264,18446744073709551615,12975236915480337153,4795611492407455743,1611886117489773057,731499588401765823,361234489444355745,268405918824104415,196944792516298785,169658910938402655,168779278729818273,82427089612238943,53283595548004257,20054455049299551,6685052046318369,3134557278711135,2300444557735905,2425406978173599,1578441311884641,526147103961551,4625535833569,755298850931,2440141,221843,1525,397,1,0"
2911,terminating,"2911,113,1,0"
2418,terminating,"2418,2958,3522,3534,4146,4158,7362,8628,11532,16272,29670,46362,46374,48666,48678,70362,86118,92058,95622,95634,180846,246834,381006,460458,562902,612138,612150,1316298,1350582,1509690,3086790,5380410,9377862,10943418,10943430,17188410,24257670,33960810,58388118,58565418,60170838,88970154,134757462,189472938,191888502,224449770,331833750,506247978,506508342,562778058,565133622,565133634,796862898,1062484410,1698730854,1819934946,2224365054,2224365066,3830671350,7551551034,8827348698,13041916902,19252353834,32643218646,39960429354,49580533080,128400918120,304645135320,711022807080,1659053220120,4078018845000,10533873852600,30016180777800,77847244092600,163672430657400,480817022949000,1199905593109200,3393419069805840,8404630008510960,23853140405126640,63141458686321680,186225026017186800,552563341771003920,1568438182455267312,3614099400835940880,8524457181249131376,15332500480534755264,18446744073709551615,12975236915480337153,4795611492407455743,1611886117489773057,731499588401765823,361234489444355745,268405918824104415,196944792516298785,169658910938402655,168779278729818273,82427089612238943,53283595548004257,20054455049299551,6685052046318369,3134557278711135,2300444557735905,2425406978173599,1578441311884641,526147103961551,4625535833569,755298850931,2440141,221843,1525,397,1,0"
2256,terminating,"2256,3696,8208,16592,18004,18060,41076,78316,78372,148764,310884,518364,1224468,2427180,5341140,13982892,27896148,56214060,123672276,268029216,713319264,1826840736,4371512544,10259809056,24066945504,57047757984,131061734496,333994822560,989941190112,2228183159328,5013412115040,15355717786080,44534663601120,144940087464480,471714103310688,1130798979186912,2688948041357088,6050151708497568,13613157922639968,35513546724070632,74727605255142168,162658586225561832,353930992506879768,642678347124409032,1125102611548462968,1977286128289819992,3415126495450394808,7156435369823219592,14994436012962937848,18446744073709551615,12975236915480337153,4795611492407455743,1611886117489773057,731499588401765823,361234489444355745,268405918824104415,196944792516298785,169658910938402655,168779278729818273,82427089612238943,53283595548004257,20054455049299551,6685052046318369,3134557278711135,2300444557735905,2425406978173599,1578441311884641,526147103961551,4625535833569,755298850931,2440141,221843,1525,397,1,0"
2257,terminating,"2257,99,57,23,1,0"
2258,terminating,"2258,1132,856,764,580,680,940,1076,814,554,280,440,640,890,730,602,454,230,202,104,106,56,64,63,41,1,0"
2772,terminating,"2772,5964,10164,19628,19684,22876,26404,30044,33796,38780,54628,54684,111300,263676,465668,465724,465780,1026060,2325540,5335260,11738916,23117724,45956820,121129260,266485716,558454764,1092873236,1470806764,1471882804,1642613196,2737688884,2740114636,2791337780,4946860492,4946860548,9344070652,9344070708,15573451404,27078171764,27284104204,27410152084,27410152140,76787720100,220578719452,254903331620,361672366300,603062136740,921203207260,1381419996068,1395444575644,1395478688996,1395546402460,2069258468900,3065057872156,3277068463844,3429776547484,3597527970596,4028517592540,5641400009252,5641400009308,5641400009364,9709348326636,16331909651988,31948891146732,54770416120644,100509779504316,208751080955844,388416032284476,749365894850244,1414070378301756,2556878765995204,2556878765995260,6726041614128900,15626498692840700,23762659088671300,35168735451235260,78257359358590020,186897487211247036,340813223900632644,592585414385033916,1326583294186844484,2594892903616159356,4946738730471899844,8244565422068579772,13740942370114299844,13780400058385352252,13780400058385352308,14272557426581383244,14272557426581383300,18446744073709551615,12975236915480337153,4795611492407455743,1611886117489773057,731499588401765823,361234489444355745,268405918824104415,196944792516298785,169658910938402655,168779278729818273,82427089612238943,53283595548004257,20054455049299551,6685052046318369,3134557278711135,2300444557735905,2425406978173599,1578441311884641,526147103961551,4625535833569,755298850931,2440141,221843,1525,397,1,0"
2773,terminating,"2773,107,1,0"
2774,terminating,"2774,1666,1412,1066,698,352,404,310,266,214,110,106,56,64,63,41,1,0"
2775,terminating,"2775,1937,163,1,0"
2776,terminating,"2776,2444,2260,2528,2512,2386,1196,1156,993,335,73,1,0"
2777,terminating,"2777,1,0"
2778,terminating,"2778,2790,4698,6192,11540,12736,12664,11096,11104,10820,11944,10466,5236,6860,9940,14252,14308,15218,10894,6746,3376,3196,2852,2524,1900,2440,3140,3496,3704,3256,3584,4600,6560,9316,8072,7078,3542,3370,2714,1606,1058,601,1,0"
2779,terminating,"2779,405,321,111,41,1,0"
2780,terminating,"2780,3100,3844,3107,253,35,13,1,0"
2781,terminating,"2781,1379,205,47,1,0"
2782,terminating,"2782,1754,880,1352,1393,207,105,87,33,15,9,4,3,1,0"
2783,terminating,"2783,409,1,0"
2754,terminating,"2754,3780,9660,22596,37884,75012,140028,233604,471100,698964,1212204,2020564,2506490,2743174,2049434,1032454,516230,635914,317960,397540,590300,690868,518158,298322,149164,115436,86584,79016,102424,127976,126364,126420,294924,491764,591920,1019584,1037816,1184824,1113776,1063168,1059526,652058,428806,315674,157840,209324,165820,182444,155740,197060,226300,287556,405948,541292,414124,348876,614268,962580,1787244,2628804,3822396,5338644,7118220,14170740,25910028,39584856,59377344,109817136,251316000,739346400,2141406720,5879731680,14870867112,27076609368,49683215592,89475792858,115085277702,139019627898,162189565920,421720037280,1072985101920,2723538034080,6812376829920,17036781887520,42628946721120,107502129758880,269285754273120,745855303992480,2106077271930720,6380814891238560,15952037228111520,39880093070293920,101892930751783728,194056849063723320,436639697413939800,1163049375839021280,3037630002554322720,7594075006385821920,18446744073709551615,12975236915480337153,4795611492407455743,1611886117489773057,731499588401765823,361234489444355745,268405918824104415,196944792516298785,169658910938402655,168779278729818273,82427089612238943,53283595548004257,20054455049299551,6685052046318369,3134557278711135,2300444557735905,2425406978173599,1578441311884641,526147103961551,4625535833569,755298850931,2440141,221843,1525,397,1,0"
2755,terminating,"2755,845,253,35,13,1,0"
2756,terminating,"2756,2536,2234,1120,1904,2560,3578,1792,2296,2744,3256,3584,4600,6560,9316,8072,7078,3542,3370,2714,1606,1058,601,1,0"
2757,terminating,"2757,923,85,23,1,0"
2758,terminating,"2758,1994,1000,1340,1516,1144,1376,1396,1054,674,340,416,466,236,184,176,196,203,37,1,0"
2759,terminating,"2759,121,12,16,15,9,4,3,1,0"
2760,terminating,"2760,5880,14640,31488,54360,123480,344520,951480,2223720,5552280,13498920,33157080,87457320,206507340,516027060,1074949236,1841653908,3090254304,5045128224,8384879136,13625428848,22170196752,40309450128,74733199568,70062374626,35031187316,26275937164,19706952880,26117685584,24498095632,22966964686,13305675122,8230516750,7191569618,3678131422,2844663938,1448510350,1630609538,817545850,861409190,689461738,492472694,401427754,356991446,254993914,208766726,149119114,81775094,41510794,26371958,13185982,7824338,4290862,2251130,2379910,2233706,1116856,1138544,1268296,1109774,554890,586742,361114,304166,152086,105962,52984,49616,60496,63504,150303,50105,15559,1,0"
2761,terminating,"2761,263,1,0"
2762,terminating,"2762,1384,1226,616,824,736,776,694,350,394,200,265,59,1,0"
2763,terminating,"2763,1241,91,21,11,1,0"
2764,terminating,"2764,2080,3212,3004,2260,2528,2512,2386,1196,1156,993,335,73,1,0"
2765,terminating,"2765,1075,289,18,21,11,1,0"
2766,terminating,"2766,2778,2790,4698,6192,11540,12736,12664,11096,11104,10820,11944,10466,5236,6860,9940,14252,14308,15218,10894,6746,3376,3196,2852,2524,1900,2440,3140,3496,3704,3256,3584,4600,6560,9316,8072,7078,3542,3370,2714,1606,1058,601,1,0"
2767,terminating,"2767,1,0"
2768,terminating,"2768,2626,1658,832,946,638,442,314,160,218,112,136,134,70,74,40,50,43,1,0"
2769,terminating,"2769,1263,425,133,27,13,1,0"
2770,terminating,"2770,2234,1120,1904,2560,3578,1792,2296,2744,3256,3584,4600,6560,9316,8072,7078,3542,3370,2714,1606,1058,601,1,0"
2664,terminating,"2664,4746,6198,6210,11070,19170,32670,63090,101178,175878,215082,332118,387510,542586,641382,824730,1210854,1210866,1294734,1769586,2673678,3437682,3469998,4461522,5360430,7504674,7504686,11078658,13002750,22162770,44450478,62780562,87465198,93108498,121787118,149660082,241081038,330595938,406709982,607775490,1206132606,1882590834,1924897326,2303086674,3039336366,3650643282,5030607534,5031797154,5031797166,7555991634,9247601646,10788868626,10792010958,12061659522,14254688670,20602063362,22589728638,22589728650,38308834530,61294135482,77383608294,83142983706,83194647942,110845352058,155358648966,155517932922,183793920870,349980703386,349980703398,431662432602,435105736998,435112332762,463184096550,849799724250,1271300389350,1924204478106,1924227205638,1924227205650,3287269237230,6356533386258,9224464287438,10882825207218,13198319934030,29584805484978,34545023837022,36941877021858,39443102229342,52809203321250,86134605177630,133112652242658,187903913953566,200354269296354,217776379670238,224928318844194,291650016312030,418757187605154,434559345628638,434559345628650,801531675857622,804519868550442,1097272652569302,1341881771475498,1714929793887702,2277225195236250,4424636304868422,4820468557704378,4822088066782278,4826926157228058,5569687755152358,5569692659412618,7043157003317622,8324072717007882,8374656814646262,10767442876713738,12848363563397238,15329843553030858,18273245758974342,21413278443110418,24991761875936238,29157070366795170,43864365278095710,61444735403918754,63763404664444638,75621696681724194,76299918176630238,76299918176630250,148080589341605910,282703927205535210,497169461320890390,828616515634754730,1557741268336762710,2671711292572094250,4873554098818011558,7523510340590664282,9195401527388589798,10980164179083794202,13324873535511583590,18446744073709551615,12975236915480337153,4795611492407455743,1611886117489773057,731499588401765823,361234489444355745,268405918824104415,196944792516298785,169658910938402655,168779278729818273,82427089612238943,53283595548004257,20054455049299551,6685052046318369,3134557278711135,2300444557735905,2425406978173599,1578441311884641,526147103961551,4625535833569,755298850931,2440141,221843,1525,397,1,0"
2665,terminating,"2665,863,1,0"
2666,terminating,"2666,1558,962,634,320,442,314,160,218,112,136,134,70,74,40,50,43,1,0"
2667,terminating,"2667,1429,1,0"
2668,terminating,"2668,2372,1786,1094,550,566,286,218,112,136,134,70,74,40,50,43,1,0"
2669,terminating,"2669,175,73,1,0"
2124,terminating,"2124,3336,5064,7656,13944,26376,49464,88536,187944,295896,443904,812340,1652304,2767056,4803888,7914048,13495104,30725280,79741440,196505388,300216656,285162916,237325596,325831908,434442572,325831936,347001764,260735800,434766560,592369816,518323604,399201004,340495100,465552268,349164208,327341476,386858780,660449188,660449244,1275089956,1326589544,1591234456,1869454184,1907347936,2136597368,1927982632,1687830008,1476851272,1549164728,1355519152,1472824128,2428160704,2390220820,3015356084,2946399436,2219933204,1697726164,1273591500,2435111316,4505089644,8249900436,13250766444,17667688620,31801839684,50902645116,68311735764,100424225196,163782878804,157632369196,132743047884,179219034996,253378636524,469364621076,808466882964,1223065284876,1899182242068,2532933314892,4033930835108,3476984189596,2608558569252,3985297814226,4023073151502,4113479290818,4113479290830,8150663431218,12314223635406,19021855888434,24456828403662,24456828403674,33400095866406,41025955455450,87522179850270,160752206062530,257204778352830,582855787227042,886186681902414,1034002020631818,1454075262184182,1742529178082874,1742581706624934,2255275930841178,3011054068857126,3215358222394074,3423082058789670,5706879792828570,9610585471811430,16130542135671450,28318062860404710,40045378598887962,40536410262347238,40536444317790858,40550300562714198,43430502547685802,43430505981393750,69885402054320298,77241760165301622,92294863126228362,93496666024371318,93497001710637642,108230228021541558,110228150683152042,123245911376118102,166581668788799658,174707641076515734,209360680894795866,210327704825031078,210330301289003418,213153526809662982,224177998753304058,247775682832599462,254755279532110170,421642919684306598,421646091330059418,421646091330059430,616136355045125850,1060482535478260134,1060777613821292346,1385297851436906694,1790493068686394682,2133709360930628118,2941727912299551114,3432163722064897626,4086820243432760742,4992964806777394266,5877193519621131174,6890645886501113946,9398026399476218022,11666515530384271818,13610934872556650550,18446744073709551615,12975236915480337153,4795611492407455743,1611886117489773057,731499588401765823,361234489444355745,268405918824104415,196944792516298785,169658910938402655,168779278729818273,82427089612238943,53283595548004257,20054455049299551,6685052046318369,3134557278711135,2300444557735905,2425406978173599,1578441311884641,526147103961551,4625535833569,755298850931,2440141,221843,1525,397,1,0"
2125,terminating,"2125,683,1,0"
2126,terminating,"2126,1066,698,352,404,310,266,214,110,106,56,64,63,41,1,0"
2127,terminating,"2127,713,55,17,1,0"
2128,terminating,"2128,2832,4608,8691,2901,971,1,0"
2129,terminating,"2129,1,0"
2130,terminating,"2130,3054,3066,4038,4050,7203,4001,1,0"
2886,terminating,"2886,3498,4278,4938,4950,9558,12222,18354,27726,27738,35910,79290,127098,161190,274410,439290,732870,1288890,2062458,2442042,3122118,4653882,5688198,6952362,6979638,6979650,12066750,21808962,32194494,38283186,38283198,38986962,53201838,56823378,56823390,106371810,176090526,210271554,245852478,296880570,588245958,686790090,1460543670,2434240170,3894784506,5058746694,6651000186,7109690214,8402361306,8599759014,13574152986,13576658118,13739254842,13747044390,21186622650,31385039334,37091410266,38631296742,38672438298,45430745958,63168244074,84403867158,118278180522,138005248698,176800005702,233567011098,275957820198,321950790270,538024264578,696319451262,889926176898,1267596268542,1558283984418,2003507980062,2114063980770,3779570159646,3779570159658,4463730768438,5455670939322,5465134389318,6127338859194,7981157160006,7981157160018,12288448326702,12968797428690,19079318457390,26721722382450,40780070898894,47576749382082,61324420395582,82064399351778,102217803728670,210402084460770,350078482302750,600413780879010,1183672882306206,1481213669688162,1810376571403998,2522148556744002,2522175514668798,2553947583142914,3770113098925566,4398579296324418,4486388421918462,4486390295148690,6280946413208238,6486888469835634,8340285175503054,8340285175503066,10416775929078096,20469098878489008,44380569091119696,82852878405887064,141540466229630136,243496346063622984,434024906211180216,776055922658963784,1512954162806681016,2936911021918862184,6386616031791816216,13331930705248823784,18446744073709551615,12975236915480337153,4795611492407455743,1611886117489773057,731499588401765823,361234489444355745,268405918824104415,196944792516298785,169658910938402655,168779278729818273,82427089612238943,53283595548004257,20054455049299551,6685052046318369,3134557278711135,2300444557735905,2425406978173599,1578441311884641,526147103961551,4625535833569,755298850931,2440141,221843,1525,397,1,0"
2887,terminating,"2887,1,0"
2888,terminating,"2888,2827,269,1,0"
2889,terminating,"2889,1431,729,364,420,924,1764,3423,1825,469,75,49,8,7,1,0"
2890,terminating,"2890,2636,1984,2080,3212,3004,2260,2528,2512,2386,1196,1156,993,335,73,1,0"
2891,terminating,"2891,529,24,36,55,17,1,0"
2892,terminating,"2892,3884,2920,3740,5332,4524,7236,11804,10540,13652,10246,5594,2800,4888,5192,5608,4922,2854,1430,1594,800,1153,1,0"
2893,terminating,"2893,275,97,1,0"
2894,terminating,"2894,1450,1340,1516,1144,1376,1396,1054,674,340,416,466,236,184,176,196,203,37,1,0"
2895,terminating,"2895,1761,591,201,71,1,0"
2896,terminating,"2896,2746,1376,1396,1054,674,340,416,466,236,184,176,196,203,37,1,0"
2897,terminating,"2897,1,0"
2298,terminating,"2298,2310,4602,5478,6618,6630,11514,12966,12978,19470,32370,52302,57138,59502,62610,87726,87738,112902,120570,168870,268602,275718,275730,546798,734226,753774,994962,1010958,1180650,1926294,2030874,2049126,2049138,3642702,4881330,8337870,13897170,32228910,63538866,74128716,118762164,183015312,289774368,620449632,1416903840,4054854816,7870368186,9662150214,11340711666,14487489018,18554153382,23036873634,28156179006,32848875546,32882197638,32900423082,32943086358,48147589098,71289230742,87345365274,105090603750,205305368994,279996796926,533690478594,944579422206,1504517742594,1958302517760,5222147904000,14193864391680,37049019761664,69929220811566,69954308863314,74468256717486,75216681410514,97063982013486,107205459228114,130354839100974,145996691368722,146041149298926,187817487657234,187817487657246,219246741383418,332549897371398,534246827612922,623287965548448,1226251323544320,3282324323158080,8839976547461184,16507279185669420,30434186808674004,41743064967090124,37981210363426868,28493737963133836,21393593543096564,16045196219536240,21259884990885704,18602765995936696,21260303995356344,18841755934507336,16486536442693934,8243268766202266,4142563921535078,2981838562395730,2516392686024110,2015380035215890,2330497479761390,2106747513302866,1504855223772590,1313986907590738,689270887351982,430833990857650,370669847051054,225197248317586,132468969598634,66299826292954,34803692587046,17404838238754,8702579446154,6940493065846,3470273107514,1820676285766,1123097254298,561548627152,526487365908,1014058710252,1936827564084,3658452066220,5177758327700,7899711027880,13144910325080,16431137906440,22149503978360,32217460333240,57662530757960,72078163447540,79285979792336,80331256729264,75887578742416,95149859572934,52496474247226,26248237123616,28480861264600,37737141176060,41511525182116,38847713731292,29135785298476,21851838973864,19792034481356,14947274211124,11257500712084,10621912585196,9990669879124,9279057037484,9007096444756,6755343471936,14272318897344,29461549452880,39036553025252,29277414768946,14638742657258,7319399520922,3720318431078,1904099984794,1360071417734,701159766922,364987276154,182496486406,112305530138,56162127994,41760728966,26575009378,13287504692,15703415308,15703415364,29417402812,29417402868,52439723532,99052811844,170478660156,284131100484,712621103292,1400299306308,2645140771644,4408567952964,7347613255164,16299877986756,36159499747644,68602128197316,114336880329084,209135880175236,356414669047164,721006192912516,721359714196604,726845339414404,830680387910156,918123922176244,969078521390924,976297728028084,1162035509885516,1174613209149940,1655894296613900,2450858960459476,2450884317966700,4180019818506644,4285843105055596,4447573033551284,5131909471419724,6127290288836276,6310194476566540,9631349464239860,13975702839615244,16298747616202996,16943157128096780,23720419979335828,23924028734536364,24019666153504084,25193615969970476,26931106726521844,37017732168740876,40394526387739636,45146823609827660,69709131595716340,114881837465485580,162025049863434100,267018592793960588,298432544887368724,298434278815241324,299356795905896596,299356795905896652,650224459778199348,1084520946836015052,2030136710466764340,5106794598442062540,12709521503809152372,18446744073709551615,12975236915480337153,4795611492407455743,1611886117489773057,731499588401765823,361234489444355745,268405918824104415,196944792516298785,169658910938402655,168779278729818273,82427089612238943,53283595548004257,20054455049299551,6685052046318369,3134557278711135,2300444557735905,2425406978173599,1578441311884641,526147103961551,4625535833569,755298850931,2440141,221843,1525,397,1,0"
2299,terminating,"2299,361,20,22,14,10,8,7,1,0"
2300,terminating,"2300,2908,2188,1648,1576,1394,874,566,286,218,112,136,134,70,74,40,50,43,1,0"
2301,terminating,"2301,1059,357,219,77,19,1,0"
2302,terminating,"2302,1154,580,680,940,1076,814,554,280,440,640,890,730,602,454,230,202,104,106,56,64,63,41,1,0"
2303,terminating,"2303,433,1,0"
2304,terminating,"2304,4339,1,0"
2305,terminating,"2305,467,1,0"
2306,terminating,"2306,1156,993,335,73,1,0"
2307,terminating,"2307,773,1,0"
2308,terminating,"2308,1738,1142,574,434,334,170,154,134,70,74,40,50,43,1,0"
2309,terminating,"2309,1,0"
2502,terminating,"2502,2958,3522,3534,4146,4158,7362,8628,11532,16272,29670,46362,46374,48666,48678,70362,86118,92058,95622,95634,180846,246834,381006,460458,562902,612138,612150,1316298,1350582,1509690,3086790,5380410,9377862,10943418,10943430,17188410,24257670,33960810,58388118,58565418,60170838,88970154,134757462,189472938,191888502,224449770,331833750,506247978,506508342,562778058,565133622,565133634,796862898,1062484410,1698730854,1819934946,2224365054,2224365066,3830671350,7551551034,8827348698,13041916902,19252353834,32643218646,39960429354,49580533080,128400918120,304645135320,711022807080,1659053220120,4078018845000,10533873852600,30016180777800,77847244092600,163672430657400,480817022949000,1199905593109200,3393419069805840,8404630008510960,23853140405126640,63141458686321680,186225026017186800,552563341771003920,1568438182455267312,3614099400835940880,8524457181249131376,15332500480534755264,18446744073709551615,12975236915480337153,4795611492407455743,1611886117489773057,731499588401765823,361234489444355745,268405918824104415,196944792516298785,169658910938402655,168779278729818273,82427089612238943,53283595548004257,20054455049299551,6685052046318369,3134557278711135,2300444557735905,2425406978173599,1578441311884641,526147103961551,4625535833569,755298850931,2440141,221843,1525,397,1,0"
2503,terminating,"2503,1,0"
2504,terminating,"2504,2206,1106,814,554,280,440,640,890,730,602,454,230,202,104,106,56,64,63,41,1,0"
2505,terminating,"2505,1527,513,287,49,8,7,1,0"
2506,terminating,"2506,1814,910,1106,814,554,280,440,640,890,730,602,454,230,202,104,106,56,64,63,41,1,0"
2507,terminating,"2507,133,27,13,1,0"
2508,terminating,"2508,4212,7646,3826,1916,1444,1223,1,0"
2509,terminating,"2509,207,105,87,33,15,9,4,3,1,0"
2510,terminating,"2510,2026,1016,904,806,538,272,286,218,112,136,134,70,74,40,50,43,1,0"
2511,terminating,"2511,1361,1,0"
2512,terminating,"2512,2386,1196,1156,993,335,73,1,0"
2513,terminating,"2513,367,1,0"
2850,terminating,"2850,4590,8370,14670,23706,29094,33738,33750,59970,84030,117714,128238,165522,220254,220266,269334,359658,524862,700362,996606,1329354,2096406,3267498,3840918,3840930,6145722,8380998,9777870,15644826,19508838,19508850,34708104,63384696,108282384,267764976,481605464,515623336,458552504,401233456,490834448,587221552,550520236,551165524,664348076,688075192,786371768,1053315592,1203789368,1054075912,923615588,933003484,964729892,1034927068,1034927124,1975772652,3435020820,9656399340,24730109460,63199182060,184551681300,426224143212,712934354580,1568586070380,3543659549556,6127881351564,10216311601524,18802476238476,34291868151156,65468145573516,116819465982324,195521058804876,380540986670964,634239628737036,1063307028312564,1772178380521164,4211260487139636,8374163787701964,17577389548535796,36332279769965004,69323346152537652,137963587637151948,229939330889764916,229940043718254604,256992021195247604,259427917654454668,259427917654454724,432410316069746364,729489020952465732,1261599227316141756,2104424292496658244,3670064056043582652,8455800641673107268,18446744073709551615,12975236915480337153,4795611492407455743,1611886117489773057,731499588401765823,361234489444355745,268405918824104415,196944792516298785,169658910938402655,168779278729818273,82427089612238943,53283595548004257,20054455049299551,6685052046318369,3134557278711135,2300444557735905,2425406978173599,1578441311884641,526147103961551,4625535833569,755298850931,2440141,221843,1525,397,1,0"
2851,terminating,"2851,1,0"
2852,terminating,"2852,2524,1900,2440,3140,3496,3704,3256,3584,4600,6560,9316,8072,7078,3542,3370,2714,1606,1058,601,1,0"
2853,terminating,"2853,1281,703,57,23,1,0"
2854,terminating,"2854,1430,1594,800,1153,1,0"
2855,terminating,"2855,577,1,0"
2856,non-terminating,"2856,5784,8736,19488,40992,84000,230496,475356,792484,1013852,1013908,1058092,1264340,2049964,2123576,2778664,3492536,3077104,2884816,3391568,3775384,3303476,3003244,2288756,1773484,1558964,1440718,720362,360184,376736,381028,285778,152990,122410,97946,48976,45946,22976,22744,19916,17716,14316,19116,31704,47616,83328,177792,295488,629072,589786,294896,358336,418904,366556,274924,275444,243760,376736"
2857,terminating,"2857,1,0"
2858,terminating,"2858,1432,1268,958,482,244,190,170,154,134,70,74,40,50,43,1,0"
2859,terminating,"2859,957,483,285,195,141,51,21,11,1,0"
2860,terminating,"2860,4196,3154,1886,1138,572,604,460,548,418,302,154,134,70,74,40,50,43,1,0"
2861,terminating,"2861,1,0"
2862,terminating,"2862,3618,4542,4554,6678,10170,16506,24678,30282,40854,48426,62358,69162,69174,110874,124134,138954,138966,172074,246102,246114,345204,551692,423548,356812,267616,259316,198064,185716,150704,141316,149884,158564,164626,143534,76906,38456,47944,49076,36814,19346,11434,5720,9400,12920,19480,24440,36040,51440,68344,59816,52354,26180,46396,46452,81228,135604,146636,146692,181244,181300,288722,219310,268562,191854,126674,63340,69716,56704,56516,44284,33220,43388,32548,25692,34284,45740,50356,37774,28322,24175,5833,327,113,1,0"
2863,aspiring,"2863,417,143,25,6"
2334,terminating,"2334,2346,2838,3498,4278,4938,4950,9558,12222,18354,27726,27738,35910,79290,127098,161190,274410,439290,732870,1288890,2062458,2442042,3122118,4653882,5688198,6952362,6979638,6979650,12066750,21808962,32194494,38283186,38283198,38986962,53201838,56823378,56823390,106371810,176090526,210271554,245852478,296880570,588245958,686790090,1460543670,2434240170,3894784506,5058746694,6651000186,7109690214,8402361306,8599759014,13574152986,13576658118,13739254842,13747044390,21186622650,31385039334,37091410266,38631296742,38672438298,45430745958,63168244074,84403867158,118278180522,138005248698,176800005702,233567011098,275957820198,321950790270,538024264578,696319451262,889926176898,1267596268542,1558283984418,2003507980062,2114063980770,3779570159646,3779570159658,4463730768438,5455670939322,5465134389318,6127338859194,7981157160006,7981157160018,12288448326702,12968797428690,19079318457390,26721722382450,40780070898894,47576749382082,61324420395582,82064399351778,102217803728670,210402084460770,350078482302750,600413780879010,1183672882306206,1481213669688162,1810376571403998,2522148556744002,2522175514668798,2553947583142914,3770113098925566,4398579296324418,4486388421918462,4486390295148690,6280946413208238,6486888469835634,8340285175503054,8340285175503066,10416775929078096,20469098878489008,44380569091119696,82852878405887064,141540466229630136,243496346063622984,434024906211180216,776055922658963784,1512954162806681016,2936911021918862184,6386616031791816216,13331930705248823784,18446744073709551615,12975236915480337153,4795611492407455743,1611886117489773057,731499588401765823,361234489444355745,268405918824104415,196944792516298785,169658910938402655,168779278729818273,82427089612238943,53283595548004257,20054455049299551,6685052046318369,3134557278711135,2300444557735905,2425406978173599,1578441311884641,526147103961551,4625535833569,755298850931,2440141,221843,1525,397,1,0"
2335,terminating,"2335,473,55,17,1,0"
2336,terminating,"2336,2326,1166,778,392,463,1,0"
2337,terminating,"2337,1023,513,287,49,8,7,1,0"
2338,terminating,"2338,1694,1498,1094,550,566,286,218,112,136,134,70,74,40,50,43,1,0"
2339,terminating,"2339,1,0"
2480,terminating,"2480,3472,4464,8432,9424,10416,21328,22320,55056,95728,96720,236592,459792,881392,882384,1474608,2461648,3172912,3173904,6428656,7431568,7432560,19934736,33228528,56575248,95843568,166139664,276903408,472191504,786989808,1767752928,3445018272,6652268928,12490331172,19303239420,39600629604,60506998380,144391923540,321626338092,520092149364,822779038476,1257023531096,1133091634744,1106903166056,968666676184,870573849416,761752118254,403442757266,241768078366,122079618914,86372537566,61698986114,30849493060,35583254972,26771709868,20078782408,17980273592,15738465808,17100448860,35913399972,48888067548,65212362532,49136157404,37966520356,28476974412,46745237268,76106294892,138310853508,220554000252,364000407108,557203199292,858432358044,1311493880436,1777837507980,3640535693940,6552964249260,15003080414292,21032726920620,37859437546068,55675643450604,84251718326676,112546984226028,173936248349652,266179600238764,199783190574140,241842809643220,268244863107380,295069988325268,263372827514732,232987009689268,199098219440972,191145176064628,145112770565516,128496605870068,96708537370100,113180753063884,105030923868932,79422677415244,59572710840900,113543679348220,163552817953796,122664613465354,78873595272446,50305819352962,25152909676484,18932630361916,14199906445916,10649929834444,8339304867476,7969816507756,6714014962244,5035660429756,4636189790276,4362659454844,3276349796820,5910516456108,9489268959060,19821813277740,37786149469140,68031191009388,91325917899204,122009219898396,162718211160948,236943305639052,328847235642228,468106280785932,626743369620468,1021236299971788,1361960336908852,1125097669620524,845206893069940,929727582376976,893322586684096,879703562357352,1590711380536728,2523203666793672,3786787928127288,7235134429405272,12478762903799208,19031234931463992,31911594858738408,55131328011979032,104141042173423848,156213863425117752,242630043192207048,450598771965404472,676959889267598808,1071795108141143592,1726898797709772888,2739219532269253512,4108852492726128888,6953443441245839112,11137363339427553528,18446744073709551615,12975236915480337153,4795611492407455743,1611886117489773057,731499588401765823,361234489444355745,268405918824104415,196944792516298785,169658910938402655,168779278729818273,82427089612238943,53283595548004257,20054455049299551,6685052046318369,3134557278711135,2300444557735905,2425406978173599,1578441311884641,526147103961551,4625535833569,755298850931,2440141,221843,1525,397,1,0"
2481,terminating,"2481,831,281,1,0"
2482,terminating,"2482,1514,760,1040,1564,1460,1648,1576,1394,874,566,286,218,112,136,134,70,74,40,50,43,1,0"
2356,terminating,"2356,2124,3336,5064,7656,13944,26376,49464,88536,187944,295896,443904,812340,1652304,2767056,4803888,7914048,13495104,30725280,79741440,196505388,300216656,285162916,237325596,325831908,434442572,325831936,347001764,260735800,434766560,592369816,518323604,399201004,340495100,465552268,349164208,327341476,386858780,660449188,660449244,1275089956,1326589544,1591234456,1869454184,1907347936,2136597368,1927982632,1687830008,1476851272,1549164728,1355519152,1472824128,2428160704,2390220820,3015356084,2946399436,2219933204,1697726164,1273591500,2435111316,4505089644,8249900436,13250766444,17667688620,31801839684,50902645116,68311735764,100424225196,163782878804,157632369196,132743047884,179219034996,253378636524,469364621076,808466882964,1223065284876,1899182242068,2532933314892,4033930835108,3476984189596,2608558569252,3985297814226,4023073151502,4113479290818,4113479290830,8150663431218,12314223635406,19021855888434,24456828403662,24456828403674,33400095866406,41025955455450,87522179850270,160752206062530,257204778352830,582855787227042,886186681902414,1034002020631818,1454075262184182,1742529178082874,1742581706624934,2255275930841178,3011054068857126,3215358222394074,3423082058789670,5706879792828570,9610585471811430,16130542135671450,28318062860404710,40045378598887962,40536410262347238,40536444317790858,40550300562714198,43430502547685802,43430505981393750,69885402054320298,77241760165301622,92294863126228362,93496666024371318,93497001710637642,108230228021541558,110228150683152042,123245911376118102,166581668788799658,174707641076515734,209360680894795866,210327704825031078,210330301289003418,213153526809662982,224177998753304058,247775682832599462,254755279532110170,421642919684306598,421646091330059418,421646091330059430,616136355045125850,1060482535478260134,1060777613821292346,1385297851436906694,1790493068686394682,2133709360930628118,2941727912299551114,3432163722064897626,4086820243432760742,4992964806777394266,5877193519621131174,6890645886501113946,9398026399476218022,11666515530384271818,13610934872556650550,18446744073709551615,12975236915480337153,4795611492407455743,1611886117489773057,731499588401765823,361234489444355745,268405918824104415,196944792516298785,169658910938402655,168779278729818273,82427089612238943,53283595548004257,20054455049299551,6685052046318369,3134557278711135,2300444557735905,2425406978173599,1578441311884641,526147103961551,4625535833569,755298850931,2440141,221843,1525,397,1,0"
2357,terminating,"2357,1,0"
2358,terminating,"2358,2790,4698,6192,11540,12736,12664,11096,11104,10820,11944,10466,5236,6860,9940,14252,14308,15218,10894,6746,3376,3196,2852,2524,1900,2440,3140,3496,3704,3256,3584,4600,6560,9316,8072,7078,3542,3370,2714,1606,1058,601,1,0"
2359,terminating,"2359,345,231,153,81,40,50,43,1,0"
2154,terminating,"2154,2166,2406,2418,2958,3522,3534,4146,4158,7362,8628,11532,16272,29670,46362,46374,48666,48678,70362,86118,92058,95622,95634,180846,246834,381006,460458,562902,612138,612150,1316298,1350582,1509690,3086790,5380410,9377862,10943418,10943430,17188410,24257670,33960810,58388118,58565418,60170838,88970154,134757462,189472938,191888502,224449770,331833750,506247978,506508342,562778058,565133622,565133634,796862898,1062484410,1698730854,1819934946,2224365054,2224365066,3830671350,7551551034,8827348698,13041916902,19252353834,32643218646,39960429354,49580533080,128400918120,304645135320,711022807080,1659053220120,4078018845000,10533873852600,30016180777800,77847244092600,163672430657400,480817022949000,1199905593109200,3393419069805840,8404630008510960,23853140405126640,63141458686321680,186225026017186800,552563341771003920,1568438182455267312,3614099400835940880,8524457181249131376,15332500480534755264,18446744073709551615,12975236915480337153,4795611492407455743,1611886117489773057,731499588401765823,361234489444355745,268405918824104415,196944792516298785,169658910938402655,168779278729818273,82427089612238943,53283595548004257,20054455049299551,6685052046318369,3134557278711135,2300444557735905,2425406978173599,1578441311884641,526147103961551,4625535833569,755298850931,2440141,221843,1525,397,1,0"
2155,terminating,"2155,437,43,1,0"
2156,terminating,"2156,2632,3128,3352,2948,2764,2080,3212,3004,2260,2528,2512,2386,1196,1156,993,335,73,1,0"
2157,terminating,"2157,723,245,97,1,0"
2158,terminating,"2158,1370,1114,560,928,962,634,320,442,314,160,218,112,136,134,70,74,40,50,43,1,0"
2159,terminating,"2159,145,35,13,1,0"
2046,terminating,"2046,2562,3390,4818,5838,7602,9870,17778,17790,24978,27438,30882,30894,34386,40782,52530,82254,82266,82278,121770,241110,450090,750870,1295226,1572678,1919538,2760984,4964136,8773464,16294056,26949144,44734056,72988344,181027656,321827544,605739096,1034804484,2238816636,4252939908,7290755724,12676727924,12676727980,17832287060,24990818860,34987146740,57135989260,79990385300,119649586924,124794509588,124805244844,124935833204,162705788812,164126812948,164378807404,183717491636,190312143532,205203187028,205224335596,205253358100,305960047148,306235687156,306235687212,697570315988,826050278956,826050279012,1420258206108,2424219279972,4420635161628,7367725269604,8114683604636,8390187016036,9444824970140,16861410677860,23605974949340,33553353522724,35197996504412,35198204947108,36957068348508,84849006934692,214951923416412,472309093543588,544197351525212,705658837558948,898102224841052,1078649061108388,1274767072219676,1336957876077796,1337585703447644,1490159075109796,1720187201522524,1721293787223556,2000630746699004,2059038893341444,2059038893341500,4842740976195780,12376098146115900,33452640218013380,53164796729714236,53164796729714292,88607994549524044,91037016491635956,151728360819393484,168238177711473716,198826978159159756,203618076881829428,234949136523951052,262590257088172916,262914642828953164,269152494516040436,278865355777423660,403033039571208788,423985430144663212,423985494155819092,424153375959370988,439301881643084404,446867471841084812,458181326195512948,475691440573119372,897499076008871028,1828831521604471692,3901656477550216308,7512026260230483852,13212188065033142388,18446744073709551615,12975236915480337153,4795611492407455743,1611886117489773057,731499588401765823,361234489444355745,268405918824104415,196944792516298785,169658910938402655,168779278729818273,82427089612238943,53283595548004257,20054455049299551,6685052046318369,3134557278711135,2300444557735905,2425406978173599,1578441311884641,526147103961551,4625535833569,755298850931,2440141,221843,1525,397,1,0"
2047,terminating,"2047,113,1,0"
2048,terminating,"2048,2047,113,1,0"
2049,terminating,"2049,687,233,1,0"
2050,terminating,"2050,1856,1954,980,1414,1034,694,350,394,200,265,59,1,0"
2051,terminating,"2051,301,51,21,11,1,0"
2052,terminating,"2052,3548,2668,2372,1786,1094,550,566,286,218,112,136,134,70,74,40,50,43,1,0"
2053,terminating,"2053,1,0"
2054,terminating,"2054,1306,656,646,434,334,170,154,134,70,74,40,50,43,1,0"
2055,terminating,"2055,1257,423,201,71,1,0"
2056,terminating,"2056,1814,910,1106,814,554,280,440,640,890,730,602,454,230,202,104,106,56,64,63,41,1,0"
2057,terminating,"2057,337,1,0"
2946,terminating,"2946,2958,3522,3534,4146,4158,7362,8628,11532,16272,29670,46362,46374,48666,48678,70362,86118,92058,95622,95634,180846,246834,381006,460458,562902,612138,612150,1316298,1350582,1509690,3086790,5380410,9377862,10943418,10943430,17188410,24257670,33960810,58388118,58565418,60170838,88970154,134757462,189472938,191888502,224449770,331833750,506247978,506508342,562778058,565133622,565133634,796862898,1062484410,1698730854,1819934946,2224365054,2224365066,3830671350,7551551034,8827348698,13041916902,19252353834,32643218646,39960429354,49580533080,128400918120,304645135320,711022807080,1659053220120,4078018845000,10533873852600,30016180777800,77847244092600,163672430657400,480817022949000,1199905593109200,3393419069805840,8404630008510960,23853140405126640,63141458686321680,186225026017186800,552563341771003920,1568438182455267312,3614099400835940880,8524457181249131376,15332500480534755264,18446744073709551615,12975236915480337153,4795611492407455743,1611886117489773057,731499588401765823,361234489444355745,268405918824104415,196944792516298785,169658910938402655,168779278729818273,82427089612238943,53283595548004257,20054455049299551,6685052046318369,3134557278711135,2300444557735905,2425406978173599,1578441311884641,526147103961551,4625535833569,755298850931,2440141,221843,1525,397,1,0"
2947,terminating,"2947,429,243,121,12,16,15,9,4,3,1,0"
2948,terminating,"2948,2764,2080,3212,3004,2260,2528,2512,2386,1196,1156,993,335,73,1,0"
2949,terminating,"2949,987,549,257,1,0"
2950,non-terminating,"2950,2630,2122,1064,1336,1184,1210,1184"
2951,terminating,"2951,241,1,0"
2952,terminating,"2952,5238,6522,6534,9426,9438,12906,15894,18582,20778,20790,48330,81270,172170,275706,370836,566646,566658,661140,1344864,2185656,4138824,6259416,9389184,19680816,31387344,49696752,97793808,196093632,396860224,411948420,933320316,1249163988,1670483820,3070956660,5537899596,7383866156,6298003612,5205485924,3906072280,5688021320,7114324600,9437037920,12857964544,14653555856,13737708646,7117126418,3562182394,1838045486,919022746,492878822,284196778,167746646,83873326,44142674,22124074,16079126,11864458,6904502,4631386,2315696,2170996,1653552,2974500,6423252,9927180,20487204,34287516,55844484,74459340,152108820,321120300,615194772,820259724,1215079764,1620756876,2161009196,1844707204,1553010812,1164758116,876131672,950055208,831638072,745205128,652386872,570838528,668300912,626532136,564309164,424971436,343971284,260631820,287763524,215822650,209222690,167378170,133902554,67005466,50349926,32040898,16020452,16593010,17541326,11162698,5581352,6378808,6883592,6206008,6042992,5665336,5238344,4611256,4813544,4241176,3896624,3653116,2739844,2054890,1700342,1214554,772934,391306,233132,178468,133858,87326,46594,23300,27478,17522,8764,8820,22302,35298,44730,90054,105102,122658,122670,214290,343098,523872,1068264,1910556,2991796,2551952,2773228,2103252,2898444,3864620,4365364,3799436,2949292,2299868,1724908,1425092,1136488,994442,503194,284486,146698,78842,41158,25370,22150,19142,11314,5660,6268,4708,4364,3280,4532,4204,3160,4040,5140,5696,5734,3194,1600,2337,1023,513,287,49,8,7,1,0"
2953,terminating,"2953,1,0"
2954,terminating,"2954,2134,1394,874,566,286,218,112,136,134,70,74,40,50,43,1,0"
2955,terminating,"2955,1797,603,281,1,0"
2956,terminating,"2956,2224,2116,1755,1605,987,549,257,1,0"
2957,terminating,"2957,1,0"
2562,terminating,"2562,3390,4818,5838,7602,9870,17778,17790,24978,27438,30882,30894,34386,40782,52530,82254,82266,82278,121770,241110,450090,750870,1295226,1572678,1919538,2760984,4964136,8773464,16294056,26949144,44734056,72988344,181027656,321827544,605739096,1034804484,2238816636,4252939908,7290755724,12676727924,12676727980,17832287060,24990818860,34987146740,57135989260,79990385300,119649586924,124794509588,124805244844,124935833204,162705788812,164126812948,164378807404,183717491636,190312143532,205203187028,205224335596,205253358100,305960047148,306235687156,306235687212,697570315988,826050278956,826050279012,1420258206108,2424219279972,4420635161628,7367725269604,8114683604636,8390187016036,9444824970140,16861410677860,23605974949340,33553353522724,35197996504412,35198204947108,36957068348508,84849006934692,214951923416412,472309093543588,544197351525212,705658837558948,898102224841052,1078649061108388,1274767072219676,1336957876077796,1337585703447644,1490159075109796,1720187201522524,1721293787223556,2000630746699004,2059038893341444,2059038893341500,4842740976195780,12376098146115900,33452640218013380,53164796729714236,53164796729714292,88607994549524044,91037016491635956,151728360819393484,168238177711473716,198826978159159756,203618076881829428,234949136523951052,262590257088172916,262914642828953164,269152494516040436,278865355777423660,403033039571208788,423985430144663212,423985494155819092,424153375959370988,439301881643084404,446867471841084812,458181326195512948,475691440573119372,897499076008871028,1828831521604471692,3901656477550216308,7512026260230483852,13212188065033142388,18446744073709551615,12975236915480337153,4795611492407455743,1611886117489773057,731499588401765823,361234489444355745,268405918824104415,196944792516298785,169658910938402655,168779278729818273,82427089612238943,53283595548004257,20054455049299551,6685052046318369,3134557278711135,2300444557735905,2425406978173599,1578441311884641,526147103961551,4625535833569,755298850931,2440141,221843,1525,397,1,0"
2563,terminating,"2563,245,97,1,0"
2564,terminating,"2564,1930,1562,1030,842,424,386,196,203,37,1,0"
2565,terminating,"2565,2235,1365,1323,957,483,285,195,141,51,21,11,1,0"
2566,terminating,"2566,1286,646,434,334,170,154,134,70,74,40,50,43,1,0"
2567,terminating,"2567,169,14,10,8,7,1,0"
2826,terminating,"2826,3336,5064,7656,13944,26376,49464,88536,187944,295896,443904,812340,1652304,2767056,4803888,7914048,13495104,30725280,79741440,196505388,300216656,285162916,237325596,325831908,434442572,325831936,347001764,260735800,434766560,592369816,518323604,399201004,340495100,465552268,349164208,327341476,386858780,660449188,660449244,1275089956,1326589544,1591234456,1869454184,1907347936,2136597368,1927982632,1687830008,1476851272,1549164728,1355519152,1472824128,2428160704,2390220820,3015356084,2946399436,2219933204,1697726164,1273591500,2435111316,4505089644,8249900436,13250766444,17667688620,31801839684,50902645116,68311735764,100424225196,163782878804,157632369196,132743047884,179219034996,253378636524,469364621076,808466882964,1223065284876,1899182242068,2532933314892,4033930835108,3476984189596,2608558569252,3985297814226,4023073151502,4113479290818,4113479290830,8150663431218,12314223635406,19021855888434,24456828403662,24456828403674,33400095866406,41025955455450,87522179850270,160752206062530,257204778352830,582855787227042,886186681902414,1034002020631818,1454075262184182,1742529178082874,1742581706624934,2255275930841178,3011054068857126,3215358222394074,3423082058789670,5706879792828570,9610585471811430,16130542135671450,28318062860404710,40045378598887962,40536410262347238,40536444317790858,40550300562714198,43430502547685802,43430505981393750,69885402054320298,77241760165301622,92294863126228362,93496666024371318,93497001710637642,108230228021541558,110228150683152042,123245911376118102,166581668788799658,174707641076515734,209360680894795866,210327704825031078,210330301289003418,213153526809662982,224177998753304058,247775682832599462,254755279532110170,421642919684306598,421646091330059418,421646091330059430,616136355045125850,1060482535478260134,1060777613821292346,1385297851436906694,1790493068686394682,2133709360930628118,2941727912299551114,3432163722064897626,4086820243432760742,4992964806777394266,5877193519621131174,6890645886501113946,9398026399476218022,11666515530384271818,13610934872556650550,18446744073709551615,12975236915480337153,4795611492407455743,1611886117489773057,731499588401765823,361234489444355745,268405918824104415,196944792516298785,169658910938402655,168779278729818273,82427089612238943,53283595548004257,20054455049299551,6685052046318369,3134557278711135,2300444557735905,2425406978173599,1578441311884641,526147103961551,4625535833569,755298850931,2440141,221843,1525,397,1,0"
2827,terminating,"2827,269,1,0"
2828,terminating,"2828,2884,2940,6636,11284,13804,16436,16492,19348,19404,42840,125640,283860,633420,1562004,2535180,5206260,9371436,12495276,20190804,26921100,55087540,60803732,56587948,45117684,69280236,116780184,208518216,312777384,469166136,772745304,1187955816,1781933784,2716157736,4851795384,8337024936,14614443864,27722614536,48023931924,82013245164,134692975476,205780934846,107492498242,53746249124,42348933724,35852825156,27118586620,29830445324,24116652916,18087489694,10639699874,5379726934,2706299954,1471210894,735605450,632620780,816656420,898322104,809756216,781610824,685415096,602212744,711287846,355643926,246590714,123608986,61804496,72770224,68943920,91350880,128146160,170324320,242956688,264953512,248965388,248965444,290225852,310243108,343261436,345226084,363478556,363478612,383892908,438979156,520540076,520540132,539131250,616169806,498886994,249443500,314159540,346712980,406492340,486797260,537866996,403400254,201700130,166294750,145009490,131361862,68478170,54782554,27444794,17643046,8821526,6384874,3696566,1888594,944300,1555540,2282924,2282980,3442460,4965604,5062876,6042092,6693988,8128904,9877396,8355308,7779412,5834566,2942234,1471120,2600048,3337072,3287504,3661456,3432646,2557142,1826554,1027814,519394,259700,408226,345758,246994,164846,111634,55820,61444,46090,44630,35722,19034,10534,6026,3478,1994,1000,1340,1516,1144,1376,1396,1054,674,340,416,466,236,184,176,196,203,37,1,0"
2829,terminating,"2829,1203,405,321,111,41,1,0"
2830,terminating,"2830,2282,1654,830,682,470,394,200,265,59,1,0"
2831,terminating,"2831,169,14,10,8,7,1,0"
2832,terminating,"2832,4608,8691,2901,971,1,0"
2833,terminating,"2833,1,0"
2834,terminating,"2834,1786,1094,550,566,286,218,112,136,134,70,74,40,50,43,1,0"
2544,terminating,"2544,4152,6288,10080,29232,67488,124032,243168,437232,692408,638152,558398,304810,332822,237754,158822,79414,41906,23758,16994,9466,4736,4954,2480,3472,4464,8432,9424,10416,21328,22320,55056,95728,96720,236592,459792,881392,882384,1474608,2461648,3172912,3173904,6428656,7431568,7432560,19934736,33228528,56575248,95843568,166139664,276903408,472191504,786989808,1767752928,3445018272,6652268928,12490331172,19303239420,39600629604,60506998380,144391923540,321626338092,520092149364,822779038476,1257023531096,1133091634744,1106903166056,968666676184,870573849416,761752118254,403442757266,241768078366,122079618914,86372537566,61698986114,30849493060,35583254972,26771709868,20078782408,17980273592,15738465808,17100448860,35913399972,48888067548,65212362532,49136157404,37966520356,28476974412,46745237268,76106294892,138310853508,220554000252,364000407108,557203199292,858432358044,1311493880436,1777837507980,3640535693940,6552964249260,15003080414292,21032726920620,37859437546068,55675643450604,84251718326676,112546984226028,173936248349652,266179600238764,199783190574140,241842809643220,268244863107380,295069988325268,263372827514732,232987009689268,199098219440972,191145176064628,145112770565516,128496605870068,96708537370100,113180753063884,105030923868932,79422677415244,59572710840900,113543679348220,163552817953796,122664613465354,78873595272446,50305819352962,25152909676484,18932630361916,14199906445916,10649929834444,8339304867476,7969816507756,6714014962244,5035660429756,4636189790276,4362659454844,3276349796820,5910516456108,9489268959060,19821813277740,37786149469140,68031191009388,91325917899204,122009219898396,162718211160948,236943305639052,328847235642228,468106280785932,626743369620468,1021236299971788,1361960336908852,1125097669620524,845206893069940,929727582376976,893322586684096,879703562357352,1590711380536728,2523203666793672,3786787928127288,7235134429405272,12478762903799208,19031234931463992,31911594858738408,55131328011979032,104141042173423848,156213863425117752,242630043192207048,450598771965404472,676959889267598808,1071795108141143592,1726898797709772888,2739219532269253512,4108852492726128888,6953443441245839112,11137363339427553528,18446744073709551615,12975236915480337153,4795611492407455743,1611886117489773057,731499588401765823,361234489444355745,268405918824104415,196944792516298785,169658910938402655,168779278729818273,82427089612238943,53283595548004257,20054455049299551,6685052046318369,3134557278711135,2300444557735905,2425406978173599,1578441311884641,526147103961551,4625535833569,755298850931,2440141,221843,1525,397,1,0"
2545,terminating,"2545,515,109,1,0"
2546,terminating,"2546,1534,986,634,320,442,314,160,218,112,136,134,70,74,40,50,43,1,0"
2784,terminating,"2784,4776,7224,13896,23934,23946,27798,29658,29670,46362,46374,48666,48678,70362,86118,92058,95622,95634,180846,246834,381006,460458,562902,612138,612150,1316298,1350582,1509690,3086790,5380410,9377862,10943418,10943430,17188410,24257670,33960810,58388118,58565418,60170838,88970154,134757462,189472938,191888502,224449770,331833750,506247978,506508342,562778058,565133622,565133634,796862898,1062484410,1698730854,1819934946,2224365054,2224365066,3830671350,7551551034,8827348698,13041916902,19252353834,32643218646,39960429354,49580533080,128400918120,304645135320,711022807080,1659053220120,4078018845000,10533873852600,30016180777800,77847244092600,163672430657400,480817022949000,1199905593109200,3393419069805840,8404630008510960,23853140405126640,63141458686321680,186225026017186800,552563341771003920,1568438182455267312,3614099400835940880,8524457181249131376,15332500480534755264,18446744073709551615,12975236915480337153,4795611492407455743,1611886117489773057,731499588401765823,361234489444355745,268405918824104415,196944792516298785,169658910938402655,168779278729818273,82427089612238943,53283595548004257,20054455049299551,6685052046318369,3134557278711135,2300444557735905,2425406978173599,1578441311884641,526147103961551,4625535833569,755298850931,2440141,221843,1525,397,1,0"
2785,terminating,"2785,563,1,0"
2786,terminating,"2786,2014,1226,616,824,736,776,694,350,394,200,265,59,1,0"
2787,terminating,"2787,933,315,309,107,1,0"
2788,terminating,"2788,2504,2206,1106,814,554,280,440,640,890,730,602,454,230,202,104,106,56,64,63,41,1,0"
2789,terminating,"2789,1,0"
2790,terminating,"2790,4698,6192,11540,12736,12664,11096,11104,10820,11944,10466,5236,6860,9940,14252,14308,15218,10894,6746,3376,3196,2852,2524,1900,2440,3140,3496,3704,3256,3584,4600,6560,9316,8072,7078,3542,3370,2714,1606,1058,601,1,0"
2791,terminating,"2791,1,0"
2792,terminating,"2792,2458,1232,1744,1666,1412,1066,698,352,404,310,266,214,110,106,56,64,63,41,1,0"
2793,terminating,"2793,1767,793,75,49,8,7,1,0"
2794,terminating,"2794,1814,910,1106,814,554,280,440,640,890,730,602,454,230,202,104,106,56,64,63,41,1,0"
2795,terminating,"2795,901,71,1,0"
2796,terminating,"2796,3756,5036,3784,4136,4504,3956,3436,2584,2816,3316,2494,1466,736,776,694,350,394,200,265,59,1,0"
2797,terminating,"2797,1,0"
2798,terminating,"2798,1402,704,820,944,916,694,350,394,200,265,59,1,0"
2799,terminating,"2799,1257,423,201,71,1,0"
2800,terminating,"2800,4888,5192,5608,4922,2854,1430,1594,800,1153,1,0"
2801,terminating,"2801,1,0"
2670,terminating,"2670,3810,5406,6258,8142,9138,9150,13914,16272,29670,46362,46374,48666,48678,70362,86118,92058,95622,95634,180846,246834,381006,460458,562902,612138,612150,1316298,1350582,1509690,3086790,5380410,9377862,10943418,10943430,17188410,24257670,33960810,58388118,58565418,60170838,88970154,134757462,189472938,191888502,224449770,331833750,506247978,506508342,562778058,565133622,565133634,796862898,1062484410,1698730854,1819934946,2224365054,2224365066,3830671350,7551551034,8827348698,13041916902,19252353834,32643218646,39960429354,49580533080,128400918120,304645135320,711022807080,1659053220120,4078018845000,10533873852600,30016180777800,77847244092600,163672430657400,480817022949000,1199905593109200,3393419069805840,8404630008510960,23853140405126640,63141458686321680,186225026017186800,552563341771003920,1568438182455267312,3614099400835940880,8524457181249131376,15332500480534755264,18446744073709551615,12975236915480337153,4795611492407455743,1611886117489773057,731499588401765823,361234489444355745,268405918824104415,196944792516298785,169658910938402655,168779278729818273,82427089612238943,53283595548004257,20054455049299551,6685052046318369,3134557278711135,2300444557735905,2425406978173599,1578441311884641,526147103961551,4625535833569,755298850931,2440141,221843,1525,397,1,0"
2671,terminating,"2671,1,0"
2672,terminating,"2672,2536,2234,1120,1904,2560,3578,1792,2296,2744,3256,3584,4600,6560,9316,8072,7078,3542,3370,2714,1606,1058,601,1,0"
2673,terminating,"2673,1695,1041,351,209,31,1,0"
2674,terminating,"2674,1934,970,794,400,561,303,105,87,33,15,9,4,3,1,0"
2514,terminating,"2514,2526,2538,3222,3798,4470,6330,8934,8946,13518,15810,25662,38850,74238,74250,150390,251370,569430,1085850,2009190,2812938,2832342,2832354,4540446,5842914,8727582,8727594,8727606,10182246,10182258,12211230,17596770,25077918,26163042,26273118,26371122,26508750,39751290,66252870,113459130,192466854,240737346,315959454,392024130,555711294,590535906,590868798,688265058,794152158,888434082,1173646224,2110933542,2112219978,2782087734,2799644154,2799644166,4158972954,4910516046,5731194618,7352662662,8742344994,10207564686,14314959522,17496061758,26998439202,41661696030,58844461314,60632626686,60728960514,60761911326,67910371698,78585707598,80206032642,82008416478,82017972258,90651443262,90799702338,100357565982,109084311138,128945751774,187523762466,187523762478,218592790410,306044225142,306060491130,430733912070,858111462906,864965157894,1102769371386,1286589731238,1899251508330,3508678095318,4922746315650,9464992810110,15376700340450,25935367908768,42396191889888,68894273282208,128393872938048,211404811628832,358531133244960,857716788014880,1844091094233504,3012213105771936,5661326691559200,14251057458288864,25310682824019744,41129859589032336,66467241445576944,133273601469964920,268576750170508200,600574312019991000,1273217541482390280,3185018922746494200,7022794428462291720,14725241823144528120,18446744073709551615,12975236915480337153,4795611492407455743,1611886117489773057,731499588401765823,361234489444355745,268405918824104415,196944792516298785,169658910938402655,168779278729818273,82427089612238943,53283595548004257,20054455049299551,6685052046318369,3134557278711135,2300444557735905,2425406978173599,1578441311884641,526147103961551,4625535833569,755298850931,2440141,221843,1525,397,1,0"
2712,terminating,"2712,4128,6960,15360,33768,72312,117768,219192,328848,671088,1328784,2480496,4138128,8345200,12381648,21473328,35792848,54249008,66790864,85881904,85882896,199098864,390863376,738310384,956946192,1612413168,2687359248,6531098352,12629675280,28549117680,62808082704,121780102896,232800885008,241031644912,266403416848,266465136112,383448187408,540012707312,623091599248,623189911408,623189912400,1825358132400,4809105901392,9001659819696,15002766370128,25552657170608,28618528223056,28744838286512,28920011683576,31675516406024,27717752229796,21773272831388,19874545774852,14906030235468,19965518315700,38592708801228,58970607770220,106147093986564,156098667627804,242820016716516,323788336278588,505036940841252,771584215174226,386835729161914,193417864580960,266819248494640,366734541556880,628575694987120,832865200742144,917252127511696,976475811790304,1228702036375072,1603480847802848,2134921413594592,2884935562996256,4196855351706976,5246998707948704,7465071940965856,9333013047301664,11948103032725216,15681818225245760,27007040920732096,35503269167363904,69740713701208996,52305535275906754,29083809062986046,16050532827338434,8025266413669220,8830925012048788,8030507377663052,6849550410359788,5842263585307004,4383584260470196,3287688661105004,3235307535025396,2426573885151852,3866078599288148,2909101456592032,3583376996649728,4054077713996032,4038241472926246,2251609831747034,1432872065234566,934591753056122,696175489521568,938894823877472,1366251773426848,2050470294155360,3989096754120352,4986434063407328,6472697195381536,8267960565688544,10343012924272672,15648644967710048,19570732755315616,24478668508364000,45484863041744560,75376496146473296,70665465137318746,37918054463927258,18966573614060794,10110650892066566,5485955009303674,2742977866944806,1371488933472406,987163946199722,493640148869434,381814355627846,194570461434394,97285989414374,48642994707190,48989756800010,45987587551222,26705663204330,27111789717910,22472576485994,13331111942806,10860188021354,7796583484822,4969542100778,2484970140790,1988076306122,1169456650714,750352933862,542706908698,271353454352,254514887548,211405775492,161037286408,140907625622,76166284234,38100681914,19050340960,34029350432,54831542752,70229479040,121647502720,180384778880,253082244520,397700670680,506818129960,672844761440,955521631360,1328772270140,1871630217604,1871630217660,4124191025220,9347365202364,17656837882404,29481706804956,49136178008484,92812780683420,204294306783588,376361679822492,705355622032740,1561469656299420,3524460081371124,6041931568066380,13992309585531060,30794139476094540,76545363345969588,134444906375507532,253951525614554964,549884851248472236,1119721914563813204,1119722064175523116,1369402798897374164,1666797906177416236,1670650213156424276,1670651832419544940,2339006445489089684,2790243749419940716,2790443430514247060,3906682805146999276,3995765010089424404,4416579258239740396,4416804060586289204,4427563631988494284,4428869890620527156,4546783923393744844,4547345631643876404,7578955836022694732,7666977154495218868,9060973000767077516,9063471901895340916,9063477065997003020,12689032159021568308,13622949341184870092,14859008451292392772,18157305867463800380,18446744073709551615,12975236915480337153,4795611492407455743,1611886117489773057,731499588401765823,361234489444355745,268405918824104415,196944792516298785,169658910938402655,168779278729818273,82427089612238943,53283595548004257,20054455049299551,6685052046318369,3134557278711135,2300444557735905,2425406978173599,1578441311884641,526147103961551,4625535833569,755298850931,2440141,221843,1525,397,1,0"
2713,terminating,"2713,1,0"
2714,terminating,"2714,1606,1058,601,1,0"
2715,terminating,"2715,1653,747,345,231,153,81,40,50,43,1,0"
2208,terminating,"2208,3840,8424,16986,19014,19026,28398,28410,39846,42954,42966,76842,94038,121002,166230,266202,336582,446778,521280,1281612,1708844,1378324,1153996,865504,1030544,1035916,1035972,1957564,1992004,1992060,5749380,16632252,35122724,42173404,48662404,48836284,51988804,53845946,50110534,25055270,20044234,15667766,7833886,4717154,2938774,1482746,741376,749386,531062,395758,251882,125944,166376,190264,187736,176104,154106,85114,42560,79360,117056,126784,161760,349296,603024,1048656,2048368,2487552,4380288,9279552,16725984,32335392,52545264,83196792,175588488,301771512,637953768,1142584992,2204438688,4795770528,8842202730,14737005270,27584660970,46587429594,56914934670,104516519202,121943199582,142304875938,166776227562,214534937238,214549363482,216219011430,331455985674,434653730166,480438161034,554775016566,554785120122,588644921478,588653764458,588653764470,958468658922,1120493034198,1307564276130,2578921700958,3266516448162,4647758094558,6962954338242,10467255258558,16345418319522,22247469037278,27633221228322,37927950712074,46356384203766,80724482100234,124303525912566,254427059585034,375600380560758,466022694399822,717527005664178,717532378396782,827952425707410,1389821486064750,2636735850490770,5427627586086510,11115035210800530,18554434397877870,29754190348921170,61684538697694638,85450054888378962,99691730703108828,160922145548537628,237242105705521956,359024697217777244,269268522913332940,296195375204666276,249427736829417724,189994089936484676,142891860250210684,107169573834568724,83060347629571372,62822297227912820,79272603593368588,70126307649693620,90009690270561100,122735458228225076,115790010279716812,102502132890209748,156600480804487206,157059047366148378,186222404229934182,220081050788467098,220163409364958502,222053224037621898,222053224037621910,354833788982114154,362154334537714902,362154334537714914,483109743342447390,771893148226832610,1318751616876589470,1846252302256817538,1857408466854517182,2305748441612505258,2703116189998921302,3238783538279778858,3238783538279778870,5141779912614507978,5142036309010943478,5437529736459878922,5473719292110077430,9281577302877473370,18446744073709551615,12975236915480337153,4795611492407455743,1611886117489773057,731499588401765823,361234489444355745,268405918824104415,196944792516298785,169658910938402655,168779278729818273,82427089612238943,53283595548004257,20054455049299551,6685052046318369,3134557278711135,2300444557735905,2425406978173599,1578441311884641,526147103961551,4625535833569,755298850931,2440141,221843,1525,397,1,0"
2209,terminating,"2209,48,76,64,63,41,1,0"
2210,terminating,"2210,2326,1166,778,392,463,1,0"
2211,terminating,"2211,1053,641,1,0"
2212,terminating,"2212,2268,4508,5068,5124,8764,8820,22302,35298,44730,90054,105102,122658,122670,214290,343098,523872,1068264,1910556,2991796,2551952,2773228,2103252,2898444,3864620,4365364,3799436,2949292,2299868,1724908,1425092,1136488,994442,503194,284486,146698,78842,41158,25370,22150,19142,11314,5660,6268,4708,4364,3280,4532,4204,3160,4040,5140,5696,5734,3194,1600,2337,1023,513,287,49,8,7,1,0"
2213,terminating,"2213,1,0"
2310,terminating,"2310,4602,5478,6618,6630,11514,12966,12978,19470,32370,52302,57138,59502,62610,87726,87738,112902,120570,168870,268602,275718,275730,546798,734226,753774,994962,1010958,1180650,1926294,2030874,2049126,2049138,3642702,4881330,8337870,13897170,32228910,63538866,74128716,118762164,183015312,289774368,620449632,1416903840,4054854816,7870368186,9662150214,11340711666,14487489018,18554153382,23036873634,28156179006,32848875546,32882197638,32900423082,32943086358,48147589098,71289230742,87345365274,105090603750,205305368994,279996796926,533690478594,944579422206,1504517742594,1958302517760,5222147904000,14193864391680,37049019761664,69929220811566,69954308863314,74468256717486,75216681410514,97063982013486,107205459228114,130354839100974,145996691368722,146041149298926,187817487657234,187817487657246,219246741383418,332549897371398,534246827612922,623287965548448,1226251323544320,3282324323158080,8839976547461184,16507279185669420,30434186808674004,41743064967090124,37981210363426868,28493737963133836,21393593543096564,16045196219536240,21259884990885704,18602765995936696,21260303995356344,18841755934507336,16486536442693934,8243268766202266,4142563921535078,2981838562395730,2516392686024110,2015380035215890,2330497479761390,2106747513302866,1504855223772590,1313986907590738,689270887351982,430833990857650,370669847051054,225197248317586,132468969598634,66299826292954,34803692587046,17404838238754,8702579446154,6940493065846,3470273107514,1820676285766,1123097254298,561548627152,526487365908,1014058710252,1936827564084,3658452066220,5177758327700,7899711027880,13144910325080,16431137906440,22149503978360,32217460333240,57662530757960,72078163447540,79285979792336,80331256729264,75887578742416,95149859572934,52496474247226,26248237123616,28480861264600,37737141176060,41511525182116,38847713731292,29135785298476,21851838973864,19792034481356,14947274211124,11257500712084,10621912585196,9990669879124,9279057037484,9007096444756,6755343471936,14272318897344,29461549452880,39036553025252,29277414768946,14638742657258,7319399520922,3720318431078,1904099984794,1360071417734,701159766922,364987276154,182496486406,112305530138,56162127994,41760728966,26575009378,13287504692,15703415308,15703415364,29417402812,29417402868,52439723532,99052811844,170478660156,284131100484,712621103292,1400299306308,2645140771644,4408567952964,7347613255164,16299877986756,36159499747644,68602128197316,114336880329084,209135880175236,356414669047164,721006192912516,721359714196604,726845339414404,830680387910156,918123922176244,969078521390924,976297728028084,1162035509885516,1174613209149940,1655894296613900,2450858960459476,2450884317966700,4180019818506644,4285843105055596,4447573033551284,5131909471419724,6127290288836276,6310194476566540,9631349464239860,13975702839615244,16298747616202996,16943157128096780,23720419979335828,23924028734536364,24019666153504084,25193615969970476,26931106726521844,37017732168740876,40394526387739636,45146823609827660,69709131595716340,114881837465485580,162025049863434100,267018592793960588,298432544887368724,298434278815241324,299356795905896596,299356795905896652,650224459778199348,1084520946836015052,2030136710466764340,5106794598442062540,12709521503809152372,18446744073709551615,12975236915480337153,4795611492407455743,1611886117489773057,731499588401765823,361234489444355745,268405918824104415,196944792516298785,169658910938402655,168779278729818273,82427089612238943,53283595548004257,20054455049299551,6685052046318369,3134557278711135,2300444557735905,2425406978173599,1578441311884641,526147103961551,4625535833569,755298850931,2440141,221843,1525,397,1,0"
2311,terminating,"2311,1,0"
2312,terminating,"2312,2293,1,0"
2313,terminating,"2313,1041,351,209,31,1,0"
2314,terminating,"2314,1466,736,776,694,350,394,200,265,59,1,0"
2315,terminating,"2315,469,75,49,8,7,1,0"
2316,terminating,"2316,3116,2764,2080,3212,3004,2260,2528,2512,2386,1196,1156,993,335,73,1,0"
2317,terminating,"2317,339,117,65,19,1,0"
2318,terminating,"2318,1402,704,820,944,916,694,350,394,200,265,59,1,0"
2319,terminating,"2319,777,439,1,0"
2320,terminating,"2320,3260,3628,2728,3032,2668,2372,1786,1094,550,566,286,218,112,136,134,70,74,40,50,43,1,0"
2321,terminating,"2321,223,1,0"
2442,terminating,"2442,3030,4314,4326,5658,6438,7242,8310,11706,11718,19002,19014,19026,28398,28410,39846,42954,42966,76842,94038,121002,166230,266202,336582,446778,521280,1281612,1708844,1378324,1153996,865504,1030544,1035916,1035972,1957564,1992004,1992060,5749380,16632252,35122724,42173404,48662404,48836284,51988804,53845946,50110534,25055270,20044234,15667766,7833886,4717154,2938774,1482746,741376,749386,531062,395758,251882,125944,166376,190264,187736,176104,154106,85114,42560,79360,117056,126784,161760,349296,603024,1048656,2048368,2487552,4380288,9279552,16725984,32335392,52545264,83196792,175588488,301771512,637953768,1142584992,2204438688,4795770528,8842202730,14737005270,27584660970,46587429594,56914934670,104516519202,121943199582,142304875938,166776227562,214534937238,214549363482,216219011430,331455985674,434653730166,480438161034,554775016566,554785120122,588644921478,588653764458,588653764470,958468658922,1120493034198,1307564276130,2578921700958,3266516448162,4647758094558,6962954338242,10467255258558,16345418319522,22247469037278,27633221228322,37927950712074,46356384203766,80724482100234,124303525912566,254427059585034,375600380560758,466022694399822,717527005664178,717532378396782,827952425707410,1389821486064750,2636735850490770,5427627586086510,11115035210800530,18554434397877870,29754190348921170,61684538697694638,85450054888378962,99691730703108828,160922145548537628,237242105705521956,359024697217777244,269268522913332940,296195375204666276,249427736829417724,189994089936484676,142891860250210684,107169573834568724,83060347629571372,62822297227912820,79272603593368588,70126307649693620,90009690270561100,122735458228225076,115790010279716812,102502132890209748,156600480804487206,157059047366148378,186222404229934182,220081050788467098,220163409364958502,222053224037621898,222053224037621910,354833788982114154,362154334537714902,362154334537714914,483109743342447390,771893148226832610,1318751616876589470,1846252302256817538,1857408466854517182,2305748441612505258,2703116189998921302,3238783538279778858,3238783538279778870,5141779912614507978,5142036309010943478,5437529736459878922,5473719292110077430,9281577302877473370,18446744073709551615,12975236915480337153,4795611492407455743,1611886117489773057,731499588401765823,361234489444355745,268405918824104415,196944792516298785,169658910938402655,168779278729818273,82427089612238943,53283595548004257,20054455049299551,6685052046318369,3134557278711135,2300444557735905,2425406978173599,1578441311884641,526147103961551,4625535833569,755298850931,2440141,221843,1525,397,1,0"
2443,terminating,"2443,357,219,77,19,1,0"
2444,terminating,"2444,2260,2528,2512,2386,1196,1156,993,335,73,1,0"
2445,terminating,"2445,1491,813,275,97,1,0"
2446,terminating,"2446,1226,616,824,736,776,694,350,394,200,265,59,1,0"
2447,terminating,"2447,1,0"
2448,terminating,"2448,4806,5994,7800,18240,42720,93360,196800,464616,845784,1583136,3134304,5779692,8927364,11903180,13093540,14562452,10952044,8477100,18096720,38003856,69989232,111494688,181179120,382534800,850005360,2077798320,5436939456,13611841344,27151952160,58376698656,103064581344,183468805152,326466554880,719573109504,1200224007216,2575114581344,2541802824256,2732755713728,2690113709752,3074415668408,3538667495752,3125307868148,2367864259792,2269283363408,2127662291812,1634689178492,1226328809644,951927514964,806237780230,696106321658,500730919174,250872618914,130661857792,130447937924,106894566076,80229096132,121699471548,178969811604,247679526252,330239368364,247679526280,328899177320,516841565080,656343059720,820638723280,1150879813556,1138326313036,1219667926964,914750945230,754991626514,401719736686,200864100794,153724816966,110178630842,96135611206,48071354738,37586253262,19029024338,9515509150,10728373730,8648612374,4503610346,2251805176,2218690664,2019846556,2363905124,2516416924,2822447684,2833698364,2835423556,3018355900,4627961996,4793246752,5991558944,7856377312,9827394080,16882751200,30220140272,38327993200,74112389520,187470868080,394593127440,862560933360,2193369236496,4117823071344,7409571177312,13661396858988,21789269737812,33289162099526,16646505875818,14520387041174,10371705029434,7408714647302,4292472445738,2267721292250,2114394086950,1818378914870,1922286281578,1258935675734,801140884594,404892788366,275667459442,137861310314,131722241686,111639742130,118729538638,65505952442,46789966054,28793825306,14869486438,7874298938,5014758886,2508105098,1478982526,1056416114,659643406,401553794,204477214,105105434,75732454,54094634,39908566,19954286,12767122,6399134,4704994,3875102,3372130,2697722,1360678,888026,487078,243542,210058,107894,56386,36980,42526,27098,15994,10214,5110,5546,3094,2954,2134,1394,874,566,286,218,112,136,134,70,74,40,50,43,1,0"
2449,terminating,"2449,111,41,1,0"
2450,terminating,"2450,2851,1,0"
2058,terminating,"2058,2742,2754,3780,9660,22596,37884,75012,140028,233604,471100,698964,1212204,2020564,2506490,2743174,2049434,1032454,516230,635914,317960,397540,590300,690868,518158,298322,149164,115436,86584,79016,102424,127976,126364,126420,294924,491764,591920,1019584,1037816,1184824,1113776,1063168,1059526,652058,428806,315674,157840,209324,165820,182444,155740,197060,226300,287556,405948,541292,414124,348876,614268,962580,1787244,2628804,3822396,5338644,7118220,14170740,25910028,39584856,59377344,109817136,251316000,739346400,2141406720,5879731680,14870867112,27076609368,49683215592,89475792858,115085277702,139019627898,162189565920,421720037280,1072985101920,2723538034080,6812376829920,17036781887520,42628946721120,107502129758880,269285754273120,745855303992480,2106077271930720,6380814891238560,15952037228111520,39880093070293920,101892930751783728,194056849063723320,436639697413939800,1163049375839021280,3037630002554322720,7594075006385821920,18446744073709551615,12975236915480337153,4795611492407455743,1611886117489773057,731499588401765823,361234489444355745,268405918824104415,196944792516298785,169658910938402655,168779278729818273,82427089612238943,53283595548004257,20054455049299551,6685052046318369,3134557278711135,2300444557735905,2425406978173599,1578441311884641,526147103961551,4625535833569,755298850931,2440141,221843,1525,397,1,0"
2059,terminating,"2059,101,1,0"
2060,terminating,"2060,2308,1738,1142,574,434,334,170,154,134,70,74,40,50,43,1,0"
2061,terminating,"2061,929,1,0"
2062,terminating,"2062,1034,694,350,394,200,265,59,1,0"
2063,terminating,"2063,1,0"
2064,terminating,"2064,3392,3466,1736,2104,1856,1954,980,1414,1034,694,350,394,200,265,59,1,0"
2065,terminating,"2065,815,169,14,10,8,7,1,0"
2066,terminating,"2066,1036,1092,2044,2100,4844,4900,7469,1939,285,195,141,51,21,11,1,0"
2898,terminating,"2898,4590,8370,14670,23706,29094,33738,33750,59970,84030,117714,128238,165522,220254,220266,269334,359658,524862,700362,996606,1329354,2096406,3267498,3840918,3840930,6145722,8380998,9777870,15644826,19508838,19508850,34708104,63384696,108282384,267764976,481605464,515623336,458552504,401233456,490834448,587221552,550520236,551165524,664348076,688075192,786371768,1053315592,1203789368,1054075912,923615588,933003484,964729892,1034927068,1034927124,1975772652,3435020820,9656399340,24730109460,63199182060,184551681300,426224143212,712934354580,1568586070380,3543659549556,6127881351564,10216311601524,18802476238476,34291868151156,65468145573516,116819465982324,195521058804876,380540986670964,634239628737036,1063307028312564,1772178380521164,4211260487139636,8374163787701964,17577389548535796,36332279769965004,69323346152537652,137963587637151948,229939330889764916,229940043718254604,256992021195247604,259427917654454668,259427917654454724,432410316069746364,729489020952465732,1261599227316141756,2104424292496658244,3670064056043582652,8455800641673107268,18446744073709551615,12975236915480337153,4795611492407455743,1611886117489773057,731499588401765823,361234489444355745,268405918824104415,196944792516298785,169658910938402655,168779278729818273,82427089612238943,53283595548004257,20054455049299551,6685052046318369,3134557278711135,2300444557735905,2425406978173599,1578441311884641,526147103961551,4625535833569,755298850931,2440141,221843,1525,397,1,0"
2340,terminating,"2340,5304,9816,14784,33984,65076,116364,155180,170740,187856,184144,194180,303100,450324,851340,1874292,3230220,7107828,14267148,26826996,44982924,74971764,158937996,264896884,268413964,331346036,363641740,636294260,890812300,1318403940,2905325724,4842209764,4842209820,10710826980,23600009244,39333348964,45384634204,52366886404,62832191996,63490131460,88886184380,124469540356,140730251900,208280774548,254264846444,254264846500,401388551900,611830847908,611830847964,1061929336356,2007936246428,2017520691172,2259388528796,2310161309764,2995472333756,3117736513444,3508415756636,3633716319772,4294392014948,4413423364252,4413423364308,8669874421292,9582963666388,9617538358316,9720925513684,11534175234092,12004957899508,12004957899564,21892152707796,36763599302444,40634914617556,40644117901100,61953248298760,110577986357240,145420760465800,201820433799260,234866170033828,176411922238044,283414998455460,629822004232368,997219207258960,1758677043663536,1649004322705528,1444012724403032,1764600368180008,1577594227537112,1383718924259608,1210754058727172,908096488394584,794584427345276,677620459721092,546468112678524,728624150238060,1481535772151268,1975388766656892,2644545982288260,4862186781815292,6616692583368708,9216170114901756,12640757917162068,19317516704804352,32161117015374720,70352443471138320,147740222435628912,233995571033061408,384366149639791392,643350938762804640,1436225640861221472,2333868406204597728,3922885193407740192,6381688829248992480,15486994739280421920,18446744073709551615,12975236915480337153,4795611492407455743,1611886117489773057,731499588401765823,361234489444355745,268405918824104415,196944792516298785,169658910938402655,168779278729818273,82427089612238943,53283595548004257,20054455049299551,6685052046318369,3134557278711135,2300444557735905,2425406978173599,1578441311884641,526147103961551,4625535833569,755298850931,2440141,221843,1525,397,1,0"
2341,terminating,"2341,1,0"
2342,terminating,"2342,1174,590,490,536,484,447,153,81,40,50,43,1,0"
2343,terminating,"2343,1113,615,393,135,105,87,33,15,9,4,3,1,0"
2344,terminating,"2344,2066,1036,1092,2044,2100,4844,4900,7469,1939,285,195,141,51,21,11,1,0"
2345,terminating,"2345,919,1,0"
2958,terminating,"2958,3522,3534,4146,4158,7362,8628,11532,16272,29670,46362,46374,48666,48678,70362,86118,92058,95622,95634,180846,246834,381006,460458,562902,612138,612150,1316298,1350582,1509690,3086790,5380410,9377862,10943418,10943430,17188410,24257670,33960810,58388118,58565418,60170838,88970154,134757462,189472938,191888502,224449770,331833750,506247978,506508342,562778058,565133622,565133634,796862898,1062484410,1698730854,1819934946,2224365054,2224365066,3830671350,7551551034,8827348698,13041916902,19252353834,32643218646,39960429354,49580533080,128400918120,304645135320,711022807080,1659053220120,4078018845000,10533873852600,30016180777800,77847244092600,163672430657400,480817022949000,1199905593109200,3393419069805840,8404630008510960,23853140405126640,63141458686321680,186225026017186800,552563341771003920,1568438182455267312,3614099400835940880,8524457181249131376,15332500480534755264,18446744073709551615,12975236915480337153,4795611492407455743,1611886117489773057,731499588401765823,361234489444355745,268405918824104415,196944792516298785,169658910938402655,168779278729818273,82427089612238943,53283595548004257,20054455049299551,6685052046318369,3134557278711135,2300444557735905,2425406978173599,1578441311884641,526147103961551,4625535833569,755298850931,2440141,221843,1525,397,1,0"
2959,terminating,"2959,281,1,0"
2960,terminating,"2960,4108,3732,5004,7736,6784,6986,5014,2906,1456,2016,4536,9984,18632,18628,13978,7802,4294,2546,1534,986,634,320,442,314,160,218,112,136,134,70,74,40,50,43,1,0"
2961,terminating,"2961,2031,681,231,153,81,40,50,43,1,0"
2962,terminating,"2962,1484,1540,2492,2548,3038,2434,1220,1384,1226,616,824,736,776,694,350,394,200,265,59,1,0"
2912,terminating,"2912,4144,5280,12864,21680,28912,31848,47832,71808,148512,359520,946848,1895712,4539360,12180336,23781648,44267568,76111632,139130668,104348008,92030552,80526748,62286692,55099864,51042536,47249404,35492780,39042100,45679474,22839740,36962884,38008124,53126668,54930932,54930988,60686612,62153644,62153700,155582364,259304164,266871836,327310564,327768476,327768532,396478124,397718356,398447980,557827508,557827564,583593332,645414448,787922384,739137616,953968304,894345316,774937460,1009670092,763542524,617043844,462782890,370226330,300597094,254298266,127318438,78349850,67380964,67381020,170849700,455276892,785095332,1353047388,2730005796,4680011532,8989919988,15034639116,25057732084,30907073036,33007287796,34078491020,50530186420,70844827340,99182758612,106237222700,165551444212,195690975116,228113158756,254901208604,263632807396,274851227420,507715459300,751418881500,1749303191076,3480682068444,6604825822756,7467599613404,7483271439364,7483271439420,19285028182980,48485555197884,91621492377156,191982873147324,371492151175236,719488350665532,1652151220493508,3368985514491324,6306049809179204,6306049809179260,8828469732851300,13066135204621660,18405797678228324,21945449165668756,26323036089475244,27487354482052276,27492212193118540,38489217056547572,39864013609492492,41491116205801108,49034955515947436,58804502365944916,71372078274996884,93526580908250476,101659327074186644,111202674691272556,112182433939666580,158408361492762220,225535865174877908,232980109946018092,241300936709076188,260041794337473316,282654124279863644,341008402262784676,364526223108495644,368599141802455396,368822249063390108,370877736802670692,377810030948521052,398232194783578372,398239194643966844,408534386130917956,486602641614267836,486602641614267892,486602641614267948,934231026364583892,1557425833260726828,2595709978031227092,4326183296718712044,9780311870838919956,18446744073709551615,12975236915480337153,4795611492407455743,1611886117489773057,731499588401765823,361234489444355745,268405918824104415,196944792516298785,169658910938402655,168779278729818273,82427089612238943,53283595548004257,20054455049299551,6685052046318369,3134557278711135,2300444557735905,2425406978173599,1578441311884641,526147103961551,4625535833569,755298850931,2440141,221843,1525,397,1,0"
2913,terminating,"2913,975,761,1,0"
2914,terminating,"2914,1694,1498,1094,550,566,286,218,112,136,134,70,74,40,50,43,1,0"
2915,terminating,"2915,973,147,81,40,50,43,1,0"
2916,terminating,"2916,4735,953,1,0"
2917,terminating,"2917,1,0"
2918,terminating,"2918,1462,914,460,548,418,302,154,134,70,74,40,50,43,1,0"
2919,terminating,"2919,1561,231,153,81,40,50,43,1,0"
2920,terminating,"2920,3740,5332,4524,7236,11804,10540,13652,10246,5594,2800,4888,5192,5608,4922,2854,1430,1594,800,1153,1,0"
2921,terminating,"2921,151,1,0"
2568,terminating,"2568,3912,5928,10872,18768,34800,80520,187320,457800,1179000,2836440,6383160,18888840,43448760,97760880,309101472,584853408,1081739520,2661006396,4125333444,5705249724,9399783492,17552471292,28985126724,46161498396,71565365348,53688511624,56174769176,49454726824,43272885986,28249941214,18341233442,13100881054,7709642834,4535084074,2391847574,1248564586,624282296,750138664,784236056,688086784,1053204992,1351777984,1494017696,1519072468,1364337236,1078570924,892522676,724685644,559567956,746653324,646999412,485249566,244247234,214491838,136494842,86860390,72139370,57711514,42989360,58856800,84829316,89576188,79240572,134240388,180802620,381031380,777991212,1195621884,1929970740,3571612620,7046256180,12697923660,22863740436,38330390016,72293724156,96391632236,79627870276,59722893864,106210811736,220844810664,397725146946,506662789374,804847758714,938989051872,1525857209544,2289018176376,3454683373704,5182646928216,7812369062664,11859063837336,21319771922664,32731636008216,50441711672904,76463747640696,130445183080104,201013888684536,416068660665864,809726328566136,1443814123037064,2544214656733176,5107558746985224,7661338120477896,11493105991085304,19707992320108416,34496149965129984,57929378630513280,143506869789299520,386043903962508480,947028123890806080,2060242777110784704,3390816673435985664,6327894256756767888,10729907652761478960,18446744073709551615,12975236915480337153,4795611492407455743,1611886117489773057,731499588401765823,361234489444355745,268405918824104415,196944792516298785,169658910938402655,168779278729818273,82427089612238943,53283595548004257,20054455049299551,6685052046318369,3134557278711135,2300444557735905,2425406978173599,1578441311884641,526147103961551,4625535833569,755298850931,2440141,221843,1525,397,1,0"
2569,terminating,"2569,375,249,87,33,15,9,4,3,1,0"
2570,terminating,"2570,2074,1274,1120,1904,2560,3578,1792,2296,2744,3256,3584,4600,6560,9316,8072,7078,3542,3370,2714,1606,1058,601,1,0"
2571,terminating,"2571,861,483,285,195,141,51,21,11,1,0"
2572,terminating,"2572,1936,2187,1093,1,0"
2573,terminating,"2573,115,29,1,0"
2574,terminating,"2574,3978,5850,11076,17148,22892,18268,13708,11492,11566,5786,3718,2870,3178,2294,1354,680,940,1076,814,554,280,440,640,890,730,602,454,230,202,104,106,56,64,63,41,1,0"
2575,terminating,"2575,649,71,1,0"
2576,terminating,"2576,3376,3196,2852,2524,1900,2440,3140,3496,3704,3256,3584,4600,6560,9316,8072,7078,3542,3370,2714,1606,1058,601,1,0"
2577,terminating,"2577,863,1,0"
2578,terminating,"2578,1292,1228,928,962,634,320,442,314,160,218,112,136,134,70,74,40,50,43,1,0"
2160,terminating,"2160,5280,12864,21680,28912,31848,47832,71808,148512,359520,946848,1895712,4539360,12180336,23781648,44267568,76111632,139130668,104348008,92030552,80526748,62286692,55099864,51042536,47249404,35492780,39042100,45679474,22839740,36962884,38008124,53126668,54930932,54930988,60686612,62153644,62153700,155582364,259304164,266871836,327310564,327768476,327768532,396478124,397718356,398447980,557827508,557827564,583593332,645414448,787922384,739137616,953968304,894345316,774937460,1009670092,763542524,617043844,462782890,370226330,300597094,254298266,127318438,78349850,67380964,67381020,170849700,455276892,785095332,1353047388,2730005796,4680011532,8989919988,15034639116,25057732084,30907073036,33007287796,34078491020,50530186420,70844827340,99182758612,106237222700,165551444212,195690975116,228113158756,254901208604,263632807396,274851227420,507715459300,751418881500,1749303191076,3480682068444,6604825822756,7467599613404,7483271439364,7483271439420,19285028182980,48485555197884,91621492377156,191982873147324,371492151175236,719488350665532,1652151220493508,3368985514491324,6306049809179204,6306049809179260,8828469732851300,13066135204621660,18405797678228324,21945449165668756,26323036089475244,27487354482052276,27492212193118540,38489217056547572,39864013609492492,41491116205801108,49034955515947436,58804502365944916,71372078274996884,93526580908250476,101659327074186644,111202674691272556,112182433939666580,158408361492762220,225535865174877908,232980109946018092,241300936709076188,260041794337473316,282654124279863644,341008402262784676,364526223108495644,368599141802455396,368822249063390108,370877736802670692,377810030948521052,398232194783578372,398239194643966844,408534386130917956,486602641614267836,486602641614267892,486602641614267948,934231026364583892,1557425833260726828,2595709978031227092,4326183296718712044,9780311870838919956,18446744073709551615,12975236915480337153,4795611492407455743,1611886117489773057,731499588401765823,361234489444355745,268405918824104415,196944792516298785,169658910938402655,168779278729818273,82427089612238943,53283595548004257,20054455049299551,6685052046318369,3134557278711135,2300444557735905,2425406978173599,1578441311884641,526147103961551,4625535833569,755298850931,2440141,221843,1525,397,1,0"
2161,terminating,"2161,1,0"
2162,aspiring,"2162,1294,650,652,496"
2802,terminating,"2802,2814,3714,3726,4986,5856,9768,17592,26448,47952,94586,47296,46684,42524,31900,46220,50884,38170,36998,22810,18266,9136,8596,8652,14644,14700,34776,80424,137586,149838,194898,230478,236082,371310,519906,535038,688002,884670,1298658,1325598,1325610,2762838,3684330,7008534,9646650,20210814,26948298,34511478,34511490,62694450,144750606,255162306,342150270,696170370,1249384830,1750467234,1750950654,1767059586,2062619514,2406389472,4821678144,9729473856,16013092896,29625927804,52112106756,88867512444,132169953156,212809257084,283893510484,258684665516,194044546804,145539838896,231825484368,416963892426,429538683702,450006271818,498711745782,645391671714,752956950372,1300776053916,1734368071916,1300786525972,986529219820,1152320207636,1027433371444,771941461196,594730889764,593612406236,459840596884,353581580684,265284900724,224453346316,168393495204,295964325996,394619101356,541369929012,836662617900,1876240047300,3615679614012,4820965110804,6508880956876,5376901660196,5630868636124,4223151477100,4942748313948,6590392339380,11984912187084,18311522839956,29163653272044,47079691612740,95728706279784,170405777160216,339359310806184,655955814004056,1186415291370744,2043144476440776,3608106203085624,6163848096938136,13098242895497064,23734515916326456,43372170345735144,78393390086384856,170474514949762344,305014219019504856,543557024002690344,966323598227005656,1902155466499906344,2853233199749859576,4828548491884378584,8327077638698841336,14355820912199800824,18446744073709551615,12975236915480337153,4795611492407455743,1611886117489773057,731499588401765823,361234489444355745,268405918824104415,196944792516298785,169658910938402655,168779278729818273,82427089612238943,53283595548004257,20054455049299551,6685052046318369,3134557278711135,2300444557735905,2425406978173599,1578441311884641,526147103961551,4625535833569,755298850931,2440141,221843,1525,397,1,0"
2864,terminating,"2864,2716,2772,5964,10164,19628,19684,22876,26404,30044,33796,38780,54628,54684,111300,263676,465668,465724,465780,1026060,2325540,5335260,11738916,23117724,45956820,121129260,266485716,558454764,1092873236,1470806764,1471882804,1642613196,2737688884,2740114636,2791337780,4946860492,4946860548,9344070652,9344070708,15573451404,27078171764,27284104204,27410152084,27410152140,76787720100,220578719452,254903331620,361672366300,603062136740,921203207260,1381419996068,1395444575644,1395478688996,1395546402460,2069258468900,3065057872156,3277068463844,3429776547484,3597527970596,4028517592540,5641400009252,5641400009308,5641400009364,9709348326636,16331909651988,31948891146732,54770416120644,100509779504316,208751080955844,388416032284476,749365894850244,1414070378301756,2556878765995204,2556878765995260,6726041614128900,15626498692840700,23762659088671300,35168735451235260,78257359358590020,186897487211247036,340813223900632644,592585414385033916,1326583294186844484,2594892903616159356,4946738730471899844,8244565422068579772,13740942370114299844,13780400058385352252,13780400058385352308,14272557426581383244,14272557426581383300,18446744073709551615,12975236915480337153,4795611492407455743,1611886117489773057,731499588401765823,361234489444355745,268405918824104415,196944792516298785,169658910938402655,168779278729818273,82427089612238943,53283595548004257,20054455049299551,6685052046318369,3134557278711135,2300444557735905,2425406978173599,1578441311884641,526147103961551,4625535833569,755298850931,2440141,221843,1525,397,1,0"
2865,terminating,"2865,1743,945,975,761,1,0"
2866,terminating,"2866,1436,1084,820,944,916,694,350,394,200,265,59,1,0"
2322,terminating,"2322,2958,3522,3534,4146,4158,7362,8628,11532,16272,29670,46362,46374,48666,48678,70362,86118,92058,95622,95634,180846,246834,381006,460458,562902,612138,612150,1316298,1350582,1509690,3086790,5380410,9377862,10943418,10943430,17188410,24257670,33960810,58388118,58565418,60170838,88970154,134757462,189472938,191888502,224449770,331833750,506247978,506508342,562778058,565133622,565133634,796862898,1062484410,1698730854,1819934946,2224365054,2224365066,3830671350,7551551034,8827348698,13041916902,19252353834,32643218646,39960429354,49580533080,128400918120,304645135320,711022807080,1659053220120,4078018845000,10533873852600,30016180777800,77847244092600,163672430657400,480817022949000,1199905593109200,3393419069805840,8404630008510960,23853140405126640,63141458686321680,186225026017186800,552563341771003920,1568438182455267312,3614099400835940880,8524457181249131376,15332500480534755264,18446744073709551615,12975236915480337153,4795611492407455743,1611886117489773057,731499588401765823,361234489444355745,268405918824104415,196944792516298785,169658910938402655,168779278729818273,82427089612238943,53283595548004257,20054455049299551,6685052046318369,3134557278711135,2300444557735905,2425406978173599,1578441311884641,526147103961551,4625535833569,755298850931,2440141,221843,1525,397,1,0"
2346,terminating,"2346,2838,3498,4278,4938,4950,9558,12222,18354,27726,27738,35910,79290,127098,161190,274410,439290,732870,1288890,2062458,2442042,3122118,4653882,5688198,6952362,6979638,6979650,12066750,21808962,32194494,38283186,38283198,38986962,53201838,56823378,56823390,106371810,176090526,210271554,245852478,296880570,588245958,686790090,1460543670,2434240170,3894784506,5058746694,6651000186,7109690214,8402361306,8599759014,13574152986,13576658118,13739254842,13747044390,21186622650,31385039334,37091410266,38631296742,38672438298,45430745958,63168244074,84403867158,118278180522,138005248698,176800005702,233567011098,275957820198,321950790270,538024264578,696319451262,889926176898,1267596268542,1558283984418,2003507980062,2114063980770,3779570159646,3779570159658,4463730768438,5455670939322,5465134389318,6127338859194,7981157160006,7981157160018,12288448326702,12968797428690,19079318457390,26721722382450,40780070898894,47576749382082,61324420395582,82064399351778,102217803728670,210402084460770,350078482302750,600413780879010,1183672882306206,1481213669688162,1810376571403998,2522148556744002,2522175514668798,2553947583142914,3770113098925566,4398579296324418,4486388421918462,4486390295148690,6280946413208238,6486888469835634,8340285175503054,8340285175503066,10416775929078096,20469098878489008,44380569091119696,82852878405887064,141540466229630136,243496346063622984,434024906211180216,776055922658963784,1512954162806681016,2936911021918862184,6386616031791816216,13331930705248823784,18446744073709551615,12975236915480337153,4795611492407455743,1611886117489773057,731499588401765823,361234489444355745,268405918824104415,196944792516298785,169658910938402655,168779278729818273,82427089612238943,53283595548004257,20054455049299551,6685052046318369,3134557278711135,2300444557735905,2425406978173599,1578441311884641,526147103961551,4625535833569,755298850931,2440141,221843,1525,397,1,0"
2347,terminating,"2347,1,0"
2348,terminating,"2348,1768,2012,1516,1144,1376,1396,1054,674,340,416,466,236,184,176,196,203,37,1,0"
2349,terminating,"2349,1281,703,57,23,1,0"
2350,terminating,"2350,2114,1534,986,634,320,442,314,160,218,112,136,134,70,74,40,50,43,1,0"
2351,terminating,"2351,1,0"
2352,terminating,"2352,4716,7296,13104,32032,52640,92512,122948,123004,135044,166600,310490,258670,206954,147286,73646,41698,20852,18544,19896,29904,59376,94136,112624,105616,144368,175552,201384,344226,352158,352170,800982,1403178,1804182,1818138,2401638,2654682,2654694,4146474,4146486,4507338,5648694,5648706,8488638,10866522,11091750,17841882,19393638,23241906,27115596,43102188,68798692,51599026,25799516,19587364,14722380,30486420,61989600,148746912,241713984,397821440,556023760,812779256,712420744,814195256,956557384,847010216,950724184,936743216,882541384,794892836,599077084,450226724,354434140,428483492,332554828,249416128,292731632,305511328,303582752,386179552,443229560,554037040,736491968,724984408,661942952,692031448,605527532,504885268,379241612,284431216,343385744,374219368,395604632,346154068,351606716,299899972,225565388,169174048,170481632,165154144,160325024,156650656,153116564,128182636,96136984,84119876,71749432,63099368,55211962,34911878,17482162,9881294,5576194,3431546,1724134,862070,934186,594518,351658,175832,164968,162812,157060,172808,151222,75614,66082,43358,35362,17684,13270,10634,6586,3674,2374,1190,1402,704,820,944,916,694,350,394,200,265,59,1,0"
2353,terminating,"2353,195,141,51,21,11,1,0"
2354,terminating,"2354,1534,986,634,320,442,314,160,218,112,136,134,70,74,40,50,43,1,0"
2360,terminating,"2360,3040,4520,5740,8372,10444,10500,24444,46900,71148,141120,423522,682398,834162,1072590,1501698,1837374,2904258,3734142,4059138,4059150,6007914,8949366,11104206,11104218,13606650,23890950,46597842,63318558,63963762,63963774,95281026,95585118,108646338,111623838,114260322,135427038,142698018,158976222,162125490,237494670,425555778,456415422,510111570,731404590,1281245394,1729235310,2798218002,2798218014,2798218026,3265685274,3266245446,3266245458,5110516782,7627949010,14747394222,21875906898,26737219662,26737219674,36459845478,53821676970,86114683386,105264510534,123528081546,159859870938,191381538438,223298592570,357492381102,438008684634,543873609486,679821376698,804368809638,983226454362,1219929119664,1951846540368,3175885903632,5662092887856,10410645786864,16880816971536,35072660650224,55531712696312,55849520407048,48950205160952,42831429515848,45294036804152,39632282203648,40991490200912,39027082032688,39284377855952,37898752250416,35530080234796,39309314818004,49597748314156,49609739046644,52396271812108,52396970156692,52397147155948,52397147156004,105630800504796,207349349141284,225896815845596,225900229873444,227531278480156,254249005608164,292400592169756,317854160639204,384514112511004,403608219542500,605105002651100,895555403925364,1101360323361116,1313382921133444,1371964879341896,1626660770958904,1423328174589056,1465709113763644,1112571943868580,2273857601091420,4104159966109860,7992327674937180,14391347344422180,32624918700508380,63334012634813220,114632308989606108,155789652132614436,216996541520735964,328277027740933284,501156645900364812,668225833467632628,941938054809315852,1256583625103396148,1954979374495725516,2606639165994300716,1973219227673329588,1564137781585268756,1196088828089793772,897066621067345336,785199812197213304,718527456515903176,628711576056141524,500268533493971884,454800153928926164,375704601395977516,338829740282065748,254459524684473652,190847329645860428,151131514089308212,127446307871118028,113608327771630676,92211054176345260,118392532468059092,88812556123696204,70810314129003524,56476936085338876,43566763679974148,34113597975829192,29849398228850558,14924700514956994,7462350257478500,9261157390495900,10841985155095940,11926183670605576,10444898023814564,8463969088263736,7406030923858064,7980524011098736,7784680184790032,7298156543164444,6053055166947916,4539795148132572,6053060197510124,4778270872933396,3643899869294924,2732967719748580,3007552181435348,2484606322076332,1873898265526484,1642372535351596,1231779401513704,1183348842966296,1047688685557144,955174095520616,900736071679384,877035065704616,1195021729226584,1414086564519656,1237325743954714,618664368246854,309332184123430,325572465991130,324274054902310,259857896002010,207886316801626,104091679902374,63990014801626,34087878638918,22148752571002,11074376285504,14553280256896,15993348753104,15071817650260,24231993357740,37228598848084,37646118765612,75299499171540,187375208571180,462192181146612,943336687229790,1777961224750242,2301061920414558,3253129558901922,4182595147159710,5855655232816770,8300021014587390,13662124243959810,19137664876940862,25430913165320130,40298216246585214,40298216246585226,47014585621016136,71600194615499064,122357255974810056,214016690065977144,387856914830472456,690223666459415544,1284844978874424456,2288352923818410744,4183413034200871176,7423007967494284824,12680971944469403436,18446744073709551615,12975236915480337153,4795611492407455743,1611886117489773057,731499588401765823,361234489444355745,268405918824104415,196944792516298785,169658910938402655,168779278729818273,82427089612238943,53283595548004257,20054455049299551,6685052046318369,3134557278711135,2300444557735905,2425406978173599,1578441311884641,526147103961551,4625535833569,755298850931,2440141,221843,1525,397,1,0"
2361,terminating,"2361,791,121,12,16,15,9,4,3,1,0"
2362,non-terminating,"2362,1184,1210,1184"
2363,terminating,"2363,157,1,0"
2364,terminating,"2364,3180,5892,7884,12836,9634,4820,5344,5240,6640,8984,7876,7244,5440,8276,6214,3866,1936,2187,1093,1,0"
2365,terminating,"2365,803,85,23,1,0"
2366,terminating,"2366,2026,1016,904,806,538,272,286,218,112,136,134,70,74,40,50,43,1,0"
2367,terminating,"2367,1065,663,345,231,153,81,40,50,43,1,0"
2368,terminating,"2368,2458,1232,1744,1666,1412,1066,698,352,404,310,266,214,110,106,56,64,63,41,1,0"
2369,terminating,"2369,127,1,0"
2716,terminating,"2716,2772,5964,10164,19628,19684,22876,26404,30044,33796,38780,54628,54684,111300,263676,465668,465724,465780,1026060,2325540,5335260,11738916,23117724,45956820,121129260,266485716,558454764,1092873236,1470806764,1471882804,1642613196,2737688884,2740114636,2791337780,4946860492,4946860548,9344070652,9344070708,15573451404,27078171764,27284104204,27410152084,27410152140,76787720100,220578719452,254903331620,361672366300,603062136740,921203207260,1381419996068,1395444575644,1395478688996,1395546402460,2069258468900,3065057872156,3277068463844,3429776547484,3597527970596,4028517592540,5641400009252,5641400009308,5641400009364,9709348326636,16331909651988,31948891146732,54770416120644,100509779504316,208751080955844,388416032284476,749365894850244,1414070378301756,2556878765995204,2556878765995260,6726041614128900,15626498692840700,23762659088671300,35168735451235260,78257359358590020,186897487211247036,340813223900632644,592585414385033916,1326583294186844484,2594892903616159356,4946738730471899844,8244565422068579772,13740942370114299844,13780400058385352252,13780400058385352308,14272557426581383244,14272557426581383300,18446744073709551615,12975236915480337153,4795611492407455743,1611886117489773057,731499588401765823,361234489444355745,268405918824104415,196944792516298785,169658910938402655,168779278729818273,82427089612238943,53283595548004257,20054455049299551,6685052046318369,3134557278711135,2300444557735905,2425406978173599,1578441311884641,526147103961551,4625535833569,755298850931,2440141,221843,1525,397,1,0"
2717,terminating,"2717,643,1,0"
2718,terminating,"2718,3210,4566,4578,5982,5994,7800,18240,42720,93360,196800,464616,845784,1583136,3134304,5779692,8927364,11903180,13093540,14562452,10952044,8477100,18096720,38003856,69989232,111494688,181179120,382534800,850005360,2077798320,5436939456,13611841344,27151952160,58376698656,103064581344,183468805152,326466554880,719573109504,1200224007216,2575114581344,2541802824256,2732755713728,2690113709752,3074415668408,3538667495752,3125307868148,2367864259792,2269283363408,2127662291812,1634689178492,1226328809644,951927514964,806237780230,696106321658,500730919174,250872618914,130661857792,130447937924,106894566076,80229096132,121699471548,178969811604,247679526252,330239368364,247679526280,328899177320,516841565080,656343059720,820638723280,1150879813556,1138326313036,1219667926964,914750945230,754991626514,401719736686,200864100794,153724816966,110178630842,96135611206,48071354738,37586253262,19029024338,9515509150,10728373730,8648612374,4503610346,2251805176,2218690664,2019846556,2363905124,2516416924,2822447684,2833698364,2835423556,3018355900,4627961996,4793246752,5991558944,7856377312,9827394080,16882751200,30220140272,38327993200,74112389520,187470868080,394593127440,862560933360,2193369236496,4117823071344,7409571177312,13661396858988,21789269737812,33289162099526,16646505875818,14520387041174,10371705029434,7408714647302,4292472445738,2267721292250,2114394086950,1818378914870,1922286281578,1258935675734,801140884594,404892788366,275667459442,137861310314,131722241686,111639742130,118729538638,65505952442,46789966054,28793825306,14869486438,7874298938,5014758886,2508105098,1478982526,1056416114,659643406,401553794,204477214,105105434,75732454,54094634,39908566,19954286,12767122,6399134,4704994,3875102,3372130,2697722,1360678,888026,487078,243542,210058,107894,56386,36980,42526,27098,15994,10214,5110,5546,3094,2954,2134,1394,874,566,286,218,112,136,134,70,74,40,50,43,1,0"
2719,terminating,"2719,1,0"
2720,terminating,"2720,4084,3070,2474,1240,1640,2140,2396,1804,1724,1300,1738,1142,574,434,334,170,154,134,70,74,40,50,43,1,0"
2721,terminating,"2721,911,1,0"
2722,terminating,"2722,1364,1324,1000,1340,1516,1144,1376,1396,1054,674,340,416,466,236,184,176,196,203,37,1,0"
2723,terminating,"2723,397,1,0"
2922,terminating,"2922,2934,3462,3474,4092,6660,14088,21192,31848,47832,71808,148512,359520,946848,1895712,4539360,12180336,23781648,44267568,76111632,139130668,104348008,92030552,80526748,62286692,55099864,51042536,47249404,35492780,39042100,45679474,22839740,36962884,38008124,53126668,54930932,54930988,60686612,62153644,62153700,155582364,259304164,266871836,327310564,327768476,327768532,396478124,397718356,398447980,557827508,557827564,583593332,645414448,787922384,739137616,953968304,894345316,774937460,1009670092,763542524,617043844,462782890,370226330,300597094,254298266,127318438,78349850,67380964,67381020,170849700,455276892,785095332,1353047388,2730005796,4680011532,8989919988,15034639116,25057732084,30907073036,33007287796,34078491020,50530186420,70844827340,99182758612,106237222700,165551444212,195690975116,228113158756,254901208604,263632807396,274851227420,507715459300,751418881500,1749303191076,3480682068444,6604825822756,7467599613404,7483271439364,7483271439420,19285028182980,48485555197884,91621492377156,191982873147324,371492151175236,719488350665532,1652151220493508,3368985514491324,6306049809179204,6306049809179260,8828469732851300,13066135204621660,18405797678228324,21945449165668756,26323036089475244,27487354482052276,27492212193118540,38489217056547572,39864013609492492,41491116205801108,49034955515947436,58804502365944916,71372078274996884,93526580908250476,101659327074186644,111202674691272556,112182433939666580,158408361492762220,225535865174877908,232980109946018092,241300936709076188,260041794337473316,282654124279863644,341008402262784676,364526223108495644,368599141802455396,368822249063390108,370877736802670692,377810030948521052,398232194783578372,398239194643966844,408534386130917956,486602641614267836,486602641614267892,486602641614267948,934231026364583892,1557425833260726828,2595709978031227092,4326183296718712044,9780311870838919956,18446744073709551615,12975236915480337153,4795611492407455743,1611886117489773057,731499588401765823,361234489444355745,268405918824104415,196944792516298785,169658910938402655,168779278729818273,82427089612238943,53283595548004257,20054455049299551,6685052046318369,3134557278711135,2300444557735905,2425406978173599,1578441311884641,526147103961551,4625535833569,755298850931,2440141,221843,1525,397,1,0"
2923,terminating,"2923,117,65,19,1,0"
2924,amicable,"2924,2620"
2925,terminating,"2925,2717,643,1,0"
2926,terminating,"2926,2834,1786,1094,550,566,286,218,112,136,134,70,74,40,50,43,1,0"
2927,terminating,"2927,1,0"
2928,terminating,"2928,4760,8200,11330,11134,6506,3256,3584,4600,6560,9316,8072,7078,3542,3370,2714,1606,1058,601,1,0"
2929,terminating,"2929,131,1,0"
2930,non-terminating,"2930,2362,1184,1210,1184"
2214,terminating,"2214,2826,3336,5064,7656,13944,26376,49464,88536,187944,295896,443904,812340,1652304,2767056,4803888,7914048,13495104,30725280,79741440,196505388,300216656,285162916,237325596,325831908,434442572,325831936,347001764,260735800,434766560,592369816,518323604,399201004,340495100,465552268,349164208,327341476,386858780,660449188,660449244,1275089956,1326589544,1591234456,1869454184,1907347936,2136597368,1927982632,1687830008,1476851272,1549164728,1355519152,1472824128,2428160704,2390220820,3015356084,2946399436,2219933204,1697726164,1273591500,2435111316,4505089644,8249900436,13250766444,17667688620,31801839684,50902645116,68311735764,100424225196,163782878804,157632369196,132743047884,179219034996,253378636524,469364621076,808466882964,1223065284876,1899182242068,2532933314892,4033930835108,3476984189596,2608558569252,3985297814226,4023073151502,4113479290818,4113479290830,8150663431218,12314223635406,19021855888434,24456828403662,24456828403674,33400095866406,41025955455450,87522179850270,160752206062530,257204778352830,582855787227042,886186681902414,1034002020631818,1454075262184182,1742529178082874,1742581706624934,2255275930841178,3011054068857126,3215358222394074,3423082058789670,5706879792828570,9610585471811430,16130542135671450,28318062860404710,40045378598887962,40536410262347238,40536444317790858,40550300562714198,43430502547685802,43430505981393750,69885402054320298,77241760165301622,92294863126228362,93496666024371318,93497001710637642,108230228021541558,110228150683152042,123245911376118102,166581668788799658,174707641076515734,209360680894795866,210327704825031078,210330301289003418,213153526809662982,224177998753304058,247775682832599462,254755279532110170,421642919684306598,421646091330059418,421646091330059430,616136355045125850,1060482535478260134,1060777613821292346,1385297851436906694,1790493068686394682,2133709360930628118,2941727912299551114,3432163722064897626,4086820243432760742,4992964806777394266,5877193519621131174,6890645886501113946,9398026399476218022,11666515530384271818,13610934872556650550,18446744073709551615,12975236915480337153,4795611492407455743,1611886117489773057,731499588401765823,361234489444355745,268405918824104415,196944792516298785,169658910938402655,168779278729818273,82427089612238943,53283595548004257,20054455049299551,6685052046318369,3134557278711135,2300444557735905,2425406978173599,1578441311884641,526147103961551,4625535833569,755298850931,2440141,221843,1525,397,1,0"
2215,terminating,"2215,449,1,0"
2216,terminating,"2216,1954,980,1414,1034,694,350,394,200,265,59,1,0"
2217,terminating,"2217,743,1,0"
2218,terminating,"2218,1112,988,972,1576,1394,874,566,286,218,112,136,134,70,74,40,50,43,1,0"
2219,terminating,"2219,325,109,1,0"
2220,terminating,"2220,4164,5580,11892,15884,16120,24200,37645,7535,2401,400,561,303,105,87,33,15,9,4,3,1,0"
2221,terminating,"2221,1,0"
2222,terminating,"2222,1450,1340,1516,1144,1376,1396,1054,674,340,416,466,236,184,176,196,203,37,1,0"
2223,terminating,"2223,1417,123,45,33,15,9,4,3,1,0"
2224,terminating,"2224,2116,1755,1605,987,549,257,1,0"
2225,aspiring,"2225,565,119,25,6"
2724,terminating,"2724,3660,6756,9036,13896,23934,23946,27798,29658,29670,46362,46374,48666,48678,70362,86118,92058,95622,95634,180846,246834,381006,460458,562902,612138,612150,1316298,1350582,1509690,3086790,5380410,9377862,10943418,10943430,17188410,24257670,33960810,58388118,58565418,60170838,88970154,134757462,189472938,191888502,224449770,331833750,506247978,506508342,562778058,565133622,565133634,796862898,1062484410,1698730854,1819934946,2224365054,2224365066,3830671350,7551551034,8827348698,13041916902,19252353834,32643218646,39960429354,49580533080,128400918120,304645135320,711022807080,1659053220120,4078018845000,10533873852600,30016180777800,77847244092600,163672430657400,480817022949000,1199905593109200,3393419069805840,8404630008510960,23853140405126640,63141458686321680,186225026017186800,552563341771003920,1568438182455267312,3614099400835940880,8524457181249131376,15332500480534755264,18446744073709551615,12975236915480337153,4795611492407455743,1611886117489773057,731499588401765823,361234489444355745,268405918824104415,196944792516298785,169658910938402655,168779278729818273,82427089612238943,53283595548004257,20054455049299551,6685052046318369,3134557278711135,2300444557735905,2425406978173599,1578441311884641,526147103961551,4625535833569,755298850931,2440141,221843,1525,397,1,0"
2725,aspiring,"2725,685,143,25,6"
2726,terminating,"2726,1594,800,1153,1,0"
2727,terminating,"2727,1353,663,345,231,153,81,40,50,43,1,0"
2728,terminating,"2728,3032,2668,2372,1786,1094,550,566,286,218,112,136,134,70,74,40,50,43,1,0"
2729,terminating,"2729,1,0"
2730,terminating,"2730,5334,6954,7926,7938,12753,7267,785,163,1,0"
2731,terminating,"2731,1,0"
2732,terminating,"2732,2056,1814,910,1106,814,554,280,440,640,890,730,602,454,230,202,104,106,56,64,63,41,1,0"
2733,terminating,"2733,915,573,195,141,51,21,11,1,0"
2734,terminating,"2734,1370,1114,560,928,962,634,320,442,314,160,218,112,136,134,70,74,40,50,43,1,0"
2735,terminating,"2735,553,87,33,15,9,4,3,1,0"
2736,terminating,"2736,5324,4924,3700,4546,2276,1714,860,988,972,1576,1394,874,566,286,218,112,136,134,70,74,40,50,43,1,0"
2737,terminating,"2737,719,1,0"
2738,terminating,"2738,1483,1,0"
2370,terminating,"2370,3390,4818,5838,7602,9870,17778,17790,24978,27438,30882,30894,34386,40782,52530,82254,82266,82278,121770,241110,450090,750870,1295226,1572678,1919538,2760984,4964136,8773464,16294056,26949144,44734056,72988344,181027656,321827544,605739096,1034804484,2238816636,4252939908,7290755724,12676727924,12676727980,17832287060,24990818860,34987146740,57135989260,79990385300,119649586924,124794509588,124805244844,124935833204,162705788812,164126812948,164378807404,183717491636,190312143532,205203187028,205224335596,205253358100,305960047148,306235687156,306235687212,697570315988,826050278956,826050279012,1420258206108,2424219279972,4420635161628,7367725269604,8114683604636,8390187016036,9444824970140,16861410677860,23605974949340,33553353522724,35197996504412,35198204947108,36957068348508,84849006934692,214951923416412,472309093543588,544197351525212,705658837558948,898102224841052,1078649061108388,1274767072219676,1336957876077796,1337585703447644,1490159075109796,1720187201522524,1721293787223556,2000630746699004,2059038893341444,2059038893341500,4842740976195780,12376098146115900,33452640218013380,53164796729714236,53164796729714292,88607994549524044,91037016491635956,151728360819393484,168238177711473716,198826978159159756,203618076881829428,234949136523951052,262590257088172916,262914642828953164,269152494516040436,278865355777423660,403033039571208788,423985430144663212,423985494155819092,424153375959370988,439301881643084404,446867471841084812,458181326195512948,475691440573119372,897499076008871028,1828831521604471692,3901656477550216308,7512026260230483852,13212188065033142388,18446744073709551615,12975236915480337153,4795611492407455743,1611886117489773057,731499588401765823,361234489444355745,268405918824104415,196944792516298785,169658910938402655,168779278729818273,82427089612238943,53283595548004257,20054455049299551,6685052046318369,3134557278711135,2300444557735905,2425406978173599,1578441311884641,526147103961551,4625535833569,755298850931,2440141,221843,1525,397,1,0"
2371,terminating,"2371,1,0"
2372,terminating,"2372,1786,1094,550,566,286,218,112,136,134,70,74,40,50,43,1,0"
2373,terminating,"2373,1275,957,483,285,195,141,51,21,11,1,0"
2374,terminating,"2374,1190,1402,704,820,944,916,694,350,394,200,265,59,1,0"
2375,terminating,"2375,745,155,37,1,0"
2376,terminating,"2376,4824,8436,12844,12776,11194,6266,3898,1952,1954,980,1414,1034,694,350,394,200,265,59,1,0"
2377,terminating,"2377,1,0"
2378,terminating,"2378,1402,704,820,944,916,694,350,394,200,265,59,1,0"
2379,terminating,"2379,1093,1,0"
2380,terminating,"2380,3668,3724,4256,5824,8400,22352,25264,23716,29351,4849,387,185,43,1,0"
2381,terminating,"2381,1,0"
2382,terminating,"2382,2394,3846,3858,3870,6426,10854,13830,19434,20886,21606,25098,26742,26754,40446,63234,77406,110754,171486,253458,295740,647748,1077612,1467588,1956812,2109796,1889486,953914,668966,353578,176792,254128,308832,502104,753216,1240176,2422288,2697920,3727264,3655076,2760844,2100740,2310856,2455544,3212776,3751064,3282196,2723020,3035684,2299240,2988440,5297320,8325080,11222920,15359480,19199440,28875608,25266172,19406148,26552604,40541052,54202884,72270540,147793668,228408732,348957876,508132204,404465636,303708376,290504024,312058216,294959384,290622016,286081174,151737434,75868720,108199856,101437396,76247552,76099654,42387146,21679318,12752594,7278382,3660794,1855066,927536,932464,1013592,1546008,2425752,5084088,8436192,13709064,20563656,33082104,57142536,99483384,245978376,487384824,745600776,1118401224,1677601896,2538372504,4119772776,8030724504,14097017496,21148436904,40381357656,60572036544,100039354704,179931895322,94685963278,51399021218,28358080762,18046051430,17396081338,8698040672,8426226964,6319670230,5422685354,3217383766,1739126474,996366646,636221402,318217798,195756362,101900794,54202694,49799866,24930374,17971642,11130830,8904682,4913018,3126502,1574810,1473382,736694,541162,312470,249994,127286,69898,34952,34708,26038,13994,7000,11720,14740,19532,16588,18692,14026,7016,6154,3674,2374,1190,1402,704,820,944,916,694,350,394,200,265,59,1,0"
2383,terminating,"2383,1,0"
2384,terminating,"2384,2266,1478,742,554,280,440,640,890,730,602,454,230,202,104,106,56,64,63,41,1,0"
2385,terminating,"2385,1827,1293,435,285,195,141,51,21,11,1,0"
2386,terminating,"2386,1196,1156,993,335,73,1,0"
2226,terminating,"2226,2958,3522,3534,4146,4158,7362,8628,11532,16272,29670,46362,46374,48666,48678,70362,86118,92058,95622,95634,180846,246834,381006,460458,562902,612138,612150,1316298,1350582,1509690,3086790,5380410,9377862,10943418,10943430,17188410,24257670,33960810,58388118,58565418,60170838,88970154,134757462,189472938,191888502,224449770,331833750,506247978,506508342,562778058,565133622,565133634,796862898,1062484410,1698730854,1819934946,2224365054,2224365066,3830671350,7551551034,8827348698,13041916902,19252353834,32643218646,39960429354,49580533080,128400918120,304645135320,711022807080,1659053220120,4078018845000,10533873852600,30016180777800,77847244092600,163672430657400,480817022949000,1199905593109200,3393419069805840,8404630008510960,23853140405126640,63141458686321680,186225026017186800,552563341771003920,1568438182455267312,3614099400835940880,8524457181249131376,15332500480534755264,18446744073709551615,12975236915480337153,4795611492407455743,1611886117489773057,731499588401765823,361234489444355745,268405918824104415,196944792516298785,169658910938402655,168779278729818273,82427089612238943,53283595548004257,20054455049299551,6685052046318369,3134557278711135,2300444557735905,2425406978173599,1578441311884641,526147103961551,4625535833569,755298850931,2440141,221843,1525,397,1,0"
